date,BEATO_ICA,BEATO_NO2,BEATO_PM10,BEATO_PM25,FUEROS_ICA,FUEROS_NO2,FUEROS_PM10,FUEROS_PM25,HUETOS_ICA,HUETOS_NO2,HUETOS_PM10,HUETOS_PM25,LANDAZURI_ICA,LANDAZURI_NO2,LANDAZURI_PM10,LANDAZURI_PM25,PAUL_ICA,PAUL_NO2,PAUL_PM10,PAUL_PM25,ZUMABIDE_ICA,ZUMABIDE_NO2,ZUMABIDE_PM10,ZUMABIDE_PM25
2024-07-30,16.95,3.6845,12.1235,6.5595,25.55,9.769,18.2655,9.5305,,,,,37.45,2.1038888888888887,29.194499999999998,14.2,33.75,,26.573500000000003,11.828,,,,
2024-07-31,20.0,6.356,14.451666666666668,7.272083333333334,26.083333333333332,10.361041666666667,18.0725,10.276666666666667,,,,,38.958333333333336,,29.959166666666665,15.259166666666667,34.25,,26.839583333333334,12.8675,,,,
2024-08-01,22.25,2.591875,14.624166666666667,8.572083333333333,28.416666666666668,4.078541666666667,15.467500000000001,11.174583333333333,,,,,44.5,,26.032916666666665,17.5975,38.416666666666664,,23.286666666666665,15.159166666666666,,,,
2024-08-02,15.625,,7.682916666666666,5.996666666666666,21.458333333333332,2.3311111111111114,10.407083333333334,8.4275,,,,,31.416666666666668,0.875,17.240416666666665,12.358333333333334,28.833333333333332,0.369,16.8775,11.363750000000001,,,,
2024-08-03,10.958333333333334,,5.5566666666666675,4.1345833333333335,15.041666666666666,,7.352916666666666,5.815,,,,,21.083333333333332,,12.1875,8.178749999999999,20.458333333333332,,12.539166666666667,7.970416666666666,,,,
2024-08-04,9.0,,4.326666666666667,3.37875,13.291666666666666,4.465789473684211,6.14,4.810833333333334,,,,,17.75,,9.880416666666667,6.888750000000001,16.791666666666668,,9.894583333333333,6.557083333333334,,,,
2024-08-05,10.583333333333334,,5.062083333333333,3.985416666666667,16.958333333333332,5.746315789473685,8.82,6.544583333333333,,,,,21.791666666666668,,12.125,8.500833333333334,26.666666666666668,,19.829166666666666,8.565,,,,
2024-08-06,13.291666666666666,,6.254166666666666,5.16,20.5,2.9741666666666666,9.997916666666667,8.009583333333333,,,,,29.166666666666668,,15.621250000000002,11.445,27.958333333333332,,18.4975,10.28625,,,,
2024-08-07,9.916666666666666,,4.465833333333333,3.7633333333333336,15.958333333333334,3.4904166666666665,7.623333333333334,6.134166666666666,,,,,21.458333333333332,,11.058333333333332,8.38,18.208333333333332,,9.730833333333333,7.100416666666667,,,,
2024-08-08,5.333333333333333,,2.544583333333333,1.9170833333333333,9.875,3.3622916666666662,4.995416666666666,3.4525,,,,,11.25,,6.1241666666666665,4.2804166666666665,9.416666666666666,,5.583333333333333,3.595416666666667,,,,
2024-08-09,8.875,,5.437083333333334,3.311666666666667,14.125,5.066458333333333,8.68125,5.33125,,,,,17.833333333333332,1.6385,12.891666666666666,6.928333333333334,15.916666666666666,2.5081818181818183,11.975416666666668,6.085,,,,
2024-08-10,11.625,4.789444444444445,6.16375,4.152083333333334,18.708333333333332,6.222083333333333,10.037083333333333,6.959166666666667,,,,,22.458333333333332,0.8352083333333332,14.867083333333333,8.808333333333334,20.25,1.9958333333333333,13.852916666666665,7.865833333333334,,,,
2024-08-11,14.541666666666666,6.9810526315789465,6.847916666666666,5.1433333333333335,18.25,7.500208333333333,8.983333333333333,6.675,,,,,29.041666666666668,5.594736842105263,17.277083333333334,11.416666666666666,25.625,3.9691666666666667,15.784999999999998,10.010416666666666,,,,
2024-08-12,19.375,10.354166666666666,8.4375,5.897083333333334,23.458333333333332,11.3225,11.194583333333334,7.960416666666666,,,,,33.041666666666664,3.5345,20.265,13.003333333333332,28.166666666666668,4.54875,18.33875,11.104583333333332,,,,
2024-08-13,11.708333333333334,1.93625,5.187083333333333,4.234166666666667,15.291666666666666,2.6845833333333338,7.012083333333333,5.671666666666667,,,,,22.958333333333332,0.8595,12.051250000000001,8.9525,20.541666666666668,0.6105263157894737,11.632916666666667,8.034166666666666,,,,
2024-08-14,7.375,2.677,3.4883333333333333,2.6325,9.583333333333334,2.582291666666667,4.741666666666666,3.516666666666667,,,,,13.75,1.8808333333333334,7.805416666666667,5.312083333333334,13.875,1.13875,8.104166666666666,5.358750000000001,,,,
2024-08-15,8.458333333333334,3.6149999999999998,6.06375,3.0245833333333336,11.208333333333334,2.555625,7.73125,4.274583333333333,,,,,16.166666666666668,1.9991666666666668,12.386666666666665,5.392916666666667,16.416666666666668,2.012916666666667,12.577916666666667,5.477916666666666,,,,
2024-08-16,9.583333333333334,4.224736842105263,6.921666666666667,3.563333333333333,13.583333333333334,7.492916666666667,8.822916666666666,4.912916666666667,,,,,18.5,2.646666666666667,14.345833333333333,6.150833333333334,18.958333333333332,1.7614583333333333,14.71875,6.302499999999999,,,,
2024-08-17,9.458333333333334,6.8825,3.9720833333333334,2.682916666666667,14.583333333333334,10.005625,5.4816666666666665,3.7241666666666666,,,,,13.416666666666666,3.4958333333333336,8.604166666666666,5.181666666666667,12.541666666666666,1.858125,8.454583333333334,4.8125,,,,
2024-08-18,7.041666666666667,1.82725,3.21625,2.5025,9.916666666666666,5.506666666666667,4.430833333333333,3.377083333333333,,,,,13.125,0.6375,7.292083333333333,5.073333333333333,12.375,,7.048749999999999,4.73625,,,,
2024-08-19,7.583333333333333,3.593157894736842,4.2475,2.6304166666666666,10.5,6.256666666666667,5.094166666666667,3.625,,,,,13.0,3.204166666666667,8.1725,4.935416666666667,12.833333333333334,2.196875,8.3925,4.925416666666666,,,,
2024-08-20,27.875,7.622083333333333,13.340000000000002,10.798333333333334,38.833333333333336,11.417499999999999,16.64708333333333,14.63125,,,,,55.041666666666664,5.453333333333333,27.026666666666667,21.095,48.666666666666664,4.826666666666667,23.75,18.08625,,,,
2024-08-21,27.541666666666668,4.52421052631579,13.115416666666667,10.860833333333334,39.166666666666664,7.1308333333333325,17.05875,15.0775,,,,,56.791666666666664,2.4575,26.434583333333332,20.839583333333334,51.25,2.5204166666666667,24.354166666666668,18.51125,,,,
2024-08-22,10.0,4.908333333333333,5.553333333333334,3.5825,14.791666666666666,8.721041666666666,7.51125,5.24875,,,,,17.5,3.1747916666666662,11.844583333333333,6.799166666666667,17.458333333333332,2.734583333333333,12.084583333333333,6.785833333333334,,,,
2024-08-23,15.625,5.664736842105263,8.291666666666666,5.997916666666666,21.083333333333332,8.615208333333333,10.410833333333334,8.052916666666667,,,,,31.0,3.595,18.5225,12.175833333333332,28.625,3.25125,17.062083333333334,11.239583333333334,,,,
2024-08-24,16.916666666666668,9.074166666666667,7.499583333333334,6.0125,22.041666666666668,12.344166666666666,10.314166666666667,8.265833333333333,,,,,32.5,4.655625,17.370833333333334,12.772916666666667,29.083333333333332,3.8383333333333334,16.073333333333334,11.4475,,,,
2024-08-25,8.958333333333334,2.4220833333333336,5.127083333333333,3.355,12.541666666666666,4.869166666666667,7.2425,4.832083333333333,,,,,18.333333333333332,2.8425,11.72625,6.84625,17.0,3.16,11.630833333333333,6.184166666666667,,,,
2024-08-26,8.041666666666666,3.6525,5.538333333333333,2.3325,11.208333333333334,6.478333333333333,7.770833333333333,3.7120833333333336,,,,,14.916666666666666,3.4425000000000003,11.525,4.095833333333333,14.958333333333334,3.4320833333333334,11.587916666666667,3.9020833333333336,,,,
2024-08-27,10.958333333333334,7.2084210526315795,5.8812500000000005,3.3874999999999997,16.375,10.84375,8.81375,5.0929166666666665,,,,,17.833333333333332,4.946041666666667,13.145833333333334,6.515833333333333,18.083333333333332,4.47125,13.59875,6.37,,,,
2024-08-28,14.916666666666666,9.900416666666667,6.352083333333333,4.560416666666667,19.708333333333332,13.765416666666667,9.4175,6.495416666666666,,,,,22.958333333333332,6.252291666666667,14.665416666666667,9.027916666666666,22.208333333333332,7.07,14.760833333333332,8.674166666666666,,,,
2024-08-29,13.25,6.790833333333333,6.4937499999999995,4.70375,18.75,10.812916666666666,8.552916666666667,6.220416666666666,,,,,22.541666666666668,5.184166666666667,14.175833333333332,8.778333333333334,23.125,4.348333333333334,15.215000000000002,9.090416666666666,,,,
2024-08-30,12.333333333333334,6.331875,5.005,4.055,16.416666666666668,11.001666666666667,6.453749999999999,5.158333333333333,,,,,18.208333333333332,4.974583333333333,9.853333333333333,7.076666666666667,22.458333333333332,4.372916666666667,12.854999999999999,8.755,,,,
2024-08-31,16.458333333333332,5.316388888888889,7.213333333333334,5.636666666666667,20.625,9.977291666666668,8.440833333333334,7.067083333333334,,,,,23.833333333333332,2.8095833333333338,12.780833333333334,9.326666666666666,27.916666666666668,3.1652083333333336,15.67375,10.96,,,,
2024-09-01,9.958333333333334,,4.924166666666666,3.5041666666666664,14.041666666666666,8.316666666666666,5.8116666666666665,4.426666666666667,,,,,14.875,2.7708333333333335,8.709166666666667,5.764583333333333,16.291666666666668,2.887916666666667,9.998333333333333,6.34625,,,,
2024-09-02,12.708333333333334,5.739318181818182,5.779583333333334,4.772916666666666,17.5,10.572083333333333,7.510833333333333,6.2629166666666665,,,,,23.958333333333332,4.364166666666667,12.84875,9.392083333333334,25.416666666666668,4.921666666666667,14.160416666666668,9.980416666666667,,,,
2024-09-03,12.291666666666666,6.050833333333333,5.383333333333333,4.398750000000001,16.916666666666668,9.818333333333333,7.5008333333333335,6.00375,,,,,21.5,5.635833333333333,11.551666666666668,8.386666666666667,22.208333333333332,6.242916666666666,12.409166666666666,8.67625,,,,
2024-09-04,9.541666666666666,4.90375,4.571666666666666,3.388333333333333,16.375,11.585416666666667,6.4875,4.71125,,,,,15.875,5.12125,9.36,6.170416666666667,15.583333333333334,5.3495833333333325,9.617083333333333,6.028333333333333,,,,
2024-09-05,9.333333333333334,6.245416666666666,4.1625000000000005,2.2870833333333334,13.541666666666666,10.060416666666667,6.257916666666667,3.5075,,,,,11.666666666666666,6.565416666666667,8.268749999999999,3.9779166666666668,11.708333333333334,5.7129166666666675,8.816666666666666,4.04125,,,,
2024-09-06,9.791666666666666,6.912916666666667,3.5500000000000003,1.9487500000000002,13.708333333333334,10.415833333333333,5.452500000000001,3.0345833333333334,,,,,11.291666666666666,7.95625,6.8758333333333335,3.1933333333333334,10.375,6.15375,7.3758333333333335,3.376666666666667,,,,
2024-09-07,9.333333333333334,6.043541666666667,2.357083333333333,1.6395833333333334,12.375,7.914166666666667,4.585416666666666,2.6062499999999997,,,,,9.208333333333334,4.7775,5.333333333333333,3.2312499999999997,9.625,4.139166666666667,5.712083333333333,3.3508333333333336,,,,
2024-09-08,7.541666666666667,5.135,2.7433333333333336,1.5395833333333335,12.666666666666666,9.331249999999999,4.877083333333333,2.714166666666667,,,,,9.041666666666666,6.597916666666666,5.73125,2.7908333333333335,10.041666666666666,7.657916666666666,6.1554166666666665,2.83375,,,,
2024-09-09,7.791666666666667,4.789166666666667,3.0866666666666664,1.80375,19.166666666666668,15.873750000000001,4.125,2.415,,,,,11.875,8.065416666666666,6.359166666666667,3.2229166666666664,10.5,7.31375,6.651666666666666,3.439166666666667,,,,
2024-09-10,11.375,5.041250000000001,5.62625,4.139166666666667,18.208333333333332,11.966666666666667,8.1975,5.835416666666667,,,,,20.25,7.5562499999999995,11.924583333333333,7.891666666666667,21.125,8.069583333333332,12.944583333333334,8.287916666666666,,,,
2024-09-11,10.083333333333334,3.735625,6.04,3.7108333333333334,15.833333333333334,9.602916666666667,8.567916666666667,5.376666666666666,,,,,17.166666666666668,7.137083333333333,11.602916666666667,6.639583333333333,16.833333333333332,6.77375,11.842916666666667,6.522916666666667,,,,
2024-09-12,6.291666666666667,3.5895833333333336,3.0733333333333337,1.8075,13.25,10.251666666666667,5.656666666666666,3.00125,,,,,10.25,6.632916666666667,5.732916666666667,3.060416666666667,9.291666666666666,5.4383333333333335,5.951250000000001,3.05125,,,,
2024-09-13,5.916666666666667,2.345833333333333,3.6483333333333334,1.8333333333333333,11.916666666666666,8.492083333333333,7.067916666666666,3.26375,,,,,10.416666666666666,7.2941666666666665,6.683333333333334,2.8258333333333336,10.75,6.639166666666667,7.427916666666667,3.2383333333333333,,,,
2024-09-14,7.5,4.819444444444445,4.354583333333333,2.30125,13.166666666666666,9.914166666666667,6.482916666666667,3.4445833333333336,,,,,11.291666666666666,7.21125,8.02875,3.6041666666666665,12.416666666666666,4.811458333333333,9.414583333333333,4.097083333333333,,,,
2024-09-15,6.5,3.4560000000000004,2.811666666666667,1.8949999999999998,12.0,8.66625,3.8991666666666664,2.6045833333333333,,,,,8.875,6.172916666666667,4.820416666666667,2.689583333333333,9.583333333333334,4.352916666666666,6.21125,3.375,,,,
2024-09-16,10.5,6.704791666666666,3.875,2.5520833333333335,16.541666666666668,11.988750000000001,5.17375,3.047083333333333,,,,,14.0,9.38625,6.855416666666667,3.97125,13.416666666666666,8.308333333333334,8.230416666666667,4.440416666666667,,,,
2024-09-17,9.5,6.701666666666666,4.955416666666666,3.08375,15.5,11.011249999999999,8.555833333333334,4.455416666666667,,,,,15.25,8.485833333333334,10.08875,5.8175,16.125,8.930416666666668,11.610416666666666,6.21125,,,,
2024-09-18,11.375,4.936041666666667,5.564583333333334,3.924583333333333,17.291666666666668,12.16375,8.725833333333332,5.655833333333334,,,,,20.5,7.084583333333334,12.582083333333335,7.953333333333333,20.208333333333332,6.010833333333333,12.880833333333333,7.8812500000000005,,,,
2024-09-19,15.875,7.629166666666666,6.9054166666666665,5.17375,20.958333333333332,13.3975,9.994166666666667,6.867916666666667,,,,,26.958333333333332,7.502916666666667,16.070416666666667,10.569166666666666,26.916666666666668,5.48875,16.18375,10.58875,,,,
2024-09-20,14.5,9.234791666666666,6.679583333333333,3.7770833333333336,19.375,14.200833333333334,7.31375,4.690416666666667,,,,,18.666666666666668,9.181666666666667,10.560833333333333,6.67875,19.208333333333332,7.924166666666667,13.43,7.181666666666666,,,,
2024-09-21,11.208333333333334,6.834583333333334,6.078333333333333,3.5862499999999997,15.875,11.280000000000001,5.9816666666666665,4.589166666666666,,,,,17.041666666666668,5.094166666666667,8.93,6.571666666666666,16.875,4.605416666666667,11.311250000000001,6.545416666666667,,,,
2024-09-22,9.708333333333334,6.489166666666667,3.2975,2.55625,13.583333333333334,9.996875000000001,4.166666666666667,3.56125,,,,,12.916666666666666,6.07125,6.566666666666666,4.85375,13.541666666666666,6.047916666666667,7.345,5.182083333333334,,,,
2024-09-23,20.208333333333332,8.235416666666667,8.935833333333333,7.7825,26.458333333333332,11.008333333333333,11.545,10.2825,,,,,36.583333333333336,8.702916666666667,18.582916666666666,14.419166666666667,36.291666666666664,7.8,19.08458333333333,14.354999999999999,,,,
2024-09-24,20.0,8.699791666666666,9.225833333333332,7.62375,27.375,11.607291666666667,13.18125,10.64625,,,,,37.625,9.184166666666668,20.485833333333336,14.810416666666667,37.125,7.314166666666666,20.639583333333334,14.63,,,,
2024-09-25,10.0,4.780208333333333,4.61,3.7075,14.25,8.23625,6.829583333333333,5.13875,,,,,19.041666666666668,6.371739130434783,10.294583333333334,7.426666666666667,18.208333333333332,4.179583333333333,10.309166666666666,7.085,,,,
2024-09-26,7.25,5.278499999999999,2.15125,0.9166666666666666,10.291666666666666,7.340416666666666,4.129166666666666,1.5066666666666666,,,,,7.708333333333333,,4.7225,1.8733333333333333,7.125,,4.836666666666667,1.8045833333333334,,,,
2024-09-27,8.916666666666666,5.0183333333333335,4.9125000000000005,2.6279166666666667,12.208333333333334,7.0825,6.885000000000001,3.813333333333333,,,,,11.791666666666666,6.469166666666666,8.869583333333333,4.308333333333334,14.0,5.702083333333333,10.753749999999998,4.64625,,,,
2024-09-28,10.5,7.3325,4.930833333333333,2.1591666666666667,13.75,10.03625,6.983750000000001,3.7604166666666665,,,,,12.0,7.6258333333333335,8.854166666666666,3.247916666666667,13.208333333333334,6.87,10.12625,3.64125,,,,
2024-09-29,9.75,6.132777777777778,5.757083333333333,2.888333333333333,13.416666666666666,9.7,7.674166666666667,4.253333333333333,,,,,13.958333333333334,6.177083333333333,10.497916666666667,4.4887500000000005,17.083333333333332,2.5654166666666667,13.093333333333334,5.750416666666666,,,,
2024-09-30,16.458333333333332,12.67875,4.1154166666666665,2.4933333333333336,22.958333333333332,19.028541666666666,5.405833333333334,3.265833333333333,,,,,14.75,9.987083333333333,7.861249999999999,3.79875,14.125,7.560833333333334,9.360416666666667,5.066666666666667,,,,
2024-10-01,12.208333333333334,9.922105263157894,4.836666666666667,2.9475,17.791666666666668,15.223499999999998,7.5304166666666665,4.1475,,,,,13.375,5.987500000000001,9.745833333333334,5.0424999999999995,14.916666666666666,3.711,10.971666666666666,5.747916666666666,,,,
2024-10-02,10.583333333333334,5.042916666666667,4.60625,3.4470833333333335,16.166666666666668,10.12875,7.511666666666667,4.8533333333333335,,,,,16.0,7.5008333333333335,8.998333333333333,6.013750000000001,17.916666666666668,4.65625,10.415416666666667,6.927083333333333,,,,
2024-10-03,6.375,2.936458333333333,2.5908333333333333,1.8145833333333332,9.375,4.962083333333333,3.6529166666666666,2.60125,,,,,9.916666666666666,7.301666666666667,4.68375,2.845833333333333,10.375,7.00375,6.2075,3.529583333333333,,,,
2024-10-04,10.875,4.238958333333334,5.566666666666666,3.8670833333333334,14.958333333333334,8.453333333333333,8.237083333333333,5.2683333333333335,,,,,17.416666666666668,8.6575,10.4625,6.5441666666666665,20.916666666666668,5.493333333333333,15.235416666666666,8.018749999999999,,,,
2024-10-05,11.708333333333334,4.995208333333333,5.627083333333334,4.350416666666667,15.791666666666666,7.145,8.090833333333334,5.815416666666667,,,,,19.208333333333332,6.69,10.942083333333334,7.485833333333333,22.208333333333332,2.957708333333333,13.897083333333333,8.678333333333333,,,,
2024-10-06,13.458333333333334,,8.251666666666667,5.175,18.541666666666668,3.0160416666666667,10.5375,7.198333333333333,,,,,21.916666666666668,,15.53625,8.57,22.375,,16.63083333333333,8.13125,,,,
2024-10-07,12.5,4.245833333333334,7.969166666666666,4.682083333333334,17.875,4.980208333333334,10.176666666666668,6.68875,,,,,19.125,4.147954545454545,14.620833333333332,7.4075,20.708333333333332,2.1513636363636364,16.174166666666668,7.217083333333334,,,,
2024-10-08,7.458333333333333,4.868333333333333,3.4599999999999995,1.8633333333333333,8.291666666666666,3.0858333333333334,5.1137500000000005,2.6916666666666664,,,,,9.291666666666666,5.599166666666666,6.312083333333334,2.9004166666666666,9.375,4.78875,7.121666666666667,3.077083333333333,,,,
2024-10-09,7.833333333333333,4.67125,3.1808333333333336,1.3641666666666667,9.166666666666666,4.413541666666666,4.839583333333334,2.0025,,,,,8.916666666666666,4.358333333333333,5.53625,2.1908333333333334,9.583333333333334,4.9054166666666665,6.28625,2.1966666666666668,,,,
2024-10-10,11.125,8.168541666666668,3.5570833333333334,1.3366666666666667,11.625,7.632083333333334,5.3025,2.0283333333333333,,,,,11.708333333333334,8.789166666666667,6.368333333333333,2.182916666666667,10.458333333333334,6.6620833333333325,7.3308333333333335,2.33,,,,
2024-10-11,12.25,6.276666666666666,7.057916666666666,4.0529166666666665,14.166666666666666,7.506666666666667,9.401666666666666,5.079583333333333,,,,,18.5,7.920416666666667,13.50125,6.804166666666667,19.458333333333332,4.213333333333334,14.941666666666668,7.13375,,,,
2024-10-12,10.041666666666666,5.447916666666667,5.038333333333333,3.0825,12.958333333333334,6.645,7.3500000000000005,4.3254166666666665,,,,,14.041666666666666,5.0495833333333335,9.324166666666667,5.270833333333333,14.375,4.620833333333334,10.688333333333333,5.49875,,,,
2024-10-13,10.416666666666666,5.279791666666667,3.669166666666667,3.0508333333333333,11.625,6.342083333333334,5.087916666666667,3.9141666666666666,,,,,15.291666666666666,4.886041666666666,7.745416666666666,5.715,19.166666666666668,2.1666666666666665,10.046666666666667,7.423749999999999,,,,
2024-10-14,11.625,6.081041666666667,4.5775,3.8845833333333335,14.5,9.274166666666668,5.799166666666667,4.735,,,,,20.041666666666668,4.714583333333334,10.33625,7.819166666666667,22.458333333333332,2.65375,11.599583333333333,8.787916666666666,,,,
2024-10-15,10.916666666666666,,6.1575,3.8520833333333333,14.666666666666666,6.248333333333334,8.839166666666666,5.202916666666667,,,,,19.125,3.808125,13.29875,7.2058333333333335,19.333333333333332,3.2008333333333336,13.287083333333333,7.189166666666666,,,,
2024-10-16,9.875,3.9858333333333333,6.342083333333334,3.2841666666666662,13.625,4.588541666666667,9.234166666666667,4.850833333333333,,,,,16.291666666666668,3.752083333333333,12.142916666666666,5.662916666666667,16.625,3.048958333333333,12.819583333333334,5.319583333333333,,,,
2024-10-17,10.583333333333334,8.37,2.8004166666666666,1.9875,10.666666666666666,7.183333333333334,4.57,2.890833333333333,,,,,11.25,8.625833333333334,5.133333333333334,3.138333333333333,10.791666666666666,7.786666666666666,6.4870833333333335,3.6804166666666664,,,,
2024-10-18,10.708333333333334,7.684583333333333,3.7895833333333333,2.0954166666666665,9.625,5.2231250000000005,5.574166666666667,3.137916666666667,,,,,12.666666666666666,9.206666666666667,7.0025,3.1425,11.625,7.560416666666666,8.061666666666666,3.4904166666666665,,,,
2024-10-19,8.166666666666666,5.0285416666666665,4.04875,2.31875,10.541666666666666,6.1475,5.82,3.424583333333333,,,,,11.291666666666666,5.222916666666666,8.327916666666667,3.7670833333333333,11.5,3.18125,8.772083333333333,3.922916666666667,,,,
2024-10-20,5.291666666666667,2.783125,2.183333333333333,1.5433333333333332,6.5,3.02578947368421,3.0858333333333334,2.1525,,,,,8.208333333333334,3.345833333333333,4.773750000000001,2.9225,7.625,2.9283333333333332,4.770833333333333,2.8212499999999996,,,,
2024-10-21,13.125,9.383125,3.0537500000000004,2.365416666666667,15.708333333333334,12.044166666666667,4.14625,3.094583333333333,,,,,13.958333333333334,7.770416666666667,6.8758333333333335,4.56375,12.833333333333334,4.971666666666667,7.254166666666666,4.787916666666667,,,,
2024-10-22,10.416666666666666,6.328749999999999,5.3425,3.3220833333333335,12.875,6.646666666666667,7.56625,4.632916666666667,,,,,15.416666666666666,6.858750000000001,10.753750000000002,5.73,16.083333333333332,6.515833333333333,11.825000000000001,5.872083333333333,,,,
2024-10-23,11.291666666666666,7.430416666666667,5.067083333333334,3.1391666666666667,12.875,7.252083333333334,7.380416666666666,4.4825,,,,,14.416666666666666,8.469166666666666,9.718333333333334,4.8075,16.875,5.420833333333333,12.169166666666667,6.2124999999999995,,,,
2024-10-24,15.666666666666666,11.5685,5.4775,4.105833333333333,19.333333333333332,12.179166666666667,7.709166666666667,5.591666666666666,,,,,18.833333333333332,8.882083333333332,10.801250000000001,6.991666666666667,23.625,6.298958333333334,13.81875,9.26625,,,,
2024-10-25,13.0,9.700833333333334,4.2700000000000005,3.14,13.5,8.747083333333334,6.847083333333334,4.45875,,,,,16.625,8.852916666666667,8.844166666666666,5.5825,17.833333333333332,7.55125,10.452916666666667,6.875416666666666,,,,
2024-10-26,10.291666666666666,7.8625,3.518333333333333,2.4250000000000003,10.083333333333334,5.654583333333334,5.06,3.6875,,,,,12.208333333333334,9.1225,6.243333333333333,3.6791666666666667,11.416666666666666,6.383333333333333,7.649583333333333,4.265416666666667,,,,
2024-10-27,9.76,7.6648000000000005,1.9252,1.3548,8.48,5.797999999999999,2.8132,2.1756,,,,,10.76,8.5596,3.6683999999999997,2.1684,8.92,6.7624,4.6276,2.5508,,,,
2024-10-28,9.875,6.855,2.611666666666667,2.2241666666666666,11.833333333333334,7.852916666666666,4.1362499999999995,3.439583333333333,,,,,11.833333333333334,7.572916666666667,5.2004166666666665,3.81,11.75,4.56125,6.4075,4.505833333333333,,,,
2024-10-29,13.916666666666666,8.595416666666667,6.355416666666667,5.088333333333334,17.041666666666668,9.695416666666667,8.385416666666666,6.409166666666667,,,,,21.916666666666668,8.171666666666667,12.2325,8.55625,24.708333333333332,4.279166666666667,13.905000000000001,9.67375,,,,
2024-10-30,18.791666666666668,10.476111111111111,7.399166666666666,6.171250000000001,21.708333333333332,11.131052631578948,9.700416666666667,7.861666666666667,,,,,25.916666666666668,10.534166666666666,13.624583333333334,9.885,30.458333333333332,8.071250000000001,16.530416666666667,11.971666666666666,,,,
2024-10-31,19.125,10.351666666666667,10.110000000000001,6.79375,23.708333333333332,10.865,13.74375,9.285,,,,,15.791666666666666,5.996875,9.172083333333333,6.107083333333333,27.125,5.983333333333333,17.472083333333334,10.6575,,,,
2024-11-01,15.208333333333334,6.422916666666667,9.090416666666666,5.592083333333334,22.083333333333332,5.1154166666666665,14.042499999999999,8.592916666666666,,,,,13.666666666666666,5.50125,8.558333333333334,5.03375,15.958333333333334,5.965,11.238333333333335,6.135416666666667,,,,
2024-11-02,17.541666666666668,10.03875,10.860833333333334,6.428333333333334,31.041666666666668,6.113333333333333,17.84375,12.219583333333333,,,,,15.75,6.2225,9.111666666666666,5.942083333333333,19.25,4.1450000000000005,11.90375,7.462083333333333,,,,
2024-11-03,16.291666666666668,5.209791666666667,9.67625,6.17875,26.333333333333332,3.504375,14.891666666666666,10.320833333333333,,,,,15.25,4.58875,8.41125,5.727916666666666,17.916666666666668,4.035833333333334,10.711666666666666,6.975416666666667,,,,
2024-11-04,15.833333333333334,6.067916666666666,9.040000000000001,5.590833333333333,22.041666666666668,6.204736842105263,13.127916666666666,8.5775,,,,,15.666666666666666,8.009583333333333,9.012500000000001,5.749583333333334,14.708333333333334,8.047083333333333,9.449166666666667,5.464166666666666,,,,
2024-11-05,19.625,10.02625,11.084583333333333,7.553333333333334,27.125,6.727916666666666,16.093333333333334,10.64625,,,,,19.208333333333332,7.785833333333334,10.918750000000001,7.48,22.291666666666668,4.415,13.46625,8.703333333333333,,,,
2024-11-06,24.166666666666668,13.674166666666666,12.904583333333333,9.47,35.208333333333336,8.734583333333333,20.65375,13.8925,,,,,23.041666666666668,8.026666666666666,12.448749999999999,8.995833333333334,28.625,5.333333333333333,16.497083333333332,11.265416666666667,,,,
2024-11-07,29.208333333333332,11.435416666666667,16.34625,11.472916666666668,41.125,7.567916666666666,23.28125,16.236250000000002,,,,,23.583333333333332,6.6691666666666665,13.613333333333333,10.065238095238096,27.916666666666668,4.814791666666667,17.46142857142857,12.253333333333334,,,,
2024-11-08,29.25,12.595833333333333,15.189166666666667,11.4975,42.583333333333336,8.701666666666666,22.487916666666667,16.826249999999998,,,,,27.166666666666668,7.285,13.862499999999999,10.650833333333333,38.0,5.245416666666666,20.117916666666666,14.979583333333332,,,,
2024-11-09,30.333333333333332,8.022499999999999,14.847499999999998,11.979166666666666,43.25,4.620833333333334,21.667916666666667,17.103333333333335,,,,,27.416666666666668,4.989166666666667,13.634166666666667,10.819583333333334,36.666666666666664,4.069583333333333,18.840833333333332,14.445416666666667,,,,
2024-11-10,17.75,9.690833333333332,9.453333333333333,6.9025,26.125,5.527916666666666,13.77875,10.244583333333333,,,,,15.291666666666666,6.165833333333333,8.54125,5.91,20.666666666666668,3.4947916666666665,11.798333333333334,8.06875,,,,
2024-11-11,13.416666666666666,5.696666666666666,6.506666666666667,5.154583333333333,20.208333333333332,2.8995833333333336,10.0875,7.882916666666667,,,,,11.416666666666666,5.761666666666667,5.357916666666667,4.125416666666667,13.541666666666666,5.918333333333333,7.236666666666667,5.20625,,,,
2024-11-12,13.333333333333334,6.764166666666667,6.060833333333334,4.359166666666667,19.416666666666668,,11.028333333333334,7.6025,,,,,11.958333333333334,7.773333333333333,5.801666666666667,3.8074999999999997,13.041666666666666,6.977083333333333,7.644583333333333,4.71875,,,,
2024-11-13,12.25,8.53125,5.104583333333333,3.1808333333333336,14.0,4.586666666666667,8.505416666666667,5.22625,,,,,11.916666666666666,9.626666666666667,4.759166666666666,2.7245833333333334,9.833333333333334,6.96875,6.2250000000000005,3.3033333333333332,,,,
2024-11-14,19.125,11.775,9.65875,7.293333333333333,28.75,7.374583333333334,14.688333333333333,11.284166666666666,,,,,16.708333333333332,8.702916666666667,8.386666666666667,6.395416666666667,19.458333333333332,4.820833333333334,10.302083333333334,7.5575,,,,
2024-11-15,27.333333333333332,13.030000000000001,13.805,10.744583333333333,40.291666666666664,9.1275,20.58458333333333,15.934583333333334,,,,,25.791666666666668,7.243333333333333,13.190416666666666,10.0875,34.875,4.0775,18.255,13.722083333333332,,,,
2024-11-16,28.041666666666668,10.998333333333333,14.498750000000001,10.994583333333333,42.125,6.631666666666667,21.89375,16.672083333333333,,,,,27.416666666666668,6.3,14.335833333333333,10.721666666666666,36.583333333333336,4.283541666666667,20.278333333333332,14.47375,,,,
2024-11-17,25.083333333333332,9.046666666666667,14.144166666666665,9.79875,38.291666666666664,5.09875,21.287916666666664,15.107083333333334,,,,,25.125,4.335833333333333,14.203333333333333,9.829583333333334,30.666666666666668,2.5208333333333335,18.555833333333332,12.056666666666667,,,,
2024-11-18,23.083333333333332,9.272499999999999,12.028333333333334,8.893749999999999,35.333333333333336,5.745833333333334,18.59,13.949583333333335,,,,,22.875,6.2245833333333325,12.350416666666668,8.942916666666667,22.708333333333332,4.3741666666666665,13.375,8.875416666666666,,,,
2024-11-19,31.5,12.195416666666667,16.02208333333333,12.3675,46.333333333333336,7.2725,24.2,18.330833333333334,,,,,30.833333333333332,6.085416666666667,16.217916666666667,12.155416666666667,39.041666666666664,3.768333333333333,21.452916666666667,15.433750000000002,,,,
2024-11-20,27.166666666666668,8.689166666666667,13.124166666666667,10.1275,39.291666666666664,6.500749999999999,21.269583333333333,15.546666666666667,,,,,24.833333333333332,5.580416666666667,13.1075,9.724583333333333,32.5,4.2491666666666665,17.650000000000002,12.745,,,,
2024-11-21,6.875,4.020416666666667,3.3095833333333338,2.125,10.333333333333334,,6.2995833333333335,3.90625,,,,,6.791666666666667,3.84,3.4866666666666664,2.2016666666666667,7.375,3.8077083333333337,4.164166666666667,2.405,,,,
2024-11-22,12.958333333333334,9.735833333333334,5.729583333333333,2.54625,12.875,8.07611111111111,9.44375,4.008333333333334,,,,,14.208333333333334,11.439583333333333,6.0825,2.31,13.708333333333334,10.501666666666667,7.965,2.6962499999999996,,,,
2024-11-23,19.416666666666668,15.214999999999998,8.787083333333333,4.912916666666667,21.916666666666668,10.655,14.115,8.425833333333333,,,,,16.083333333333332,11.361666666666666,9.032083333333334,4.7995833333333335,15.958333333333334,8.119166666666667,11.164583333333333,5.2437499999999995,,,,
2024-11-24,12.541666666666666,5.189583333333333,5.807083333333334,3.9058333333333333,19.708333333333332,3.328095238095238,10.85125,7.7,,,,,11.833333333333334,3.905,5.901666666666666,4.026666666666666,11.083333333333334,3.8470833333333334,6.7441666666666675,4.035833333333334,,,,
2024-11-25,16.541666666666668,10.645416666666668,7.6937500000000005,4.020833333333333,16.625,,11.252083333333333,6.09625,,,,,15.291666666666666,9.754583333333334,7.584583333333334,3.76625,13.916666666666666,9.133333333333333,8.882916666666667,3.985,,,,
2024-11-26,22.708333333333332,15.943333333333333,10.60875,7.082916666666667,26.5,7.980833333333333,15.0575,10.393333333333333,,,,,19.333333333333332,11.69375,9.860416666666667,6.71875,20.541666666666668,7.882916666666667,12.602083333333333,7.986666666666667,,,,
2024-11-27,24.0,15.144583333333335,12.0175,8.235,32.541666666666664,9.437083333333334,18.0075,12.811666666666667,,,,,22.958333333333332,11.850833333333334,12.149583333333332,8.700000000000001,23.666666666666668,8.570833333333333,13.572916666666666,9.0975,,,,
2024-11-28,23.458333333333332,18.199166666666667,9.934166666666668,7.310833333333334,31.333333333333332,12.067083333333334,17.768333333333334,12.337083333333334,,,,,20.416666666666668,10.575416666666667,10.38625,7.790416666666666,22.125,6.875833333333333,12.01625,8.64125,,,,
2024-11-29,31.375,15.71375,15.935416666666667,12.259166666666667,44.875,11.320208333333333,24.68541666666667,17.74416666666667,,,,,30.625,9.329166666666667,15.762916666666667,12.060833333333333,41.5,6.497083333333333,22.131666666666664,16.422083333333333,,,,
2024-11-30,31.708333333333332,12.215000000000002,19.19875,12.47875,49.5,8.34875,29.775833333333335,19.485,,,,,30.25,5.663333333333333,18.410416666666666,11.9225,40.958333333333336,3.605625,25.42958333333333,16.157083333333333,,,,
2024-12-01,23.75,15.292499999999999,13.92,9.222916666666666,35.5,11.497083333333334,20.617083333333333,14.035833333333334,,,,,22.375,7.452916666666667,13.339583333333332,8.755,25.583333333333332,5.34625,16.38625,10.044583333333334,,,,
2024-12-02,25.666666666666668,13.002916666666666,15.163333333333334,10.090833333333334,41.125,8.459583333333333,24.748333333333335,16.235833333333336,,,,,24.083333333333332,5.618333333333333,14.426666666666668,9.419583333333334,28.791666666666668,4.149583333333333,18.167916666666667,11.317083333333334,,,,
2024-12-03,20.333333333333332,12.035833333333334,8.205,5.612916666666667,25.291666666666668,7.2375,15.240416666666667,9.72875,,,,,16.166666666666668,9.245833333333334,7.555,5.02125,16.833333333333332,8.378333333333334,9.667916666666667,5.925416666666667,,,,
2024-12-04,15.75,11.40625,4.87375,3.4762500000000003,17.333333333333332,7.1325,9.274166666666668,6.26625,,,,,13.375,10.279583333333333,4.501666666666666,3.03125,11.708333333333334,8.409166666666666,5.701250000000001,3.6320833333333336,,,,
2024-12-05,21.208333333333332,17.492083333333333,5.487916666666667,3.8833333333333333,18.458333333333332,10.2225,11.934166666666668,6.950833333333333,,,,,13.708333333333334,10.111666666666666,5.551666666666667,3.783333333333333,12.041666666666666,7.104166666666667,6.516666666666667,4.122916666666667,,,,
2024-12-06,11.166666666666666,6.900416666666666,5.304166666666666,3.8874999999999997,17.25,2.734166666666667,10.529166666666667,6.704583333333333,,,,,9.791666666666666,2.0820833333333333,5.0200000000000005,3.654583333333333,10.458333333333334,1.6131250000000001,5.725833333333333,3.971666666666667,,,,
2024-12-07,7.5,2.8652083333333334,3.7758333333333334,2.750833333333333,11.833333333333334,,6.017916666666667,4.543333333333334,,,,,8.708333333333334,6.22,3.564166666666667,2.5345833333333334,10.541666666666666,,4.801666666666667,3.159166666666667,,,,
2024-12-08,12.958333333333334,4.193333333333333,9.671666666666667,4.960833333333333,16.708333333333332,,12.6,6.478750000000001,,,,,12.958333333333334,10.239583333333334,9.216666666666667,4.29375,16.291666666666668,11.491666666666667,12.42125,5.2124999999999995,,,,
2024-12-09,16.375,11.6175,5.075,2.68,11.416666666666666,5.349791666666667,6.142083333333333,3.37375,,,,,14.791666666666666,11.904166666666667,4.62125,2.11125,12.791666666666666,9.741666666666667,6.545000000000001,2.733333333333333,,,,
2024-12-10,14.916666666666666,11.729166666666666,4.204166666666667,2.5566666666666666,12.333333333333334,6.089166666666666,7.138750000000001,4.528333333333333,,,,,12.625,10.16375,3.895,2.1641666666666666,9.666666666666666,7.182916666666666,5.43375,2.83,,,,
2024-12-11,15.666666666666666,11.730416666666665,5.61625,4.526666666666666,21.666666666666668,7.550833333333333,10.566666666666666,8.479166666666666,,,,,12.791666666666666,9.512500000000001,5.0112499999999995,4.055,12.208333333333334,5.61,5.866666666666667,4.627083333333333,,,,
2024-12-12,22.791666666666668,17.686249999999998,7.4558333333333335,5.96,30.25,12.272916666666667,19.204166666666666,11.045416666666666,,,,,18.541666666666668,12.427083333333334,7.715833333333333,6.203333333333333,15.958333333333334,9.087083333333334,7.697500000000001,5.928333333333334,,,,
2024-12-13,20.375,15.564583333333333,8.231250000000001,6.366666666666667,31.958333333333332,8.606250000000001,21.421666666666667,11.135,,,,,17.083333333333332,10.182083333333333,8.410833333333334,6.420833333333333,19.208333333333332,5.977916666666666,9.920416666666666,7.4624999999999995,,,,
2024-12-14,29.541666666666668,14.78125,13.767916666666666,11.63125,42.583333333333336,8.599166666666667,20.763333333333332,16.822916666666668,,,,,28.833333333333332,9.396666666666667,13.26,11.306666666666667,42.541666666666664,5.620416666666666,20.328333333333333,16.819583333333334,,,,
2024-12-15,13.916666666666666,8.386666666666667,4.970833333333333,3.5775,17.708333333333332,3.72125,8.916666666666666,6.835416666666667,,,,,12.791666666666666,8.303333333333333,4.849583333333333,3.5500000000000003,16.125,8.524583333333334,7.1554166666666665,5.037083333333333,,,,
2024-12-16,19.708333333333332,16.588333333333335,5.266666666666667,2.987083333333333,16.708333333333332,9.354166666666666,8.991666666666667,5.248333333333333,,,,,15.833333333333334,12.929166666666667,5.323333333333333,2.827916666666667,12.833333333333334,9.271666666666667,6.826250000000001,3.40375,,,,
2024-12-17,25.25,20.077916666666667,10.00125,7.730416666666667,34.25,13.499583333333334,21.83125,13.517083333333334,,,,,20.625,12.31875,10.189166666666667,7.887083333333333,24.083333333333332,8.159583333333334,12.652500000000002,9.42625,,,,
2024-12-18,24.541666666666668,13.857916666666666,12.953333333333333,8.0,39.416666666666664,7.411874999999999,29.56833333333333,14.610416666666666,26.208333333333332,9.611666666666666,19.94666666666667,11.342777777777776,21.708333333333332,8.3475,12.835833333333333,7.9750000000000005,23.458333333333332,7.419583333333333,14.7475,8.42625,30.25,8.08875,,
2024-12-19,47.625,5.653125,36.949999999999996,15.246666666666668,74.16666666666667,,55.29624999999999,22.697083333333335,75.66666666666667,5.824166666666667,56.54958333333334,22.596666666666668,45.166666666666664,7.264,35.59916666666667,14.563749999999999,56.833333333333336,7.864583333333333,41.52375,14.204583333333334,86.25,3.967916666666667,71.99,30.38625
2024-12-20,21.166666666666668,14.6625,8.645833333333334,4.0129166666666665,17.791666666666668,7.3675,12.150416666666667,6.2225,22.333333333333332,13.565416666666666,11.325000000000001,5.41875,19.583333333333332,14.672916666666666,7.982500000000001,3.59,19.041666666666668,13.684166666666668,10.525416666666667,4.125,27.125,11.534999999999998,20.716666666666665,9.437916666666666
2024-12-21,13.916666666666666,11.347916666666668,3.4725,1.9641666666666666,11.791666666666666,5.320416666666667,5.855833333333333,3.6962499999999996,12.875,9.283333333333333,4.653333333333333,3.0425,13.333333333333334,10.692916666666667,3.3504166666666664,1.9058333333333335,10.666666666666666,8.47625,4.824583333333333,2.464166666666667,16.958333333333332,8.320416666666667,10.62,5.902916666666666
2024-12-22,11.0,8.254166666666666,3.9754166666666664,2.7554166666666666,13.5,4.228958333333334,6.9425,5.17125,12.291666666666666,5.607083333333333,6.057916666666666,4.575833333333333,10.416666666666666,7.699583333333333,4.257916666666667,3.123333333333333,10.666666666666666,7.402916666666667,5.095,3.48875,22.75,6.171250000000001,12.13125,8.832916666666668
2024-12-23,14.125,7.299166666666667,9.342083333333333,4.6812499999999995,18.333333333333332,3.51375,12.754583333333334,6.9025,16.416666666666668,6.912083333333334,11.272083333333333,5.812083333333334,15.416666666666666,12.483333333333334,8.347083333333334,4.132083333333333,17.416666666666668,14.126249999999999,11.157916666666667,4.968333333333333,29.666666666666668,5.475833333333334,21.144583333333333,10.968333333333334
2024-12-24,21.416666666666668,15.538333333333334,8.104583333333332,3.6958333333333333,16.625,7.483333333333333,11.133333333333333,5.534166666666667,19.208333333333332,12.6625,9.018749999999999,4.319166666666667,17.458333333333332,13.878750000000002,7.021666666666667,3.0108333333333337,16.875,12.169583333333334,10.116666666666667,4.0216666666666665,26.916666666666668,8.143333333333333,20.677083333333332,8.847083333333332
2024-12-25,11.083333333333334,8.033333333333333,3.6966666666666668,2.907916666666667,11.708333333333334,4.039583333333334,5.5320833333333335,4.372083333333333,12.958333333333334,7.164583333333333,5.42125,4.431666666666667,9.25,7.156666666666666,2.8466666666666662,2.275,9.666666666666666,7.132916666666667,4.26875,3.29625,24.041666666666668,4.700833333333333,12.032499999999999,9.492083333333333
2024-12-26,14.208333333333334,10.484166666666667,5.085833333333333,4.040416666666666,15.708333333333334,5.6433333333333335,7.635000000000001,6.083333333333333,19.416666666666668,7.083333333333333,10.897083333333333,7.547499999999999,10.291666666666666,7.2941666666666665,4.4783333333333335,3.4920833333333334,11.833333333333334,4.54875,6.840833333333333,4.575,25.583333333333332,6.1933333333333325,12.104166666666666,10.022499999999999
2024-12-27,19.958333333333332,15.372916666666667,5.791666666666667,4.667083333333333,20.916666666666668,11.448749999999999,10.39625,7.94625,25.083333333333332,12.511041666666666,12.349583333333333,9.472916666666666,14.625,10.176250000000001,5.92875,4.568333333333333,16.75,7.263333333333333,8.71375,6.3933333333333335,35.125,9.023333333333333,17.067083333333333,13.832916666666668
2024-12-28,22.458333333333332,14.19,9.668333333333333,7.857916666666667,33.666666666666664,8.469583333333334,16.843333333333334,13.302083333333334,34.958333333333336,10.44125,16.499166666666667,13.72375,22.375,10.079583333333334,10.497916666666667,8.305833333333334,28.083333333333332,7.027916666666667,13.842500000000001,10.966666666666667,62.375,7.634166666666666,27.496666666666666,22.323333333333334
2024-12-29,26.541666666666668,10.606250000000001,12.443333333333333,10.42625,43.916666666666664,5.876666666666666,20.433333333333334,17.352083333333333,43.041666666666664,8.725416666666666,19.93916666666667,16.979166666666668,26.5,7.867083333333333,12.438749999999999,10.418750000000001,31.583333333333332,5.312916666666667,15.069166666666668,12.432083333333333,81.54166666666667,5.27375,37.0075,31.25916666666667
2024-12-30,24.25,9.250833333333334,10.194583333333332,8.73,37.25,4.894736842105263,17.728333333333335,14.662083333333333,37.166666666666664,5.745,17.031666666666666,14.635,22.666666666666668,6.488333333333333,10.258333333333333,8.713333333333333,23.541666666666668,2.8172916666666663,11.034583333333332,9.22125,62.25,4.779166666666667,28.443749999999998,24.264583333333334
2024-12-31,20.875,12.907083333333333,9.089583333333334,7.77875,33.916666666666664,7.73,16.53375,13.345416666666667,33.583333333333336,9.787916666666666,15.334583333333333,13.25625,19.375,8.5425,8.79625,7.520833333333333,21.75,4.3925,10.137916666666667,8.511666666666667,69.375,6.497916666666666,30.090416666666666,25.68875
2025-01-01,26.083333333333332,10.487916666666667,11.855416666666665,10.235416666666667,42.458333333333336,4.049166666666667,19.71125,16.77541666666667,31.541666666666668,4.712083333333333,14.300833333333335,12.402916666666668,24.208333333333332,6.892499999999999,11.104166666666666,9.506666666666666,26.958333333333332,2.19875,13.0025,10.604583333333332,36.25,5.274583333333333,,
2025-01-02,23.166666666666668,12.577916666666667,10.238750000000001,8.781666666666666,33.416666666666664,4.79,15.964583333333332,13.162083333333333,38.5,8.386666666666667,17.641666666666666,15.164583333333333,20.291666666666668,10.24875,8.978333333333333,7.697500000000001,29.791666666666668,6.876666666666666,14.06,11.71375,47.5,4.267916666666667,21.8125,18.76875
2025-01-03,16.375,10.848333333333334,6.170416666666667,4.9783333333333335,23.708333333333332,3.54875,12.409583333333332,9.272083333333333,19.583333333333332,3.6799999999999997,9.230416666666667,7.660416666666666,14.958333333333334,9.888333333333334,6.215833333333333,5.0325,15.333333333333334,8.463333333333333,6.969166666666666,5.603333333333333,29.208333333333332,1.7754166666666666,13.805833333333332,11.454166666666666
2025-01-04,11.375,3.72875,5.609583333333333,4.362916666666667,19.958333333333332,0.356,9.808333333333334,7.815833333333334,15.958333333333334,0.735,7.862916666666667,6.1433333333333335,11.916666666666666,5.532916666666666,5.812083333333334,4.557083333333334,11.833333333333334,7.192083333333334,6.207083333333333,4.558333333333334,25.208333333333332,,12.492916666666666,9.9025
2025-01-05,13.5,6.166250000000001,6.07375,4.532916666666667,20.541666666666668,,10.562083333333334,8.043333333333333,16.75,,8.60875,6.460416666666667,13.125,7.312916666666666,6.37375,4.79125,12.375,8.752916666666666,6.667916666666667,4.595416666666667,25.708333333333332,,13.167916666666665,10.074166666666667
2025-01-06,14.25,9.24,4.13,2.7779166666666666,13.25,4.746315789473684,6.656666666666666,4.685833333333334,14.916666666666666,8.097708333333333,5.2058333333333335,3.5375,14.333333333333334,10.991666666666667,4.121666666666667,2.7875,14.708333333333334,11.860416666666666,5.0616666666666665,3.0233333333333334,16.25,5.941111111111111,9.02375,6.1241666666666665
2025-01-07,16.541666666666668,12.73625,6.7525,3.8983333333333334,14.666666666666666,5.42625,8.53,5.299166666666667,18.75,9.979583333333332,8.786666666666667,5.514166666666667,14.791666666666666,11.912916666666668,6.421250000000001,3.749166666666667,13.958333333333334,9.055833333333334,8.86375,4.850416666666667,20.75,4.637083333333333,15.075833333333334,7.97125
2025-01-08,6.416666666666667,3.5873913043478263,2.4274999999999998,1.4416666666666667,6.083333333333333,,3.5795833333333333,2.1154166666666665,5.041666666666667,0.8247368421052631,3.0712499999999996,1.8129166666666665,8.583333333333334,6.273333333333333,2.3429166666666665,1.4041666666666668,9.791666666666666,7.505833333333334,2.9470833333333335,1.6812500000000001,8.333333333333334,,5.04,3.1304166666666666
2025-01-09,11.583333333333334,8.28,4.870833333333334,2.6687499999999997,15.125,,11.620833333333332,4.232916666666667,13.083333333333334,7.654583333333334,6.90875,3.7175,10.958333333333334,8.572083333333333,4.727083333333334,2.42625,11.333333333333334,8.84625,5.6258333333333335,2.704166666666667,13.958333333333334,4.422916666666667,9.124583333333334,5.297916666666667
2025-01-10,18.416666666666668,9.34125,9.177083333333334,6.39875,24.791666666666668,5.3134999999999994,16.99625,9.066666666666666,22.125,6.499791666666667,11.907083333333333,8.250416666666666,16.833333333333332,7.4991666666666665,8.94875,6.377083333333334,19.083333333333332,6.1625000000000005,11.062083333333334,7.334583333333334,26.708333333333332,4.488333333333333,15.374166666666667,10.469166666666666
2025-01-11,9.916666666666666,5.9695833333333335,4.3220833333333335,2.6279166666666667,10.541666666666666,2.323125,6.0975,3.965833333333333,10.875,5.362916666666667,5.704583333333333,3.341666666666667,11.5,7.928333333333334,4.1120833333333335,2.535833333333333,12.625,9.004166666666666,5.345,2.891666666666667,13.333333333333334,4.369583333333334,8.144166666666667,4.8637500000000005
2025-01-12,15.0,6.28875,10.088333333333333,5.135,19.833333333333332,2.6158333333333332,13.254583333333334,7.68,18.333333333333332,5.048333333333333,13.147916666666667,6.770416666666667,13.791666666666666,10.616666666666667,8.51,4.368333333333333,17.041666666666668,10.045833333333333,12.433333333333332,5.703749999999999,26.708333333333332,4.140416666666667,20.685416666666665,10.42125
2025-01-13,17.583333333333332,14.541666666666666,5.308333333333334,3.4825,17.041666666666668,6.909583333333334,9.719166666666666,6.2425,20.625,16.183333333333334,6.574166666666667,4.58,18.375,15.04,4.901666666666666,3.1162499999999995,13.958333333333334,11.339166666666666,6.328333333333333,3.624166666666667,21.5,11.356666666666667,12.307083333333333,8.03
2025-01-14,27.166666666666668,23.167916666666667,8.563333333333334,5.921250000000001,28.166666666666668,14.05625,15.664583333333333,11.011249999999999,29.333333333333332,23.452916666666667,12.6825,9.379583333333334,23.25,19.320416666666667,8.116249999999999,5.727916666666666,18.25,13.700416666666667,9.935,6.475416666666667,34.916666666666664,13.085833333333333,19.174166666666668,13.738750000000001
2025-01-15,32.458333333333336,17.183333333333334,16.1875,12.4275,57.458333333333336,10.295,26.43166666666667,20.825833333333332,51.625,16.983333333333334,24.587500000000002,19.39125,30.125,14.264166666666666,15.307916666666666,11.807083333333333,35.541666666666664,10.129166666666666,19.032083333333333,14.022083333333335,82.0,11.421666666666667,43.770833333333336,34.522083333333335
2025-01-16,26.708333333333332,15.728333333333333,11.4325,8.8725,41.375,9.582916666666668,19.944583333333334,15.725416666666668,35.625,20.330000000000002,16.15125,12.877916666666666,23.958333333333332,13.995,10.917499999999999,8.608333333333333,24.208333333333332,11.574166666666665,12.602083333333333,9.2325,55.583333333333336,11.043333333333335,27.164166666666663,21.573333333333334
2025-01-17,31.875,27.71875,,,25.75,18.95,,,27.0,22.732083333333335,,,22.166666666666668,18.301666666666666,,,17.166666666666668,12.57125,,,28.333333333333332,17.754583333333333,,
2025-01-18,32.916666666666664,21.651666666666667,16.526842105263157,12.860526315789473,53.666666666666664,14.143749999999999,28.592777777777776,22.962222222222223,33.625,17.604583333333334,,,28.875,11.917499999999999,17.63421052631579,12.491052631578947,30.208333333333332,7.809583333333333,,,54.625,9.614583333333334,,
2025-01-19,24.416666666666668,16.96375,10.589583333333334,8.606666666666667,41.083333333333336,10.569583333333334,19.700416666666666,16.22375,30.333333333333332,15.85,14.468333333333334,11.8775,22.291666666666668,11.147083333333333,10.645833333333334,8.725,25.375,7.060833333333334,12.507083333333334,9.952083333333333,51.875,7.250208333333333,23.36583333333333,19.239166666666666
2025-01-20,22.625,16.657083333333333,7.6812499999999995,6.085833333333333,28.333333333333332,9.488125,13.467500000000001,11.0025,26.583333333333332,13.613750000000001,11.805416666666666,9.746666666666666,19.208333333333332,12.648333333333333,8.020000000000001,6.532916666666666,17.416666666666668,10.059583333333334,8.288333333333332,6.541250000000001,35.75,9.887916666666667,17.323333333333334,14.08875
2025-01-21,26.625,18.900833333333335,12.012083333333335,9.699166666666667,43.916666666666664,12.39,20.975833333333334,17.346666666666668,38.416666666666664,12.8975,18.032500000000002,15.12375,26.083333333333332,11.52125,12.479166666666666,10.265833333333333,25.458333333333332,8.051666666666668,12.716666666666667,10.02625,73.875,14.609166666666667,32.66291666666667,26.20625
2025-01-22,26.375,14.915,12.15625,10.12125,43.083333333333336,8.527916666666668,20.50875,17.039166666666667,49.25,12.023333333333333,21.910416666666666,18.62625,24.958333333333332,8.15875,11.71875,9.786666666666667,33.041666666666664,4.729583333333333,15.852916666666667,12.997916666666667,89.5,10.346458333333333,47.35125,38.90416666666667
2025-01-23,24.375,14.922291666666666,9.728333333333333,7.7725,31.541666666666668,8.95125,15.290833333333333,12.178333333333335,39.791666666666664,13.924999999999999,17.400000000000002,14.446666666666665,20.541666666666668,11.719583333333333,8.675416666666667,6.940833333333333,25.583333333333332,10.143749999999999,12.695833333333333,9.791666666666666,61.375,9.200416666666667,31.764583333333334,25.270416666666666
2025-01-24,13.208333333333334,7.5616666666666665,4.917083333333333,3.4370833333333333,14.416666666666666,5.5325,8.270833333333334,5.517916666666667,15.458333333333334,6.828750000000001,7.423749999999999,5.625,11.125,5.9433333333333325,4.530833333333333,3.3045833333333334,11.958333333333334,6.927916666666667,6.207916666666667,4.090416666666667,20.958333333333332,,11.912083333333333,8.168333333333333
2025-01-25,9.5,6.686041666666667,3.2225,2.12375,11.833333333333334,4.17375,5.906666666666666,4.03375,11.875,6.103958333333334,4.32125,3.315416666666667,9.916666666666666,6.666666666666667,3.4570833333333333,2.3354166666666667,10.541666666666666,7.842916666666667,3.7279166666666668,2.3283333333333336,13.208333333333334,4.987708333333333,7.389583333333333,4.80875
2025-01-26,9.875,6.960869565217391,3.5204166666666663,2.2133333333333334,11.125,3.9378260869565223,6.0249999999999995,3.97125,11.583333333333334,6.8066666666666675,5.104583333333333,3.2550000000000003,10.0,7.669583333333333,3.51375,2.1558333333333333,10.75,8.495,4.575833333333333,2.5145833333333334,15.666666666666666,3.0843478260869563,9.259166666666667,5.930416666666667
2025-01-27,7.708333333333333,6.074,2.3608333333333333,1.2825,6.291666666666667,,4.242916666666667,2.0716666666666668,5.0,2.241842105263158,3.248333333333333,1.63875,10.208333333333334,7.281041666666667,3.6245833333333333,1.4045833333333333,10.625,8.005416666666667,2.86125,1.3904166666666666,7.541666666666667,1.4958333333333333,4.837916666666667,2.842916666666667
2025-01-28,11.375,8.823333333333332,3.1254166666666667,1.6716666666666666,8.166666666666666,4.2525,5.201666666666667,2.41125,10.75,7.241666666666667,4.2749999999999995,2.1858333333333335,16.375,13.274166666666666,3.5574999999999997,1.6283333333333332,15.375,12.387500000000001,3.7620833333333334,1.62,11.75,4.983333333333333,6.350833333333334,3.80875
2025-01-29,11.708333333333334,7.866666666666667,6.320416666666667,3.3841666666666668,13.25,3.3369999999999997,8.756666666666666,4.855416666666667,13.833333333333334,4.503333333333333,8.228333333333333,4.656666666666666,14.291666666666666,11.5625,5.55,2.889583333333333,13.5,10.94375,7.204166666666667,3.2716666666666665,17.583333333333332,3.0379166666666664,12.480833333333335,6.8425
2025-01-30,13.416666666666666,9.3475,6.05125,3.1041666666666665,12.083333333333334,5.31,8.553749999999999,4.63875,14.75,9.605,7.885000000000001,4.1450000000000005,16.916666666666668,13.703333333333333,5.7179166666666665,2.9029166666666666,16.291666666666668,13.20375,7.357083333333333,3.2133333333333334,18.416666666666668,8.044166666666667,12.6325,7.045416666666667
2025-01-31,22.541666666666668,18.101666666666667,10.494583333333333,4.035416666666666,19.125,9.269166666666667,13.499166666666667,6.116666666666667,24.791666666666668,18.982916666666664,12.395000000000001,5.720416666666666,20.708333333333332,16.645,9.555,3.5695833333333336,20.083333333333332,13.817083333333334,13.645416666666668,4.555416666666667,17.208333333333332,11.736666666666666,,
2025-02-01,20.416666666666668,15.7275,10.865,5.205416666666667,23.625,9.790833333333333,16.112083333333334,8.94375,25.583333333333332,15.607916666666668,15.012500000000001,8.68125,16.916666666666668,13.536666666666667,10.33875,4.785833333333334,18.875,11.876666666666667,13.46875,5.8183333333333325,28.291666666666668,10.1075,23.58388888888889,12.551111111111112
2025-02-02,17.5,12.627916666666666,7.4425,5.10125,23.291666666666668,7.414583333333333,12.472916666666668,9.117916666666666,19.291666666666668,10.695833333333333,9.645,6.892083333333333,16.416666666666668,12.184166666666668,7.400416666666666,5.104166666666667,17.375,9.270416666666668,9.932083333333333,6.464583333333334,40.375,7.821666666666666,21.81833333333333,15.954583333333334
2025-02-03,21.833333333333332,18.059166666666666,6.070833333333333,3.645,18.208333333333332,10.264166666666666,8.630833333333333,5.8075,22.75,18.465416666666666,7.704583333333333,5.180833333333333,19.458333333333332,15.87,5.653333333333333,3.5541666666666667,16.75,12.552083333333334,7.417083333333333,4.418333333333334,25.708333333333332,12.271666666666667,16.474166666666665,9.669166666666667
2025-02-04,24.833333333333332,20.19,8.324583333333333,5.798333333333333,23.041666666666668,11.662916666666668,12.136249999999999,8.788333333333334,25.645833333333332,21.894583333333333,,,19.0,13.559583333333334,7.922499999999999,5.515000000000001,17.833333333333332,8.907916666666667,9.85375,6.696666666666666,24.875,11.675416666666665,,
2025-02-05,23.25,18.104583333333334,7.85625,5.642916666666667,24.875,11.3225,13.517916666666666,9.334999999999999,30.0,18.485,15.67388888888889,12.073333333333332,17.416666666666668,12.744583333333333,7.955416666666667,5.1025,20.0,10.226666666666667,11.384583333333333,7.790833333333333,24.208333333333332,10.235416666666667,,
2025-02-06,26.458333333333332,20.85625,10.506666666666666,7.7195833333333335,31.625,13.5575,16.890416666666667,12.45875,37.916666666666664,22.58458333333333,18.6125,14.355416666666665,21.958333333333332,16.152083333333334,11.007083333333334,7.445,23.458333333333332,12.043750000000001,13.176666666666668,9.165416666666667,61.083333333333336,12.40625,29.984583333333333,22.384583333333335
2025-02-07,27.875,17.361666666666668,13.473333333333334,10.567916666666667,43.833333333333336,9.4275,21.853333333333335,17.332083333333333,41.375,15.1475,20.605833333333333,16.378333333333334,25.958333333333332,13.740833333333335,14.0725,10.208333333333334,27.333333333333332,10.733333333333334,14.374583333333334,10.748333333333333,78.33333333333333,9.11875,35.180416666666666,28.177916666666665
2025-02-08,17.875,11.909583333333332,6.477916666666666,5.102083333333334,24.125,4.624791666666667,11.450416666666667,9.174166666666666,23.416666666666668,9.911458333333334,10.423333333333334,8.502083333333333,16.708333333333332,11.670833333333334,7.134583333333333,5.315833333333333,15.333333333333334,8.427083333333334,7.4629166666666675,5.541250000000001,36.041666666666664,7.90875,17.670416666666664,13.986666666666666
2025-02-09,16.333333333333332,12.605833333333335,4.825833333333333,3.592916666666667,18.458333333333332,6.492083333333333,8.884583333333333,6.8429166666666665,18.75,10.825000000000001,7.320416666666667,5.6825,13.375,9.109583333333333,5.7525,4.425833333333333,10.916666666666666,6.984999999999999,5.682916666666666,3.8858333333333337,23.916666666666668,6.373333333333334,12.24125,9.197916666666666
2025-02-10,20.666666666666668,16.456666666666667,7.329583333333333,5.814583333333334,24.916666666666668,10.49875,12.292916666666665,9.7025,25.708333333333332,15.525833333333333,10.903333333333334,8.857083333333334,16.5,9.615416666666667,7.67625,6.08875,15.375,6.16375,7.88625,5.941666666666666,35.5,9.283333333333333,17.419999999999998,13.952916666666667
2025-02-11,27.625,15.217083333333333,12.224583333333333,10.037083333333333,42.958333333333336,9.91125,21.069166666666668,16.96875,42.958333333333336,17.621000000000002,20.269166666666667,16.882083333333334,25.125,9.81625,13.115833333333333,9.830416666666666,26.375,6.97125,13.284166666666666,10.363333333333333,85.25,11.070208333333333,44.20041666666666,36.195
2025-02-12,27.0,14.082083333333335,12.842083333333333,10.170833333333333,43.458333333333336,7.882916666666667,21.513333333333335,17.208333333333332,47.791666666666664,15.605416666666665,23.000833333333333,18.715,24.875,11.334583333333333,13.983333333333334,9.727500000000001,26.458333333333332,10.290416666666667,14.08375,10.415416666666667,83.375,10.391666666666667,41.026666666666664,32.78041666666667
2025-02-13,25.416666666666668,18.479166666666668,9.629166666666666,6.077083333333333,26.333333333333332,10.910416666666668,14.61125,9.56375,27.333333333333332,16.5725,13.432083333333333,9.229166666666666,18.0,12.417916666666665,8.442083333333334,5.182916666666666,19.791666666666668,9.071250000000001,13.061250000000001,7.692083333333333,43.583333333333336,10.582916666666668,25.510833333333334,16.109583333333333
2025-02-14,24.708333333333332,16.35375,11.628333333333332,9.0075,32.083333333333336,11.09375,16.087500000000002,12.6225,20.416666666666668,14.867916666666666,,,18.916666666666668,7.611249999999999,9.53875,7.353750000000001,28.958333333333332,5.01625,15.404583333333333,11.376249999999999,49.416666666666664,7.323125,25.137083333333333,19.094583333333333
2025-02-15,22.708333333333332,15.441250000000002,9.82,7.5304166666666665,25.166666666666668,9.633958333333334,13.13,9.769166666666667,26.333333333333332,13.346,,,17.5,8.280416666666666,8.560416666666667,6.579583333333333,23.291666666666668,5.692708333333333,12.395416666666668,9.092916666666666,38.833333333333336,8.5945,19.986250000000002,15.272083333333333
2025-02-16,27.291666666666668,9.840833333333334,12.812916666666666,10.396666666666667,42.583333333333336,5.564374999999999,20.756666666666668,16.825,38.416666666666664,6.620526315789474,18.259583333333335,15.186250000000001,26.541666666666668,6.351666666666667,12.883333333333333,10.394583333333333,30.833333333333332,5.1362499999999995,15.565416666666666,12.139166666666666,72.16666666666667,6.842105263157895,33.63291666666667,27.449583333333333
2025-02-17,24.875,14.797916666666666,10.887916666666667,8.447916666666666,35.75,9.049999999999999,18.118333333333332,14.108333333333334,32.125,15.075000000000001,15.344166666666666,12.108333333333334,22.583333333333332,12.234166666666667,11.097499999999998,8.418750000000001,22.708333333333332,10.501666666666667,12.467083333333333,8.892083333333334,57.291666666666664,9.583333333333334,28.0925,21.57625
2025-02-18,26.458333333333332,18.59,10.948333333333332,8.385833333333332,37.5,12.94625,19.448333333333334,14.853333333333333,39.25,17.641666666666666,19.41625,15.4825,22.916666666666668,12.005416666666667,11.205833333333333,8.6975,21.833333333333332,9.67625,11.747916666666667,8.577083333333333,63.666666666666664,11.01375,30.07875,23.03
2025-02-19,37.541666666666664,13.143333333333333,18.904166666666665,14.8275,73.04166666666667,7.998541666666667,33.225,25.532916666666665,70.375,9.484166666666667,29.908749999999998,24.03333333333333,38.875,10.06,19.711666666666666,15.3825,39.0,7.900833333333334,20.600416666666668,15.363333333333335,85.91666666666667,11.372499999999999,45.20166666666666,35.337916666666665
2025-02-20,30.666666666666668,10.647916666666667,15.828333333333333,12.055833333333332,52.75,4.361041666666667,26.265,19.487916666666667,61.875,11.00625,28.177916666666665,22.108333333333334,32.916666666666664,8.867916666666668,17.3,12.981666666666667,32.291666666666664,7.04,17.779999999999998,12.685833333333333,70.0,6.146842105263158,33.610416666666666,25.383333333333336
2025-02-21,29.5,9.8475,14.032083333333333,11.491666666666667,48.416666666666664,6.983333333333333,22.654583333333335,18.340833333333332,52.791666666666664,9.157083333333334,23.74083333333333,19.469166666666666,30.083333333333332,7.90875,14.834166666666667,11.844583333333333,31.458333333333332,6.914166666666667,16.074166666666667,12.363750000000001,60.625,6.15125,27.56833333333333,22.175416666666667
2025-02-22,22.458333333333332,6.779583333333334,10.551666666666668,8.068333333333333,35.833333333333336,3.10475,17.173333333333332,13.304166666666667,36.166666666666664,6.076666666666667,16.450833333333332,12.753333333333332,22.791666666666668,9.235416666666667,11.0675,8.347916666666666,22.375,9.155833333333334,11.92125,8.355416666666667,42.791666666666664,4.708749999999999,22.104166666666668,16.125416666666666
2025-02-23,15.75,11.3125,7.793333333333333,4.232916666666667,18.541666666666668,6.160208333333333,11.745833333333332,7.239999999999999,16.604166666666668,10.316875000000001,9.338947368421053,6.011052631578947,12.833333333333334,9.299583333333333,6.454166666666667,3.5195833333333333,13.958333333333334,6.065833333333333,9.472083333333334,5.016666666666667,15.708333333333334,7.343333333333334,,
2025-02-24,12.916666666666666,8.571666666666667,4.97625,3.3920833333333333,15.416666666666666,2.0995833333333334,8.569583333333332,5.90625,10.375,5.629166666666666,,,10.875,8.03,4.7091666666666665,3.057916666666667,11.208333333333334,7.239583333333333,5.705416666666667,3.938333333333333,12.166666666666666,3.2908333333333335,,
2025-02-25,10.083333333333334,7.15375,4.6433333333333335,2.435,10.291666666666666,3.4673684210526314,7.286666666666666,3.8475,14.125,9.690416666666666,6.763333333333333,3.7158333333333338,14.0,11.17,5.3687499999999995,2.415833333333333,14.5,11.719999999999999,5.815,2.555,15.375,7.325,10.63875,5.255
2025-02-26,17.125,13.727083333333333,6.755416666666666,3.0541666666666667,14.083333333333334,6.728750000000001,9.345,4.443333333333333,19.125,13.515833333333333,8.634583333333333,4.3341666666666665,17.458333333333332,14.245833333333332,6.892083333333333,2.885,14.5,11.1325,8.768333333333333,3.330833333333333,24.0,9.508333333333333,18.548333333333336,7.55
2025-02-27,26.583333333333332,22.37708333333333,7.759583333333333,4.55,21.958333333333332,14.964583333333332,12.5775,7.364583333333333,26.833333333333332,22.025000000000002,10.82125,7.053333333333334,19.541666666666668,15.687083333333334,7.776666666666666,4.473333333333334,14.625,10.610416666666667,9.564166666666667,4.93375,27.416666666666668,13.767083333333334,18.818749999999998,10.62125
2025-02-28,20.833333333333332,14.886666666666665,10.168333333333333,6.527916666666666,28.5,9.090416666666668,17.327916666666667,11.187916666666666,29.208333333333332,16.892083333333332,15.140416666666667,10.840833333333334,18.875,11.967083333333333,10.477500000000001,6.5874999999999995,18.5,9.662916666666666,12.57,7.120416666666667,47.5,9.090833333333334,28.787499999999998,18.555833333333336
2025-03-01,14.416666666666666,8.12875,8.533333333333333,5.309583333333333,22.0,3.4499999999999997,13.736666666666666,8.62,19.166666666666668,8.710869565217392,10.96125,7.1937500000000005,14.791666666666666,11.590000000000002,8.40375,4.911666666666666,14.958333333333334,10.395,10.057083333333333,5.383333333333333,37.0,6.004166666666666,24.3125,14.61875
2025-03-02,16.208333333333332,9.508750000000001,8.439166666666667,5.772083333333334,27.833333333333332,7.533333333333334,15.15,10.900833333333333,18.583333333333332,10.117083333333333,9.942083333333334,6.916666666666667,16.25,12.63,8.235,5.5575,14.625,11.078333333333333,8.89875,5.435833333333334,37.166666666666664,6.399166666666667,21.667916666666667,14.639166666666666
2025-03-03,16.708333333333332,11.337916666666667,6.480416666666667,4.5945833333333335,23.666666666666668,11.6025,12.02625,8.839583333333334,23.041666666666668,16.961666666666666,8.791666666666666,6.310833333333334,15.25,11.706249999999999,6.764583333333333,4.791666666666667,14.041666666666666,10.547916666666667,7.2820833333333335,4.5775,31.416666666666668,9.594166666666666,17.287916666666668,12.39625
2025-03-04,14.708333333333334,8.107916666666666,7.822083333333333,5.1241666666666665,22.25,8.741249999999999,12.986666666666666,8.680416666666668,22.916666666666668,12.370833333333332,12.523333333333333,8.359583333333333,14.791666666666666,10.194166666666666,7.880416666666666,5.13125,13.416666666666666,8.60875,9.397499999999999,5.132916666666667,35.083333333333336,5.822083333333333,21.403333333333336,13.863750000000001
2025-03-05,19.166666666666668,6.636666666666667,12.750833333333333,7.255416666666666,30.75,5.863333333333333,20.739583333333332,12.094999999999999,27.75,8.0125,19.047916666666666,10.944583333333334,19.291666666666668,10.601666666666667,12.940833333333332,7.388333333333333,18.5,10.850416666666668,14.33375,6.949583333333333,44.333333333333336,3.7191666666666667,30.60083333333333,17.53625
2025-03-06,17.166666666666668,5.98125,11.922916666666666,6.51875,27.166666666666668,4.499583333333333,18.735416666666666,10.662916666666666,24.708333333333332,7.329166666666667,17.902083333333334,9.480416666666667,17.416666666666668,10.775833333333333,12.197916666666666,6.722083333333334,17.5,11.572083333333333,13.38,6.470416666666666,40.583333333333336,4.453333333333333,28.106666666666666,16.025000000000002
2025-03-07,15.625,4.032916666666667,9.438333333333334,6.0616666666666665,24.708333333333332,2.629166666666667,14.555416666666666,9.71125,21.458333333333332,3.8891666666666667,13.344999999999999,8.38125,15.833333333333334,9.537916666666666,9.28875,6.074166666666667,15.208333333333334,9.921666666666667,10.339166666666666,5.798333333333333,39.083333333333336,2.856956521739131,22.325833333333332,15.4125
2025-03-08,11.833333333333334,4.28,5.585416666666667,3.9875000000000003,17.666666666666668,3.0178947368421056,9.175416666666667,6.7575,15.625,4.402916666666667,7.547916666666667,5.4629166666666675,13.25,9.230416666666667,5.77625,4.160833333333334,13.291666666666666,10.257916666666667,5.56,3.702083333333333,25.291666666666668,3.185,13.08625,9.899166666666666
2025-03-09,9.125,6.95625,2.58875,1.6091666666666666,8.916666666666666,3.604736842105263,4.386666666666667,2.8158333333333334,10.416666666666666,6.648958333333333,3.2808333333333333,2.08625,14.333333333333334,11.520833333333334,3.12875,1.5845833333333335,12.625,10.125833333333334,3.26125,1.7829166666666667,12.833333333333334,6.164583333333333,6.203333333333333,4.0
2025-03-10,18.125,14.98375,2.7108333333333334,1.9058333333333335,14.708333333333334,10.262916666666667,4.973333333333334,3.3804166666666666,20.166666666666668,15.160833333333334,4.02625,3.1170833333333334,16.166666666666668,13.207083333333335,3.1679166666666667,2.0058333333333334,11.833333333333334,9.4325,3.7895833333333333,2.3291666666666666,18.958333333333332,9.65875,8.107916666666666,5.937083333333334
2025-03-11,12.208333333333334,9.580416666666666,2.0691666666666664,1.3679166666666667,8.625,4.4312499999999995,4.492083333333333,2.61375,13.583333333333334,10.299583333333333,2.90375,2.1062499999999997,15.208333333333334,12.252916666666666,2.9137500000000003,1.6725,13.666666666666666,10.996249999999998,3.6162500000000004,1.7508333333333332,14.625,8.749583333333334,5.902916666666666,4.03875
2025-03-12,13.625,10.945,2.4295833333333334,1.6554166666666668,10.458333333333334,5.647083333333334,5.157916666666666,3.325416666666667,15.083333333333334,11.814166666666667,3.80125,2.8679166666666664,16.75,13.617083333333333,2.9033333333333338,1.8783333333333332,15.083333333333334,12.18,4.0249999999999995,2.1166666666666667,17.125,10.052916666666667,8.53,6.046250000000001
2025-03-13,14.958333333333334,11.408333333333333,4.911666666666666,3.7375000000000003,17.833333333333332,6.422291666666666,9.53625,6.91875,18.416666666666668,14.001666666666667,6.8879166666666665,5.275,19.666666666666668,15.98625,5.2675,3.8679166666666664,17.833333333333332,14.454583333333334,5.9679166666666665,3.9275,26.75,10.77125,14.730416666666665,10.509166666666667
2025-03-14,16.291666666666668,12.880833333333333,5.284166666666667,4.024583333333333,19.916666666666668,6.67625,10.908333333333333,7.609166666666667,20.625,15.088333333333333,7.62,5.954583333333333,19.791666666666668,16.138333333333332,5.252916666666667,3.955416666666667,16.333333333333332,13.2525,6.389166666666667,4.25375,33.458333333333336,11.328333333333333,18.449166666666667,13.21375
2025-03-15,15.958333333333334,9.720833333333333,7.441666666666666,6.119583333333334,28.833333333333332,4.101666666666667,14.07,11.331666666666665,22.083333333333332,10.095,10.227916666666667,8.58625,19.083333333333332,15.448333333333332,7.41125,6.1187499999999995,17.583333333333332,13.460416666666667,8.285,6.432083333333334,51.875,8.955652173913043,24.957916666666666,20.2025
2025-03-16,19.166666666666668,11.947083333333333,8.701666666666666,6.8812500000000005,31.666666666666668,5.8775,15.06,12.426250000000001,24.75,10.982916666666666,11.810833333333333,9.644166666666667,19.75,14.763333333333334,8.805,7.048333333333333,19.916666666666668,11.80375,10.049166666666666,7.69,63.083333333333336,8.174166666666666,28.008333333333336,22.379166666666666
2025-03-17,28.083333333333332,15.902083333333332,12.722083333333332,9.75125,34.583333333333336,13.349166666666667,17.07875,13.570416666666667,33.375,19.176666666666666,14.939583333333333,12.207083333333335,24.791666666666668,15.391666666666666,11.392916666666666,9.02875,26.375,10.810416666666667,13.887916666666667,10.40875,78.66666666666667,10.270833333333334,38.85041666666667,28.791666666666668
2025-03-18,17.416666666666668,8.592916666666666,8.58,6.37,23.458333333333332,7.317916666666666,11.977083333333333,9.1775,21.541666666666668,13.0175,9.836666666666668,7.665,19.0,12.919166666666667,7.9624999999999995,5.984166666666667,18.416666666666668,11.250416666666666,8.897499999999999,6.296666666666667,42.291666666666664,7.165833333333333,23.025833333333335,15.854166666666666
2025-03-19,7.708333333333333,4.530833333333333,3.7604166666666665,2.5483333333333333,13.375,4.0997916666666665,7.522916666666667,4.916666666666667,9.958333333333334,5.019583333333333,4.699166666666667,3.4308333333333336,12.625,10.234583333333333,3.9291666666666667,2.767916666666667,12.75,10.0025,4.305416666666667,2.6308333333333334,16.791666666666668,3.530416666666667,8.33625,6.530833333333334
2025-03-20,9.291666666666666,3.7358333333333333,6.65125,3.4483333333333337,14.166666666666666,2.5204166666666667,10.529583333333333,5.427499999999999,13.416666666666666,4.36125,9.88375,4.974166666666666,12.541666666666666,9.52375,7.18375,3.4483333333333337,13.708333333333334,10.21375,8.0625,3.530416666666667,22.166666666666668,3.4404166666666662,14.5525,8.6425
2025-03-21,17.708333333333332,6.027916666666666,13.477083333333333,5.848333333333333,21.833333333333332,1.5716666666666665,17.027916666666666,8.12625,25.916666666666668,3.987083333333333,20.263333333333332,8.482916666666666,18.25,11.099583333333333,13.293333333333335,5.6066666666666665,20.25,9.951666666666666,15.630416666666667,5.735833333333333,34.583333333333336,4.215416666666667,27.155416666666667,13.369583333333333
2025-03-22,9.75,7.738333333333333,1.9720833333333332,1.1104166666666666,6.25,3.1639583333333334,3.375833333333333,1.7941666666666667,9.583333333333334,7.869999999999999,2.3158333333333334,1.2404166666666667,16.625,13.492916666666666,3.2875,1.1229166666666666,15.125,12.269166666666665,2.9920833333333334,1.32375,8.75,6.847916666666666,4.140416666666667,2.283333333333333
2025-03-23,9.833333333333334,7.692916666666666,4.1475,2.05875,10.208333333333334,2.89125,6.544583333333333,3.858333333333333,11.458333333333334,8.409166666666666,5.09125,2.8312500000000003,15.125,12.217500000000001,4.075,1.8758333333333335,13.208333333333334,10.567083333333334,5.033333333333333,2.1579166666666665,14.541666666666666,6.540416666666666,10.624583333333334,5.050833333333333
2025-03-24,20.375,16.710416666666667,4.480833333333334,2.589166666666667,13.166666666666666,9.469583333333334,6.722083333333334,4.17375,24.25,20.08625,6.42875,4.3325000000000005,19.791666666666668,16.24833333333333,4.234166666666667,2.4304166666666664,15.833333333333334,12.590000000000002,5.748333333333334,3.029166666666667,21.083333333333332,14.398333333333333,12.862916666666665,7.4991666666666665
2025-03-25,15.916666666666666,12.885833333333332,4.5687500000000005,3.379583333333333,16.791666666666668,6.77625,8.405416666666666,6.308333333333334,19.625,15.219166666666666,7.4433333333333325,5.97625,17.333333333333332,14.109583333333333,4.4383333333333335,3.285,14.625,11.897916666666667,5.575,3.865,32.666666666666664,12.312916666666666,16.82125,12.784166666666666
2025-03-26,21.666666666666668,11.680833333333332,10.667916666666665,8.34625,35.541666666666664,6.359999999999999,18.385833333333334,14.030000000000001,33.416666666666664,14.244583333333333,16.02958333333333,12.99125,20.083333333333332,15.337083333333332,9.804583333333333,7.545833333333333,21.875,13.4425,11.659583333333332,8.580416666666666,63.291666666666664,11.079166666666666,28.988333333333333,22.545
2025-03-27,30.708333333333332,13.586666666666666,15.1625,12.117916666666666,53.541666666666664,7.25125,25.754166666666666,20.200416666666666,44.166666666666664,16.8075,21.522916666666664,17.472083333333334,27.708333333333332,15.619166666666667,13.813749999999999,10.8825,32.333333333333336,13.348333333333334,16.8225,12.732916666666666,81.04166666666667,12.937083333333334,38.54208333333333,30.554583333333337
2025-03-28,27.666666666666668,10.894583333333335,13.160833333333334,10.7725,46.0,5.792083333333333,22.483333333333334,17.962083333333332,40.791666666666664,11.520416666666668,19.501250000000002,16.10125,26.041666666666668,13.915416666666665,12.539166666666667,10.238333333333333,28.291666666666668,12.22875,14.260416666666666,11.159166666666666,75.75,9.975416666666666,33.82416666666666,27.4875
2025-03-29,16.583333333333332,7.464166666666666,10.464166666666666,6.389583333333333,27.125,3.1604166666666664,16.864166666666666,10.639999999999999,23.083333333333332,8.21875,14.315,8.972083333333332,19.041666666666668,14.995416666666666,10.267083333333334,6.229583333333333,18.541666666666668,14.295416666666666,12.089583333333332,6.411666666666666,39.708333333333336,7.673749999999999,25.515833333333333,15.497083333333334
2025-03-30,16.40909090909091,7.634545454545455,12.615909090909092,5.652272727272727,22.545454545454547,4.3136363636363635,17.40818181818182,8.755,20.636363636363637,7.957954545454545,16.08818181818182,7.496363636363636,16.954545454545453,12.886363636363637,11.82090909090909,4.886363636363637,19.818181818181817,11.412272727272727,15.54090909090909,5.766818181818182,40.31818181818182,6.289545454545455,31.885454545454547,14.177272727272726
2025-03-31,20.375,15.293333333333335,8.854583333333332,4.715833333333333,20.833333333333332,10.231250000000001,12.38875,6.9312499999999995,26.166666666666668,17.808333333333334,12.255833333333333,7.26625,18.625,13.722083333333332,8.259166666666667,4.248333333333333,15.5,10.358749999999999,10.6275,4.667916666666667,30.333333333333332,10.453750000000001,22.378333333333334,11.430833333333332
2025-04-01,19.833333333333332,13.9075,8.723333333333333,5.263333333333333,21.916666666666668,9.71625,13.704583333333334,8.225,25.625,17.588,13.395416666666668,9.203333333333333,16.583333333333332,10.717916666666667,8.815,5.16375,15.25,7.317708333333333,10.465833333333334,5.690833333333334,35.583333333333336,8.763541666666667,23.402916666666666,14.045833333333334
2025-04-02,21.75,11.584583333333333,11.369166666666667,7.627083333333334,30.375,7.82,17.82166666666667,11.920416666666666,34.375,15.157083333333333,18.267500000000002,13.296666666666667,22.625,14.539166666666667,12.139166666666666,8.243333333333334,23.291666666666668,11.940833333333332,14.02625,8.737499999999999,46.958333333333336,8.754166666666666,27.110416666666666,18.21
2025-04-03,13.708333333333334,5.6504166666666675,7.1275,4.777083333333334,21.208333333333332,5.5008333333333335,11.4,8.014999999999999,21.541666666666668,7.949166666666667,11.389583333333334,7.8812500000000005,17.416666666666668,12.292083333333332,7.270833333333333,4.730833333333334,19.375,11.697916666666666,9.694583333333332,5.8500000000000005,31.791666666666668,5.400833333333334,17.692083333333333,12.285416666666668
2025-04-04,9.291666666666666,4.3975,5.645833333333333,3.3350000000000004,14.125,5.075,8.808333333333334,5.324166666666667,13.458333333333334,6.801666666666667,8.136666666666667,4.647916666666666,14.791666666666666,11.904583333333333,6.159166666666667,3.410833333333333,15.0,12.119166666666667,7.07125,3.2870833333333334,21.208333333333332,4.4225,13.1725,8.274166666666668
2025-04-05,9.375,5.479583333333333,5.354166666666667,3.032083333333333,12.375,1.89,7.904583333333334,4.755416666666666,12.125,5.0129166666666665,7.625,4.26875,12.416666666666666,9.9075,5.429583333333333,3.06875,11.666666666666666,9.3825,6.03875,3.0620833333333333,17.541666666666668,4.88,10.793333333333335,6.767916666666667
2025-04-06,9.875,6.671666666666667,3.170833333333333,2.1933333333333334,10.708333333333334,3.8212499999999996,5.5125,3.9729166666666664,12.083333333333334,7.155,4.718333333333333,3.3958333333333335,11.75,9.402083333333334,2.6824999999999997,1.7616666666666667,10.25,8.082083333333333,3.5308333333333333,2.22625,13.375,5.2875000000000005,6.984166666666667,4.878333333333333
2025-04-07,21.916666666666668,11.415,9.991666666666667,7.592083333333334,27.791666666666668,8.406666666666666,13.889166666666666,10.955833333333333,17.979166666666668,13.961666666666666,,,20.958333333333332,12.889166666666666,9.792083333333332,6.935833333333334,23.208333333333332,10.588333333333333,16.378333333333334,7.47,18.6875,8.207291666666666,,
2025-04-08,26.458333333333332,15.15875,11.53875,8.580833333333333,33.833333333333336,10.325416666666667,17.842499999999998,13.275,30.333333333333332,17.022083333333335,16.160555555555554,12.397777777777778,24.833333333333332,13.315833333333332,12.80625,8.810833333333333,23.833333333333332,10.200416666666667,15.237499999999999,8.733333333333333,36.75,10.361666666666666,,
2025-04-09,22.541666666666668,11.158333333333333,11.334583333333333,7.8975,32.208333333333336,7.658333333333334,18.327083333333334,12.687916666666666,32.625,19.664210526315788,16.635,12.309166666666668,21.333333333333332,9.83625,12.367083333333333,8.11375,20.666666666666668,8.48625,12.527916666666668,8.047083333333333,45.791666666666664,7.354583333333333,25.21625,18.06833333333333
2025-04-10,22.666666666666668,,12.2125,8.585416666666667,33.833333333333336,5.56,19.031666666666666,13.33625,33.0,,17.90791666666667,13.020833333333334,21.875,4.44125,12.4225,8.525833333333333,21.0,3.7075,12.90375,8.182916666666666,45.291666666666664,4.395277777777777,24.941666666666666,17.814583333333335
2025-04-11,18.333333333333332,,10.795,7.123333333333334,29.208333333333332,3.723333333333333,16.948333333333334,11.4625,27.791666666666668,,15.854999999999999,10.912083333333333,19.0,3.254583333333333,11.262916666666667,7.411666666666666,17.75,3.8870833333333334,12.361666666666666,6.922083333333333,40.416666666666664,1.761111111111111,23.27416666666667,15.945416666666667
2025-04-12,13.416666666666666,,7.64875,5.16125,22.333333333333332,,12.6225,8.712916666666667,19.166666666666668,,11.16125,7.49125,14.291666666666666,2.4133333333333336,8.40375,5.52,13.291666666666666,2.903541666666667,9.049583333333333,5.130833333333333,30.625,1.559,17.419999999999998,12.028333333333334
2025-04-13,14.833333333333334,,7.170416666666667,5.722916666666666,22.875,0.9723809523809525,11.215000000000002,8.977083333333333,25.625,,12.4225,10.042916666666667,14.083333333333334,3.9877083333333334,6.93375,5.415833333333333,15.25,4.2283333333333335,7.995833333333334,5.908333333333334,40.666666666666664,2.2687500000000003,20.05666666666667,16.082083333333333
2025-04-14,14.166666666666666,,6.089166666666666,4.795,20.666666666666668,,9.604166666666666,7.6475,19.166666666666668,,9.255,7.364583333333333,12.458333333333334,3.9741666666666666,5.800416666666667,4.534583333333333,13.083333333333334,2.4385416666666666,6.9070833333333335,5.007916666666667,32.416666666666664,3.5672916666666663,16.452083333333334,12.79
2025-04-15,9.541666666666666,,4.675416666666666,3.0825,15.666666666666666,,7.5808333333333335,5.216666666666667,12.083333333333334,,6.765833333333333,4.465,12.666666666666666,6.965416666666666,4.9054166666666665,3.089166666666667,11.166666666666666,5.6379166666666665,5.649166666666667,3.23875,19.958333333333332,7.101052631578947,11.024583333333332,7.404583333333334
2025-04-16,6.875,3.802894736842105,3.0629166666666667,1.6466666666666667,7.916666666666667,,5.2924999999999995,2.88125,8.458333333333334,,4.5929166666666665,2.7533333333333334,7.541666666666667,4.835833333333333,3.1612500000000003,1.6079166666666669,7.041666666666667,3.8033333333333332,3.9975,1.7891666666666666,14.708333333333334,5.027368421052631,9.913333333333334,5.557083333333334
2025-04-17,6.5,3.40375,3.2616666666666667,1.8462500000000002,9.75,3.3025,5.803333333333334,3.41,11.125,5.761111111111111,5.3691666666666675,3.2470833333333338,6.708333333333333,3.5058333333333334,3.345,1.8724999999999998,7.458333333333333,4.472083333333333,4.5320833333333335,2.214166666666667,14.75,3.4658333333333338,9.84375,5.673333333333333
2025-04-18,9.416666666666666,6.351578947368421,4.29625,2.631666666666667,11.75,5.228,6.4433333333333325,4.3975,11.958333333333334,7.967777777777777,6.033333333333334,4.074583333333334,7.666666666666667,4.079210526315789,4.022083333333334,2.567083333333333,7.958333333333333,3.2063157894736842,4.9275,2.669166666666667,15.791666666666666,5.3539473684210535,9.66375,6.15125
2025-04-19,4.291666666666667,2.1322222222222225,2.5316666666666667,1.3204166666666668,6.083333333333333,1.4266666666666667,3.5745833333333334,2.1149999999999998,5.75,2.182916666666667,3.0941666666666667,1.78,6.083333333333333,3.7585416666666664,2.3733333333333335,1.2929166666666667,6.958333333333333,4.851249999999999,2.9341666666666666,1.4558333333333333,8.416666666666666,2.521666666666667,5.960416666666667,3.0316666666666663
2025-04-20,3.875,1.8195833333333333,1.5604166666666668,0.86375,6.0,2.70875,2.5587500000000003,1.6404166666666666,4.958333333333333,2.9141666666666666,2.1475,1.1433333333333333,4.791666666666667,3.48,1.5966666666666667,0.8558333333333333,6.25,4.819999999999999,2.1929166666666666,1.1558333333333333,6.291666666666667,2.622916666666667,4.0616666666666665,2.30375
2025-04-21,6.0,1.5,3.4729166666666664,1.9520833333333334,8.666666666666666,2.3320833333333333,5.048333333333333,3.1158333333333332,8.666666666666666,2.638333333333333,4.802083333333333,2.8979166666666667,5.666666666666667,2.481875,3.4408333333333334,1.9166666666666667,7.125,4.10375,4.3425,2.1783333333333332,13.916666666666666,2.58625,8.55875,5.11625
2025-04-22,8.708333333333334,4.264583333333333,4.33625,2.7620833333333334,12.333333333333334,5.449583333333333,6.59625,4.413333333333333,13.208333333333334,8.49,6.010000000000001,3.9716666666666662,10.041666666666666,7.970833333333334,4.007916666666667,2.5212499999999998,12.5,9.9675,5.163749999999999,2.9575,19.083333333333332,7.625833333333333,11.08,7.175
2025-04-23,14.916666666666666,7.995416666666666,7.656666666666666,4.402083333333334,17.958333333333332,6.916666666666667,10.805416666666666,6.395416666666667,20.666666666666668,11.237083333333333,11.053333333333335,6.955416666666667,11.875,4.756458333333334,7.364999999999999,4.074166666666667,12.583333333333334,4.717083333333333,9.157916666666667,4.51625,29.208333333333332,5.902916666666667,20.147916666666667,11.49
2025-04-24,13.875,3.8058333333333336,7.74625,5.110833333333333,20.25,5.409583333333334,11.428333333333333,7.825833333333333,21.666666666666668,6.769166666666667,11.674583333333333,8.148333333333333,13.125,2.053125,7.657916666666666,5.059166666666667,13.458333333333334,2.2627083333333333,8.58,5.142083333333333,32.125,4.349583333333333,18.655416666666667,12.657916666666667
2025-04-25,23.666666666666668,5.030833333333333,12.378333333333332,9.2925,35.125,5.79375,20.408333333333335,13.861666666666666,20.541666666666668,7.284166666666667,,,23.083333333333332,1.8397916666666667,12.97375,9.067083333333334,32.416666666666664,2.035833333333333,24.16208333333333,9.754166666666666,25.229166666666668,3.9664583333333336,,
2025-04-26,15.958333333333334,1.2669444444444444,8.4925,6.132083333333334,24.166666666666668,1.6179166666666667,17.747916666666665,9.371666666666668,16.416666666666668,2.73875,9.991111111111111,7.432222222222222,15.208333333333334,3.3841666666666668,8.911666666666667,5.871666666666666,19.5,5.613333333333333,13.363333333333332,6.009166666666666,22.958333333333332,3.0566666666666666,,
2025-04-27,6.0,0.855625,3.2116666666666664,2.22375,10.583333333333334,1.9775,5.470833333333334,3.9283333333333332,8.625,1.8412499999999998,4.778333333333333,3.2641666666666667,6.75,4.949166666666667,3.2579166666666666,2.112083333333333,9.583333333333334,7.62125,3.9404166666666662,2.43375,16.375,2.842916666666667,9.227083333333333,6.342083333333334
2025-04-28,19.166666666666668,3.719375,9.6275,7.442916666666666,26.916666666666668,4.458333333333333,13.496666666666668,10.565833333333334,27.75,6.447894736842105,13.709583333333333,10.922083333333333,18.958333333333332,2.973684210526316,9.625,7.36,19.208333333333332,2.3408333333333333,10.487499999999999,7.4750000000000005,65.33333333333333,3.5285,29.68166666666667,23.246666666666666
2025-04-29,10.458333333333334,,5.7250000000000005,3.860416666666667,15.125,4.902083333333334,8.62125,5.7437499999999995,15.541666666666666,5.607083333333333,8.34125,5.736666666666667,10.416666666666666,2.7191666666666667,6.072083333333333,3.8816666666666664,10.625,5.999583333333334,6.378333333333333,3.7808333333333333,26.666666666666668,3.110526315789474,13.995416666666666,9.975
2025-04-30,7.416666666666667,1.6037499999999998,4.924166666666667,2.6104166666666666,12.416666666666666,4.759166666666666,9.030416666666667,4.4695833333333335,10.625,3.5237499999999997,6.720416666666666,3.612083333333333,8.375,3.7779166666666666,5.790416666666666,2.767916666666667,10.125,7.26875,5.729166666666667,2.4791666666666665,13.708333333333334,1.8316666666666668,10.037916666666666,5.266666666666667
2025-05-01,8.625,0.5797368421052632,5.989166666666667,3.172083333333333,13.125,2.8874999999999997,9.810833333333333,5.1066666666666665,11.083333333333334,1.4202083333333333,8.498333333333333,4.1725,8.708333333333334,2.5254166666666666,6.367083333333333,3.2558333333333334,9.5,6.472916666666666,6.842083333333334,3.0275,16.5,1.345,12.667916666666668,6.420416666666667
2025-05-02,12.0,2.0710416666666664,9.225,4.247916666666667,17.333333333333332,5.1433333333333335,13.169166666666667,6.46125,16.375,4.7125,12.577083333333334,5.94125,12.708333333333334,5.625416666666666,9.5925,4.49875,14.041666666666666,8.745416666666667,10.727916666666667,4.178333333333334,24.083333333333332,4.135416666666667,18.7,8.979166666666666
2025-05-03,9.333333333333334,3.1915789473684213,5.920416666666667,3.4608333333333334,14.708333333333334,3.526875,9.5375,5.672916666666667,14.708333333333334,3.486041666666667,9.2775,5.6620833333333325,9.5,1.6597916666666668,6.28125,3.543333333333333,11.125,2.297708333333333,7.769166666666667,3.8545833333333337,24.458333333333332,3.794583333333333,15.29625,9.569583333333332
2025-05-04,7.5,2.0608333333333335,3.9616666666666664,2.785833333333333,12.541666666666666,2.6620833333333334,6.825,4.8012500000000005,12.291666666666666,3.6364583333333336,6.8445833333333335,4.7058333333333335,7.625,2.95375,4.2595833333333335,2.733333333333333,8.916666666666666,5.0228947368421055,5.157916666666667,3.08,20.125,3.3225,12.112499999999999,7.8620833333333335
2025-05-05,11.125,2.604375,5.3725,4.166666666666667,17.416666666666668,2.750208333333333,8.882916666666667,6.766249999999999,17.666666666666668,5.845,9.003333333333334,6.84375,10.666666666666666,5.3062499999999995,5.453333333333333,4.0320833333333335,11.833333333333334,6.749583333333334,6.37375,4.479166666666667,28.875,6.2195833333333335,15.094583333333333,11.35875
2025-05-06,11.958333333333334,6.484999999999999,6.59375,3.809583333333333,16.208333333333332,5.90125,11.510833333333332,6.159166666666667,16.875,10.499583333333334,9.005833333333333,5.565,12.25,9.290416666666667,6.885833333333333,3.7533333333333334,12.375,9.659166666666666,8.854583333333332,4.05,27.25,9.547916666666667,19.56125,10.70375
2025-05-07,14.208333333333334,5.4433333333333325,7.732083333333333,4.8500000000000005,24.375,6.541666666666667,17.482916666666668,8.774583333333334,20.125,9.31625,10.302916666666667,6.882916666666667,13.041666666666666,5.310833333333333,7.953333333333333,4.889583333333333,12.875,6.395833333333333,8.9575,4.8966666666666665,37.25,5.633333333333333,23.02416666666667,14.687083333333334
2025-05-08,15.166666666666666,5.723333333333334,7.625,5.0575,29.625,6.529583333333334,22.83375,9.858749999999999,21.041666666666668,8.616249999999999,11.014166666666666,7.6570833333333335,13.958333333333334,6.522083333333334,8.00375,5.1691666666666665,13.666666666666666,7.767083333333333,8.873333333333333,5.242083333333333,41.666666666666664,5.744583333333334,23.546666666666667,16.461666666666666
2025-05-09,17.666666666666668,8.196875,8.739583333333334,6.404166666666666,30.458333333333332,7.83625,21.06083333333333,10.946666666666667,25.25,12.649166666666666,12.556666666666667,9.5375,16.625,8.73625,9.139583333333333,6.398333333333333,16.958333333333332,8.532083333333334,9.93625,6.529583333333334,45.5,10.229583333333332,24.110833333333332,17.940833333333334
2025-05-10,23.625,5.305,11.239583333333334,9.221666666666666,33.166666666666664,5.217083333333334,17.590454545454545,13.647272727272728,39.291666666666664,5.9437500000000005,18.779166666666665,15.499166666666667,20.833333333333332,3.4858333333333333,10.294583333333334,8.137083333333333,24.875,3.015,12.64875,9.71875,77.54166666666667,4.9383333333333335,35.221250000000005,28.348333333333333
2025-05-11,7.208333333333333,1.391875,3.74,2.6316666666666664,10.958333333333334,1.1626315789473685,5.826250000000001,4.154583333333333,10.75,1.7573684210526317,5.622083333333333,4.069166666666667,7.333333333333333,3.0716666666666668,3.7279166666666668,2.60125,9.166666666666666,5.2179166666666665,4.59875,3.139583333333333,15.125,2.460625,9.643157894736841,6.7915789473684205
2025-05-12,9.583333333333334,4.532916666666666,3.751666666666667,2.6566666666666667,11.958333333333334,3.6145833333333335,6.030833333333334,4.245,16.0,6.833125,7.183333333333334,5.2941666666666665,8.708333333333334,3.6645833333333333,4.474166666666666,2.932916666666667,9.083333333333334,3.971666666666667,4.641666666666667,3.0370833333333334,19.333333333333332,4.097916666666666,10.16,7.53625
2025-05-13,7.291666666666667,3.561666666666667,3.1816666666666666,2.1625,15.375,4.439166666666667,10.072083333333333,3.6475000000000004,15.0,6.7575,7.126666666666666,5.1575,6.791666666666667,2.4483333333333333,4.420416666666667,2.4516666666666667,6.583333333333333,1.92125,3.969583333333333,2.384583333333333,13.0,4.23625,7.173749999999999,4.820833333333334
2025-05-14,11.541666666666666,4.586875,5.57,4.19125,27.208333333333332,5.07875,19.687083333333334,7.0675,19.083333333333332,7.409583333333333,9.65875,7.46,10.5,3.0700000000000003,5.842083333333334,3.9725,13.375,3.3045833333333334,7.355833333333333,5.0200000000000005,23.458333333333332,6.026666666666666,12.815,9.163333333333334
2025-05-15,18.916666666666668,4.585208333333333,9.035,7.334583333333334,28.083333333333332,5.980416666666667,14.064583333333333,11.048333333333334,28.541666666666668,8.561666666666666,13.847499999999998,11.222083333333332,16.166666666666668,6.020416666666667,8.414166666666667,6.256666666666667,20.333333333333332,7.8445833333333335,10.8575,7.954583333333333,42.875,8.40125,21.716250000000002,16.97458333333333
2025-05-16,22.416666666666668,3.3377083333333335,10.910833333333334,8.794166666666667,35.0,5.019583333333333,17.281666666666666,13.8075,30.75,6.477083333333333,15.063333333333333,12.145833333333334,21.125,6.885833333333333,10.430833333333334,8.268333333333333,22.208333333333332,9.86375,11.460833333333333,8.705,50.375,6.78875,24.881666666666664,19.690833333333334
2025-05-17,27.375,4.179,14.6775,10.771666666666667,41.541666666666664,5.092083333333334,22.10875,16.419583333333332,44.416666666666664,7.364999999999999,22.989583333333332,17.52375,27.75,4.535833333333334,15.046666666666667,10.923333333333334,29.541666666666668,6.294791666666666,19.13375,11.581249999999999,77.125,4.486041666666667,40.76083333333333,29.771666666666665
2025-05-18,24.875,2.2658333333333336,12.830416666666666,9.756666666666666,38.375,3.4691666666666667,19.969583333333333,15.145833333333334,40.375,5.4545,20.773333333333333,15.910416666666668,26.083333333333332,1.4905,13.839583333333332,10.260833333333332,27.0,3.8210526315789477,16.88,10.623333333333333,70.66666666666667,2.2783333333333333,33.82375,25.582916666666666
2025-05-19,18.041666666666668,5.194583333333333,9.613333333333333,6.979166666666667,27.25,5.4870833333333335,15.061666666666667,10.697916666666666,25.833333333333332,8.647499999999999,14.090833333333334,10.12,18.333333333333332,5.722916666666666,10.210833333333333,7.176666666666667,19.958333333333332,7.009583333333333,12.137500000000001,7.771666666666667,39.458333333333336,6.836666666666667,21.4075,15.598333333333334
2025-05-20,13.25,3.4179166666666667,6.410833333333334,4.637083333333333,19.833333333333332,4.319583333333333,11.34125,7.64875,21.666666666666668,8.42125,10.327916666666667,7.417083333333333,14.125,6.8254166666666665,7.147083333333334,4.9225,13.458333333333334,8.810416666666667,7.994166666666666,4.9475,29.416666666666668,6.392499999999999,16.614583333333332,11.592500000000001
2025-05-21,22.666666666666668,7.176666666666667,11.26625,8.717916666666666,32.458333333333336,7.048750000000001,17.099999999999998,12.774583333333332,32.75,9.699583333333333,16.5675,12.936666666666667,21.958333333333332,5.287916666666667,11.370416666666666,8.56,23.75,5.957083333333333,13.264166666666666,9.309166666666666,64.04166666666667,7.065625,30.625,23.299166666666665
2025-05-22,19.208333333333332,2.8157894736842106,11.228333333333333,7.462916666666666,27.291666666666668,3.2729166666666667,16.15875,10.737916666666665,26.375,5.343333333333334,15.109583333333333,10.332916666666668,18.458333333333332,6.11375,11.270416666666668,7.172499999999999,20.0,8.43375,13.132916666666667,7.583749999999999,50.208333333333336,5.937916666666666,28.635416666666668,18.75583333333333
2025-05-23,15.416666666666666,4.754166666666666,8.745416666666666,5.7175,22.083333333333332,5.32625,13.02125,8.605833333333333,23.375,9.232916666666666,12.74125,8.714166666666666,15.375,8.405,9.101666666666667,5.621666666666666,15.333333333333334,10.590416666666666,9.655,5.362916666666667,35.208333333333336,7.407916666666666,21.6575,13.918333333333335
2025-05-24,21.166666666666668,4.423684210526315,10.714583333333332,8.261666666666667,32.541666666666664,4.340416666666667,16.718333333333334,12.824166666666668,30.458333333333332,6.890625,15.301666666666668,11.998333333333333,21.25,4.1466666666666665,10.986666666666666,8.2675,20.791666666666668,5.97625,11.38,8.086666666666666,65.91666666666667,3.561666666666667,30.462083333333336,23.74791666666667
2025-05-25,19.416666666666668,,9.48625,7.534166666666667,28.958333333333332,3.67625,14.392916666666666,11.372083333333334,26.5,5.12125,12.873333333333333,10.420833333333333,20.25,2.8841666666666668,9.99625,7.8999999999999995,18.5,4.494583333333334,9.606250000000001,7.214166666666666,54.791666666666664,4.069473684210527,25.057916666666667,20.256666666666668
2025-05-26,14.083333333333334,2.0025,7.015000000000001,5.40125,20.708333333333332,3.5224999999999995,10.650416666666667,8.098333333333334,18.666666666666668,4.28,9.314166666666667,7.250416666666666,14.041666666666666,2.1795833333333334,7.194166666666667,5.41875,13.958333333333334,3.045833333333333,7.591666666666666,5.4175,30.541666666666668,5.0125,15.71625,11.988333333333335
2025-05-27,12.75,3.5570833333333334,6.959583333333334,4.431666666666667,16.833333333333332,4.906666666666667,10.58375,6.53125,18.208333333333332,6.97,9.790416666666667,6.489583333333333,11.916666666666666,3.1760416666666664,7.345,4.369583333333334,12.291666666666666,3.4595833333333332,8.642916666666666,4.702916666666667,27.291666666666668,3.932916666666667,17.012083333333333,10.7325
2025-05-28,15.333333333333334,3.925416666666667,8.73375,5.7562500000000005,20.875,5.291666666666667,12.970833333333333,8.116666666666667,22.708333333333332,8.694583333333332,12.27375,8.594166666666666,15.375,3.0393749999999997,9.43,5.9383333333333335,14.666666666666666,4.4475,10.300416666666667,5.6937500000000005,33.083333333333336,5.40625,19.982083333333332,13.038333333333334
2025-05-29,18.25,5.367291666666667,10.087916666666667,6.890416666666667,25.583333333333332,7.995833333333334,15.392916666666666,10.03625,28.625,15.67375,14.799999999999999,10.477916666666667,17.75,2.6997916666666666,10.847499999999998,6.8741666666666665,18.666666666666668,3.5675000000000003,12.399583333333332,7.265416666666667,38.958333333333336,5.645,23.377916666666668,15.405416666666667
2025-05-30,16.25,5.9991666666666665,9.333333333333334,6.1745833333333335,23.333333333333332,8.122916666666667,14.649583333333332,9.124583333333334,25.375,13.330833333333333,14.011249999999999,9.803333333333333,15.791666666666666,3.2708333333333335,9.891666666666667,6.060416666666666,16.125,2.9785416666666666,11.539583333333333,6.197500000000001,28.666666666666668,6.927916666666667,17.830416666666668,11.193333333333333
2025-05-31,14.916666666666666,2.56125,9.045,5.805833333333333,20.416666666666668,4.5625,13.365833333333333,7.971666666666667,25.458333333333332,8.35,14.499583333333334,9.9975,14.916666666666666,,9.42125,5.795833333333333,14.541666666666666,2.6042105263157898,10.535416666666666,5.578749999999999,30.375,3.6525,19.70375,11.945833333333333
2025-06-01,20.708333333333332,,10.2925,8.014583333333333,27.208333333333332,1.21125,14.110833333333334,10.742916666666666,31.375,0.9831249999999999,15.709583333333333,12.384583333333333,19.416666666666668,,10.116249999999999,7.5058333333333325,19.958333333333332,,10.865,7.79625,39.291666666666664,1.3654166666666667,20.404999999999998,15.593333333333334
2025-06-02,15.791666666666666,,7.54,6.145,22.791666666666668,3.5591666666666666,11.132083333333334,8.88875,24.083333333333332,5.16875,11.613333333333335,9.422916666666667,14.166666666666666,,6.984999999999999,5.4925,16.375,,8.620833333333334,6.3325,34.625,4.656666666666667,17.246666666666666,13.594166666666666
2025-06-03,11.791666666666666,2.5309999999999997,5.761666666666667,4.534166666666667,16.625,3.0429166666666667,8.337083333333334,6.396249999999999,19.041666666666668,4.6570833333333335,9.22,7.3675,9.75,,4.92,3.725,13.666666666666666,1.39,7.447500000000001,5.2716666666666665,33.333333333333336,4.5475,16.941666666666666,13.105416666666665
2025-06-04,15.166666666666666,2.636875,7.213333333333334,5.884166666666666,20.083333333333332,3.109583333333333,9.843333333333334,7.833749999999999,25.958333333333332,4.614999999999999,12.467916666666667,10.135416666666666,12.791666666666666,1.9816666666666667,6.259166666666666,4.945416666666667,16.916666666666668,1.7162499999999998,8.779166666666667,6.574166666666667,39.916666666666664,2.6950000000000003,20.04041666666667,15.7525
2025-06-05,13.916666666666666,2.6285416666666666,7.905,5.272083333333334,18.833333333333332,2.3627083333333334,11.210416666666667,7.321666666666666,21.083333333333332,5.471388888888889,11.62,8.24,13.583333333333334,1.9695833333333335,8.06625,5.1866666666666665,14.041666666666666,2.4297916666666666,9.291666666666666,5.437916666666666,29.916666666666668,2.937708333333333,18.365416666666665,11.815
2025-06-06,12.041666666666666,3.513541666666667,6.2575,4.066666666666666,16.208333333333332,3.5104166666666665,9.857083333333334,6.248333333333334,15.375,4.615833333333334,8.549166666666666,5.669583333333333,10.833333333333334,1.4461666666666666,6.96125,4.110833333333333,11.0,1.82625,7.696666666666666,4.241666666666666,20.583333333333332,2.9149999999999996,13.192916666666667,8.047916666666667
2025-06-07,11.916666666666666,0.23250000000000004,6.5575,4.5754166666666665,17.625,1.0331249999999998,10.110833333333334,6.850833333333333,15.833333333333334,1.069375,8.7525,6.11,11.166666666666666,,6.75375,4.3125,11.791666666666666,2.545,7.52375,4.507916666666667,21.916666666666668,1.36,12.979583333333332,8.557916666666667
2025-06-08,16.5,,9.397083333333333,6.4375,24.791666666666668,1.8191666666666666,13.792499999999999,9.718333333333334,22.75,1.3752083333333331,12.722916666666668,8.945,15.791666666666666,1.58375,9.380416666666667,6.110416666666667,15.75,3.6870833333333333,9.973333333333334,6.042916666666667,32.0,1.6824999999999999,18.57125,12.582083333333335
2025-06-09,40.208333333333336,3.5766666666666667,20.30125,15.821666666666667,59.5,5.897916666666667,28.111666666666665,21.582916666666666,60.125,6.678333333333334,27.88416666666667,21.671666666666667,36.5,3.125,19.62,14.387916666666667,36.708333333333336,5.410833333333334,21.304166666666667,14.512500000000001,75.83333333333333,4.952083333333333,39.595,29.062916666666666
2025-06-10,55.541666666666664,5.660833333333334,25.425833333333333,20.719583333333333,74.79166666666667,5.819166666666667,33.632083333333334,26.798333333333332,78.08333333333333,13.549166666666666,34.89666666666667,28.204166666666666,50.375,2.91425,24.946250000000003,19.580000000000002,45.416666666666664,3.7030000000000003,24.53333333333333,17.964166666666667,83.66666666666667,5.738333333333333,42.54291666666666,33.22166666666667
2025-06-11,31.25,4.400416666666667,17.541666666666668,12.35,41.166666666666664,7.014583333333333,24.569999999999997,16.24833333333333,45.125,9.741666666666667,24.7375,17.506249999999998,31.291666666666668,2.1120833333333335,18.560416666666665,12.331249999999999,28.791666666666668,2.471458333333333,19.21125,11.2875,45.791666666666664,6.49125,25.797083333333333,17.257916666666667
2025-06-12,19.0,2.5506249999999997,11.197916666666666,7.400833333333334,25.625,3.130625,16.529166666666665,10.056666666666667,26.291666666666668,5.230833333333334,16.300833333333333,10.342083333333333,19.208333333333332,2.300625,12.335,7.46625,18.791666666666668,3.2412499999999995,13.575000000000001,7.009166666666666,30.916666666666668,4.288749999999999,19.8975,12.180833333333334
2025-06-13,38.583333333333336,4.551041666666666,19.070416666666667,15.22125,57.083333333333336,4.375416666666667,28.107083333333335,20.975833333333334,54.333333333333336,10.731250000000001,25.658749999999998,20.3375,38.625,2.764583333333333,19.920416666666664,15.290833333333333,33.083333333333336,2.8608333333333333,17.955416666666668,13.02375,68.625,4.514583333333333,31.214583333333334,23.92625
2025-06-14,38.333333333333336,,19.019166666666667,15.125416666666666,55.916666666666664,1.2966666666666666,27.69666666666667,20.382916666666667,51.166666666666664,1.73375,24.303749999999997,19.200833333333332,36.25,0.9960416666666667,18.950833333333332,14.262083333333335,32.25,3.2070833333333333,17.82125,12.716666666666667,63.333333333333336,1.7750000000000001,29.749166666666667,22.742500000000003
2025-06-15,9.125,,4.400833333333334,3.4604166666666667,13.875,1.2433333333333334,7.03875,5.333333333333333,12.041666666666666,0.7791666666666667,5.992916666666667,4.63875,8.5,0.7966666666666667,4.272916666666666,3.1966666666666668,8.333333333333334,3.1266666666666665,4.50125,3.13625,15.291666666666666,1.33625,7.835833333333333,5.92125
2025-06-16,9.75,,5.274583333333333,3.6870833333333333,13.916666666666666,2.040833333333333,8.1175,5.357083333333333,13.25,2.4145833333333333,7.3566666666666665,5.094166666666667,9.25,0.59675,5.49125,3.50125,9.583333333333334,1.3564583333333333,6.172499999999999,3.62125,18.208333333333332,2.08,10.842500000000001,7.062083333333334
2025-06-17,20.625,2.5142105263157895,10.89875,8.019583333333333,29.0,3.799166666666667,16.625,11.399583333333332,29.208333333333332,6.8254166666666665,15.565833333333332,11.490833333333335,20.0,,11.292916666666665,7.809166666666667,20.541666666666668,3.7099999999999995,12.640833333333333,8.021666666666667,38.125,4.004583333333334,21.277083333333334,15.039166666666667
2025-06-18,24.458333333333332,4.9835416666666665,12.587916666666667,9.527083333333334,33.708333333333336,6.888333333333333,18.986250000000002,13.245833333333332,34.875,16.270416666666666,17.576249999999998,13.399583333333332,24.541666666666668,3.14,13.559166666666668,9.597083333333334,22.791666666666668,5.150416666666667,15.71375,8.921666666666667,43.833333333333336,6.2441666666666675,23.455833333333334,17.315
2025-06-19,29.541666666666668,5.19125,15.436666666666667,11.610833333333334,39.208333333333336,5.679166666666666,22.075,15.494166666666667,41.375,13.4425,21.52416666666667,16.355416666666667,30.416666666666668,3.917291666666667,17.581666666666667,11.965416666666668,27.041666666666668,5.215625,17.523333333333333,10.62,49.208333333333336,5.808333333333334,26.653750000000002,19.3125
2025-06-20,29.25,4.888333333333333,16.325,11.505416666666667,38.833333333333336,6.809583333333333,23.46291666666667,15.380416666666667,48.166666666666664,20.030416666666667,25.584999999999997,18.204583333333332,30.791666666666668,2.388333333333333,19.151666666666667,12.125,26.75,3.05375,17.990416666666665,10.522083333333333,49.375,5.782916666666666,28.67958333333333,19.34625
2025-06-21,27.083333333333332,1.5127083333333333,16.59958333333333,10.664166666666667,35.791666666666664,3.4031249999999997,23.955,14.126666666666667,39.791666666666664,11.627916666666666,23.601249999999997,14.97125,29.208333333333332,1.5502083333333332,20.62333333333333,11.449166666666668,25.083333333333332,1.4745833333333334,18.675833333333333,9.90125,36.125,3.1391666666666667,24.109166666666667,14.27875
2025-06-22,32.0,,16.485416666666666,12.614166666666668,42.083333333333336,1.2679166666666666,22.672916666666666,16.574166666666667,43.208333333333336,1.1579166666666667,22.734166666666667,17.051666666666666,31.5,,17.061666666666667,12.358333333333334,30.708333333333332,,17.596666666666668,12.070416666666667,59.166666666666664,1.15375,28.545833333333334,21.204166666666666
2025-06-23,22.666666666666668,,10.772916666666667,8.859583333333333,30.083333333333332,1.523125,14.724583333333333,11.886249999999999,32.791666666666664,2.028541666666667,15.895833333333334,12.932083333333333,21.958333333333332,,10.711666666666666,8.537916666666666,22.0,,11.53,8.627916666666666,41.541666666666664,1.8591666666666666,19.66208333333333,15.811250000000001
2025-06-24,25.833333333333332,,12.929166666666667,10.168750000000001,34.958333333333336,3.2825,19.329166666666666,13.791666666666666,37.5,9.943125,18.666666666666668,14.698333333333332,25.083333333333332,,13.479999999999999,9.861666666666666,27.333333333333332,,15.747083333333334,10.701666666666666,49.416666666666664,3.99,24.752916666666668,18.830000000000002
2025-06-25,19.416666666666668,1.0935416666666666,11.669583333333334,7.59375,26.416666666666668,2.747916666666667,17.848333333333333,10.349166666666667,27.666666666666668,4.386666666666667,16.60625,10.89875,20.583333333333332,1.4765000000000001,14.075416666666667,8.000416666666666,20.125,2.0943181818181817,14.705833333333333,7.55875,35.708333333333336,2.925625,23.640833333333333,14.074166666666665
2025-06-26,19.333333333333332,2.1023684210526317,10.821666666666667,7.543333333333333,26.5,3.6512499999999997,15.367083333333333,10.40625,26.333333333333332,5.12,15.152916666666668,10.34375,19.416666666666668,2.7733333333333334,11.55625,7.56125,18.208333333333332,5.263333333333334,12.272916666666667,7.0874999999999995,34.375,3.017916666666667,20.52875,13.593333333333334
2025-06-27,22.0,1.98375,11.489583333333334,8.59125,30.875,3.7741666666666664,16.606666666666666,12.141666666666667,32.958333333333336,8.730416666666667,17.282500000000002,12.974166666666667,22.125,,12.00625,8.692916666666667,21.333333333333332,2.266875,12.500833333333333,8.32625,46.0,3.6470833333333332,25.0525,18.137916666666666
2025-06-28,16.666666666666668,0.5755,9.00125,6.4745833333333325,24.166666666666668,1.8666666666666665,13.736666666666666,9.4925,24.791666666666668,8.485833333333334,12.873333333333333,9.48,17.25,,9.764166666666666,6.69875,16.291666666666668,1.908125,9.979166666666666,6.345416666666666,32.333333333333336,2.7120833333333336,18.30125,12.75625
2025-06-29,14.541666666666666,0.570625,7.795000000000001,5.6625000000000005,21.083333333333332,1.3860416666666666,11.757916666666667,8.217083333333333,28.791666666666668,14.959583333333335,11.241666666666667,8.267916666666666,15.041666666666666,,8.532083333333334,5.812083333333334,14.125,2.8672222222222223,8.857083333333334,5.461666666666667,28.5,3.3358333333333334,16.190833333333334,11.186250000000001
2025-06-30,14.75,4.3289583333333335,8.140833333333333,5.267916666666666,19.166666666666668,4.995416666666666,12.15625,7.257083333333334,34.416666666666664,26.854166666666668,10.450000000000001,7.182916666666666,14.458333333333334,5.2718750000000005,9.229166666666666,5.522083333333334,13.041666666666666,4.4366666666666665,9.532083333333334,4.97625,21.041666666666668,7.597916666666666,13.6725,8.12375
2025-07-01,25.583333333333332,3.3252272727272727,14.534583333333332,10.022083333333333,32.75,4.304791666666667,20.35875,12.895833333333334,38.208333333333336,18.402083333333334,18.557083333333335,13.027083333333332,26.416666666666668,4.186111111111111,16.70375,10.378333333333334,24.666666666666668,,16.659583333333334,9.677916666666667,37.0,6.367083333333333,22.70875,14.589999999999998
2025-07-02,21.625,,11.697916666666666,8.475,29.0,1.8306250000000002,16.305416666666666,11.402500000000002,30.25,1.63875,15.838333333333333,11.900416666666667,22.375,,12.620833333333332,8.732083333333334,21.375,,13.133333333333333,8.364583333333334,36.208333333333336,1.7616666666666667,20.293333333333333,14.250416666666666
2025-07-03,10.833333333333334,,6.784166666666667,4.09375,15.5,1.7283333333333333,9.895,6.00125,14.708333333333334,2.4273684210526314,8.525416666666667,5.680833333333333,10.416666666666666,,6.966666666666666,3.9966666666666666,11.541666666666666,1.75,8.18625,4.283333333333333,20.041666666666668,2.185,13.23625,7.792916666666667
2025-07-04,15.958333333333334,1.06,10.31375,6.1570833333333335,23.458333333333332,2.93625,16.014166666666664,9.174583333333333,22.666666666666668,4.267916666666667,13.678333333333333,8.84625,16.041666666666668,0.725625,11.09625,6.221666666666667,17.125,2.4587499999999998,12.820833333333333,6.404166666666666,31.708333333333332,3.2716666666666665,21.543333333333333,12.501249999999999
2025-07-05,22.958333333333332,,12.551250000000001,8.97125,33.083333333333336,1.5625,18.8275,13.0475,32.0,2.6997916666666666,16.925416666666667,12.592916666666667,22.958333333333332,0.9814999999999999,13.169166666666667,8.996666666666666,22.583333333333332,4.7995833333333335,14.208333333333334,8.84375,42.5,2.20625,24.0825,16.804583333333333
2025-07-06,23.166666666666668,,13.110833333333334,9.064166666666667,34.75,1.9033333333333333,20.18166666666667,13.731250000000001,30.875,1.9314583333333335,16.919999999999998,12.114583333333334,23.458333333333332,2.5504166666666666,14.121250000000002,9.159583333333334,22.666666666666668,6.685416666666666,14.855416666666665,8.829583333333334,46.0,2.47875,26.990416666666665,18.170833333333334
2025-07-07,16.125,0.4811111111111111,8.820416666666667,6.2375,23.958333333333332,1.7916666666666667,13.444583333333334,9.405416666666666,21.375,2.742608695652174,11.289583333333333,8.37625,16.708333333333332,0.4663157894736842,9.456249999999999,6.4816666666666665,16.041666666666668,0.8916666666666666,9.7875,6.220416666666666,31.583333333333332,2.5945833333333335,17.738333333333333,12.324583333333335
2025-07-08,10.958333333333334,0.7905,7.666666666666667,4.1570833333333335,15.916666666666666,2.2624999999999997,11.468333333333334,6.13625,14.875,3.848333333333333,9.01,5.6187499999999995,10.916666666666666,1.1624999999999999,7.895,4.0562499999999995,12.708333333333334,3.1304166666666666,9.567083333333334,4.440416666666667,22.5,2.7358333333333333,16.6825,8.681666666666667
2025-07-09,11.833333333333334,2.0970833333333334,8.2875,4.380833333333333,16.958333333333332,3.504583333333333,13.060416666666667,6.517083333333333,17.666666666666668,7.040416666666666,10.610000000000001,6.545416666666667,12.166666666666666,2.277,9.214583333333334,4.378333333333333,13.458333333333334,3.955833333333333,10.37125,4.534166666666667,26.208333333333332,3.674583333333333,19.205000000000002,10.069583333333334
2025-07-10,13.625,2.544791666666667,8.248333333333333,5.247916666666667,20.25,4.487916666666667,13.738333333333332,7.905,21.5,11.02875,11.6625,8.124166666666666,14.25,3.311666666666667,9.147083333333333,5.511666666666667,14.458333333333334,6.570833333333333,10.234166666666667,5.449166666666667,28.041666666666668,5.39375,17.25583333333333,11.045416666666666
2025-07-11,17.5,4.462083333333333,10.114166666666668,6.546666666666667,26.041666666666668,6.952916666666667,16.81625,10.205833333333333,24.916666666666668,11.627916666666666,13.115416666666667,9.341666666666667,18.125,5.487708333333334,11.636666666666665,6.9775,17.416666666666668,8.547916666666667,12.119166666666667,6.68625,28.708333333333332,6.86375,17.800416666666667,11.279166666666667
2025-07-12,20.208333333333332,1.2983333333333333,11.072916666666666,7.877916666666667,29.333333333333332,4.428333333333334,17.111250000000002,11.595833333333333,31.291666666666668,5.65375,16.482083333333332,12.324166666666665,21.291666666666668,2.796875,12.812083333333334,8.325833333333334,21.916666666666668,5.637291666666666,14.634583333333333,8.568333333333333,43.916666666666664,3.4916666666666667,25.420833333333334,17.34958333333333
2025-07-13,22.083333333333332,0.62675,11.1925,8.6175,32.75,2.18875,17.031666666666666,12.91375,33.25,2.735,16.745,13.094583333333333,22.25,1.8520833333333335,11.564583333333333,8.69125,22.833333333333332,4.620416666666666,12.774583333333332,8.975,44.541666666666664,2.841666666666667,23.47,17.552916666666665
2025-07-14,25.041666666666668,1.0445833333333334,12.605833333333335,9.811666666666666,37.0,3.3725,19.1275,14.6025,35.083333333333336,4.168333333333334,17.582083333333333,13.851666666666667,24.916666666666668,1.3191666666666666,12.935833333333333,9.805833333333334,25.791666666666668,3.7466666666666666,14.36,10.125416666666666,45.458333333333336,4.277916666666667,23.464583333333334,17.847916666666666
2025-07-15,14.25,0.65525,7.5062500000000005,5.547916666666667,21.458333333333332,2.8695833333333334,11.783333333333333,8.364166666666668,18.166666666666668,3.3504166666666664,9.29875,7.1125,14.333333333333334,0.6525,7.910416666666666,5.552916666666667,15.166666666666666,2.1108333333333333,9.012500000000001,5.9383333333333335,25.916666666666668,3.185416666666667,14.293333333333335,10.204166666666667
2025-07-16,23.125,3.1127083333333334,12.213333333333333,9.040416666666667,33.166666666666664,4.807916666666666,18.40875,13.052083333333334,36.25,11.089166666666666,18.50875,14.324583333333335,23.916666666666668,1.814,13.161666666666667,9.399583333333334,23.666666666666668,4.041052631578947,14.075833333333334,9.24,44.208333333333336,4.843333333333334,24.076666666666668,17.329583333333336
2025-07-17,29.375,2.758125,15.055416666666666,11.53625,40.291666666666664,4.350833333333333,21.89708333333333,15.891666666666666,42.0,8.769583333333333,21.239583333333332,16.5725,29.916666666666668,1.8187499999999999,16.021666666666665,11.795833333333334,29.333333333333332,4.086458333333334,16.89,11.580416666666666,49.541666666666664,4.644583333333333,26.582083333333333,19.527916666666666
2025-07-18,29.0,0.49416666666666664,15.106666666666667,11.434166666666668,41.625,2.2608333333333333,22.5775,16.438333333333333,39.0,2.8808333333333334,20.195,15.413333333333334,29.5,0.5912499999999999,16.36583333333333,11.62,29.291666666666668,2.06125,17.134583333333335,11.506666666666666,50.333333333333336,2.9441666666666664,27.0825,19.389583333333334
2025-07-19,15.958333333333334,,8.132916666666667,6.172083333333333,24.416666666666668,1.6316666666666666,12.987499999999999,9.595,21.333333333333332,1.8875,10.835,8.357083333333334,16.791666666666668,,8.944166666666666,6.501666666666666,17.125,1.3180555555555555,9.618333333333334,6.634166666666666,30.375,1.8235416666666666,16.129166666666666,11.905000000000001
2025-07-20,10.083333333333334,,5.664583333333333,3.8562499999999997,16.375,1.08575,9.438333333333334,6.327916666666667,13.833333333333334,,7.609166666666667,5.338333333333334,11.208333333333334,,6.59,4.270833333333333,10.708333333333334,1.6694736842105262,7.065,4.098333333333334,19.541666666666668,1.713157894736842,11.380833333333333,7.622916666666668
2025-07-21,13.416666666666666,1.5177272727272728,10.162916666666666,4.642916666666667,19.833333333333332,2.554583333333333,15.42875,6.875416666666666,17.541666666666668,5.080416666666666,12.84125,6.805833333333333,14.833333333333334,,11.390833333333333,4.865833333333334,17.291666666666668,2.4855,13.533333333333333,4.897083333333334,29.375,2.57125,23.021666666666665,9.880416666666667
2025-07-22,10.541666666666666,1.7333333333333334,7.776666666666666,3.5395833333333333,15.166666666666666,2.796666666666667,11.737083333333333,5.10375,14.625,6.57875,10.077916666666667,5.264166666666667,11.208333333333334,1.3395,8.594583333333334,3.547916666666667,13.5,2.961,10.4225,3.7558333333333334,21.083333333333332,3.5570833333333334,16.45375,7.215416666666666
2025-07-23,11.666666666666666,1.76,7.605833333333333,4.501666666666667,17.333333333333332,4.315416666666667,12.0175,6.658333333333334,15.791666666666666,6.33625,9.498333333333333,6.133333333333333,11.833333333333334,1.8991666666666667,8.513333333333334,4.4925,12.791666666666666,3.62375,9.664583333333333,4.543333333333334,20.791666666666668,5.4624999999999995,14.565416666666666,8.02875
2025-07-24,9.208333333333334,1.5952083333333336,5.2749999999999995,3.3358333333333334,13.75,2.49875,8.607083333333334,5.312916666666667,12.708333333333334,4.562083333333333,6.945416666666667,4.74625,9.208333333333334,1.5429166666666667,5.885416666666667,3.4408333333333334,9.291666666666666,2.70125,6.819166666666667,3.5595833333333338,17.708333333333332,4.2908333333333335,11.301666666666668,6.849166666666666
2025-07-25,14.916666666666666,0.8781249999999999,8.1875,5.762083333333333,22.666666666666668,2.1979166666666665,12.691666666666668,8.87625,24.458333333333332,3.1593750000000003,12.709583333333333,9.533333333333333,14.958333333333334,1.145,8.312916666666666,5.73875,17.0,2.5527083333333334,10.17,6.5945833333333335,34.416666666666664,2.810833333333333,19.182083333333335,13.431666666666667
2025-07-26,32.458333333333336,,16.194166666666668,12.832916666666668,48.375,3.220416666666667,24.21875,18.965,54.458333333333336,4.0129166666666665,25.32166666666667,20.517500000000002,33.5,1.1704166666666667,16.822916666666668,13.170416666666668,33.5,2.752083333333333,17.685416666666665,13.183333333333332,76.41666666666667,2.7412500000000004,34.35208333333333,26.78916666666667
2025-07-27,36.666666666666664,,17.551666666666666,14.482916666666666,53.208333333333336,1.82125,25.036666666666665,20.38375,61.708333333333336,2.584375,26.8,22.193749999999998,36.75,,17.881666666666668,14.505,36.875,1.3841666666666665,18.742916666666666,14.560833333333333,76.95833333333333,2.44625,33.2275,26.9325
2025-07-28,18.5,1.1222916666666667,8.964583333333334,7.245,26.25,2.433333333333333,13.01375,10.325000000000001,27.583333333333332,3.807916666666667,13.123750000000001,10.813749999999999,18.875,0.7094736842105264,9.243333333333334,7.369166666666666,18.333333333333332,1.7015,9.542916666666667,7.137083333333333,34.666666666666664,3.6329166666666666,17.0225,13.401666666666666
2025-07-29,12.75,1.4156250000000001,7.109999999999999,4.880833333333333,19.666666666666668,3.25625,11.470416666666667,7.67875,19.291666666666668,5.704583333333333,10.102916666666667,7.50125,13.125,2.285833333333333,7.786666666666666,5.059166666666667,13.708333333333334,3.955833333333333,9.06125,5.26875,24.75,5.187083333333333,14.502083333333333,9.695
2025-07-30,10.708333333333334,1.6352083333333332,5.702083333333333,4.089166666666666,16.416666666666668,2.9637499999999997,9.195833333333333,6.364166666666667,16.916666666666668,4.727083333333334,8.443333333333333,6.549166666666667,10.958333333333334,,6.097083333333333,4.189583333333333,11.458333333333334,,7.323333333333333,4.355833333333333,21.083333333333332,2.9458333333333333,11.640416666666667,8.217916666666666
2025-07-31,7.458333333333333,,3.62375,2.737083333333333,10.708333333333334,2.5412500000000002,5.957916666666667,4.0424999999999995,10.625,3.2737499999999997,4.820416666666667,3.7808333333333333,7.25,,3.7475,2.669166666666667,7.333333333333333,,4.095416666666667,2.7375000000000003,12.583333333333334,2.84,6.6812499999999995,4.8116666666666665
2025-08-01,10.708333333333334,1.4641666666666666,5.405,4.127916666666667,17.208333333333332,2.32375,9.049999999999999,6.694166666666667,15.25,3.3579166666666667,7.394166666666667,5.892916666666667,10.708333333333334,2.0204166666666667,5.689166666666666,4.10375,11.333333333333334,2.1308333333333334,6.267916666666667,4.350833333333333,18.875,2.6689473684210525,9.742083333333333,7.3254166666666665
2025-08-02,9.583333333333334,,4.79875,3.6108333333333333,15.291666666666666,0.913125,7.965,5.935416666666666,14.375,1.9770833333333335,7.037916666666667,5.5075,9.583333333333334,,5.062083333333333,3.6320833333333336,9.791666666666666,,5.422499999999999,3.70125,17.916666666666668,,9.258750000000001,6.9675
2025-08-03,12.375,,6.826249999999999,4.7250000000000005,19.916666666666668,1.8135416666666666,10.905000000000001,7.711666666666666,18.333333333333332,1.54,9.6625,7.12375,12.416666666666666,2.3364583333333333,7.215416666666666,4.83125,12.666666666666666,2.9766666666666666,8.035,4.890833333333333,24.0,1.328125,13.659999999999998,9.43125
2025-08-04,15.083333333333334,3.0714583333333336,8.28,5.8374999999999995,23.875,3.4445833333333336,13.217500000000001,9.327499999999999,23.75,8.745416666666667,12.457500000000001,9.035833333333333,16.166666666666668,3.8781250000000003,9.3225,6.266666666666667,16.833333333333332,4.45,10.650416666666667,6.439583333333334,34.083333333333336,3.487916666666667,19.087083333333336,13.421666666666667
2025-08-05,22.625,2.16675,11.804583333333333,8.83375,38.0,3.0591666666666666,20.50166666666667,15.00875,33.083333333333336,3.045208333333333,16.954583333333332,13.024166666666666,25.208333333333332,5.20125,13.78625,9.84625,24.541666666666668,7.142916666666667,14.484166666666667,9.647499999999999,44.458333333333336,2.3808333333333334,23.98,17.560416666666665
2025-08-06,13.875,1.0108333333333333,7.090833333333333,5.349166666666666,24.708333333333332,1.5516666666666667,13.010833333333332,9.657916666666667,21.083333333333332,1.7008333333333334,10.792083333333332,8.255416666666667,15.458333333333334,0.62625,8.312916666666666,5.983333333333333,15.458333333333334,,8.8075,5.975416666666667,26.583333333333332,1.0477500000000002,14.16625,10.4475
2025-08-07,14.666666666666666,3.357083333333333,8.188333333333334,5.595,24.833333333333332,3.532916666666667,14.3075,9.724166666666667,21.333333333333332,9.637916666666667,10.918333333333335,7.765416666666667,16.208333333333332,3.2816666666666667,9.610833333333334,6.277916666666666,14.875,4.620909090909091,10.047083333333333,5.71375,28.958333333333332,3.2154166666666666,16.8625,11.426250000000001
2025-08-08,20.041666666666668,1.5652083333333333,12.10875,7.80375,34.5,2.99375,21.087500000000002,13.582916666666668,26.875,6.284583333333333,15.930416666666666,10.540833333333333,21.708333333333332,4.1433333333333335,14.353333333333333,8.540000000000001,20.083333333333332,6.743333333333333,14.965000000000002,7.785833333333334,33.958333333333336,3.0395833333333333,22.510416666666668,13.402083333333332
2025-08-09,15.25,,9.259166666666667,5.9075,26.125,1.93,16.443749999999998,10.28125,20.416666666666668,2.807916666666667,12.007083333333334,7.9695833333333335,16.833333333333332,2.2154166666666666,11.094999999999999,6.5225,14.958333333333334,3.2458333333333336,11.172916666666666,5.78,26.166666666666668,1.8337500000000002,17.456666666666667,10.257083333333332
2025-08-10,16.125,1.755625,9.16625,6.25875,27.791666666666668,2.424166666666667,16.23125,10.957500000000001,30.958333333333332,17.767500000000002,12.470833333333333,8.846666666666666,17.375,2.5233333333333334,10.51375,6.7508333333333335,16.916666666666668,3.827777777777778,11.312916666666666,6.552499999999999,30.416666666666668,3.0170833333333333,18.267916666666668,11.94625
2025-08-11,28.541666666666668,6.900833333333334,16.19875,11.196666666666665,41.041666666666664,4.765833333333333,24.50791666666667,16.19625,44.208333333333336,24.224999999999998,21.27375,14.849583333333333,31.0,8.928333333333333,18.855,12.247083333333334,27.458333333333332,5.025416666666667,18.459583333333335,10.804166666666667,42.625,5.43375,25.785,16.87125
2025-08-12,31.166666666666668,3.954166666666667,18.430416666666666,12.209583333333333,45.458333333333336,3.9183333333333334,27.93625,17.92875,45.5,19.717083333333335,24.50208333333333,16.442083333333333,34.375,6.1937500000000005,21.488333333333333,13.615,29.25,5.057916666666666,21.104166666666668,11.514166666666666,47.083333333333336,4.776041666666667,29.065416666666668,18.631666666666668
2025-08-13,28.125,3.86375,17.263333333333332,11.012500000000001,40.875,5.09875,26.00375,16.159166666666668,36.833333333333336,10.869583333333333,22.70875,14.536666666666667,31.125,4.477708333333333,19.84125,12.269583333333332,26.708333333333332,3.8666666666666667,19.597083333333334,10.468333333333334,41.791666666666664,5.564374999999999,26.62,16.526666666666667
2025-08-14,33.5,1.811875,17.72791666666667,13.167083333333332,46.875,3.0541666666666667,25.719166666666666,18.53708333333333,48.375,9.563958333333334,25.124166666666667,18.887916666666666,35.041666666666664,3.084722222222222,19.418333333333333,13.80625,34.625,,23.738333333333333,13.624583333333334,69.29166666666667,3.5284210526315785,33.704166666666666,24.596666666666668
2025-08-15,33.166666666666664,3.768333333333333,16.97875,13.073333333333332,46.291666666666664,3.4985416666666667,24.719166666666666,18.359166666666667,55.833333333333336,27.726249999999997,22.892083333333332,17.65875,34.625,7.364583333333333,18.837083333333336,13.654583333333333,32.375,5.214444444444444,20.71875,12.75875,53.708333333333336,6.3469999999999995,27.30541666666667,20.192916666666665
2025-08-16,39.291666666666664,3.9157894736842107,20.77541666666667,15.535000000000002,64.54166666666667,3.486875,32.339999999999996,23.330416666666668,56.208333333333336,24.251666666666665,26.40625,19.79125,43.416666666666664,5.675833333333333,23.965833333333336,17.0425,36.25,3.0195833333333333,21.640416666666667,14.32125,63.5,3.75625,31.41416666666667,23.079166666666666
2025-08-17,49.375,,24.504166666666666,19.554166666666667,78.54166666666667,0.8275,35.937083333333334,28.111666666666665,78.16666666666667,8.31525,34.96875,27.63208333333333,53.958333333333336,,26.767083333333332,20.66208333333333,48.958333333333336,,26.900833333333335,19.384583333333335,84.33333333333333,,44.32416666666666,33.809583333333336
2025-08-18,34.666666666666664,,16.559166666666666,13.665416666666667,51.708333333333336,1.400625,23.4675,19.061249999999998,52.958333333333336,1.3097916666666667,23.41625,19.213333333333335,35.75,1.87625,17.56083333333333,14.055416666666666,35.0,2.360909090909091,18.0675,13.782916666666667,63.291666666666664,0.89925,29.796666666666667,23.629583333333333
2025-08-19,18.958333333333332,1.389375,9.38125,7.3879166666666665,27.541666666666668,1.7460416666666667,13.861666666666666,10.841666666666667,27.083333333333332,2.455,13.115,10.595,18.916666666666668,2.101,9.712083333333334,7.373333333333334,19.25,1.6231578947368421,10.313333333333334,7.4941666666666675,33.458333333333336,1.5013888888888889,17.109166666666667,13.207500000000001
2025-08-20,17.708333333333332,0.9744444444444444,8.79875,6.903333333333333,26.708333333333332,1.1158333333333335,13.53875,10.47625,25.0,1.9100000000000001,12.249583333333334,9.801666666666668,18.25,1.4841666666666666,9.429166666666667,7.088333333333334,18.083333333333332,,9.872916666666667,7.036666666666666,34.791666666666664,0.769375,17.679166666666667,13.685
2025-08-21,10.166666666666666,2.0893055555555553,5.265,3.9008333333333334,15.583333333333334,2.48375,8.5275,6.0562499999999995,15.166666666666666,4.23625,7.905,5.890000000000001,11.041666666666666,4.17875,5.954999999999999,4.152916666666667,11.083333333333334,4.883125,6.54625,4.2179166666666665,20.0,3.252083333333333,11.17,7.790416666666666
2025-08-22,16.166666666666668,1.8433333333333335,8.7125,6.214583333333334,24.333333333333332,3.1170833333333334,13.764583333333334,9.526666666666667,22.625,2.8129166666666667,11.805416666666666,8.81,17.0,3.9745833333333334,9.652083333333334,6.567083333333334,16.791666666666668,4.433333333333334,10.695416666666667,6.53875,30.291666666666668,2.605,17.72041666666667,11.938333333333333
2025-08-23,14.166666666666666,2.884,8.42625,5.464583333333334,21.208333333333332,3.0325,13.280000000000001,8.283333333333333,20.75,4.678333333333334,11.501666666666667,8.026666666666667,14.708333333333334,2.3352083333333336,9.6775,5.685833333333334,15.916666666666666,2.704375,12.169583333333334,6.077916666666667,27.958333333333332,1.6565789473684212,17.984166666666667,11.004583333333334
2025-08-24,17.291666666666668,2.405416666666667,9.365,6.728333333333333,25.458333333333332,2.7235416666666663,13.962916666666667,9.950000000000001,23.458333333333332,5.604583333333333,12.623750000000001,9.193333333333333,18.583333333333332,1.9141666666666666,10.65125,7.207916666666667,20.0,,12.823333333333332,7.8062499999999995,33.833333333333336,2.34075,18.901666666666667,13.322916666666666
2025-08-25,22.916666666666668,5.234583333333333,11.726666666666667,9.050416666666667,34.166666666666664,4.05875,17.810416666666665,13.511666666666665,30.875,9.249166666666667,15.81,12.167083333333332,25.375,3.4058333333333333,13.350416666666668,9.9525,24.5,4.369375,13.72625,9.644583333333333,42.208333333333336,3.544791666666667,22.25583333333333,16.69
2025-08-26,38.916666666666664,1.6156249999999999,19.015,15.4225,61.375,2.2466666666666666,27.98875,22.120833333333334,62.875,3.5095833333333335,28.655416666666667,23.14,40.708333333333336,3.9737500000000003,20.664583333333333,16.065833333333334,42.5,4.557083333333334,22.237083333333334,16.662499999999998,74.70833333333333,2.5591666666666666,36.1625,28.520416666666666
2025-08-27,29.0,1.181875,14.388333333333334,11.400416666666667,44.666666666666664,1.35125,21.5975,16.5825,46.708333333333336,1.3979166666666665,21.362916666666667,17.160416666666666,30.25,1.5316666666666665,15.650416666666667,11.889583333333334,31.208333333333332,1.3902777777777777,17.173333333333336,12.3125,55.291666666666664,1.3008333333333333,27.258333333333336,20.792916666666667
2025-08-28,13.166666666666666,1.3658333333333335,7.539166666666667,5.100833333333333,19.875,1.6102083333333335,11.438333333333333,7.729583333333333,18.833333333333332,1.6668749999999999,10.376666666666667,7.298333333333333,13.666666666666666,2.5791666666666666,8.27125,5.225416666666667,14.416666666666666,2.37875,9.409583333333332,5.575833333333333,26.541666666666668,1.1141666666666665,15.809166666666668,10.449583333333333
2025-08-29,10.958333333333334,4.368,7.708749999999999,3.81125,14.833333333333334,2.7829166666666665,11.315833333333332,5.394166666666667,13.75,4.485416666666667,10.08875,5.2491666666666665,11.791666666666666,2.8229166666666665,9.09375,3.8529166666666668,13.25,,10.24625,3.97875,21.791666666666668,2.845,16.85625,7.605416666666667
2025-08-30,8.958333333333334,2.596315789473684,5.7925,3.379583333333333,12.875,2.57125,9.09625,4.89625,13.375,3.843157894736842,8.500833333333334,5.050416666666667,9.541666666666666,1.8980000000000001,6.834583333333334,3.606666666666667,10.458333333333334,,7.814166666666666,3.7529166666666662,16.541666666666668,,12.315,6.353750000000001
2025-08-31,7.791666666666667,0.8833333333333333,4.359166666666667,2.9250000000000003,12.0,1.1325,6.952916666666667,4.62125,12.875,1.193125,7.269166666666667,5.004583333333334,8.25,,5.0808333333333335,3.1374999999999997,10.416666666666666,,6.611249999999999,3.98,15.208333333333334,0.9244736842105262,9.253333333333334,5.8812500000000005
2025-09-01,10.166666666666666,2.4608333333333334,7.26125,3.672083333333333,13.5,1.8187499999999999,9.852083333333333,5.1049999999999995,15.166666666666666,2.985625,9.7525,5.877916666666667,10.666666666666666,2.062291666666667,7.80875,3.8045833333333334,12.958333333333334,1.375,9.610833333333334,4.196666666666666,21.291666666666668,2.1468421052631577,16.06083333333333,7.666666666666667
2025-09-02,9.041666666666666,2.0521052631578947,6.800833333333333,3.1062499999999997,13.125,1.3875,10.158333333333333,4.426666666666667,13.041666666666666,,9.655833333333334,5.06,10.541666666666666,1.3589583333333335,8.084999999999999,3.2937499999999997,12.833333333333334,,9.854166666666666,3.4875000000000003,21.0,,16.389583333333334,6.764583333333333
2025-09-03,8.125,2.7308333333333334,6.055,2.75625,11.416666666666666,2.7445833333333334,8.653333333333334,3.876666666666667,11.875,3.39125,8.928749999999999,4.54,9.208333333333334,2.777708333333333,6.930416666666667,2.9120833333333334,10.75,1.8683333333333334,8.237083333333333,3.095,14.625,3.8385,11.245,4.801666666666667
2025-09-04,13.666666666666666,1.5160416666666665,10.354166666666666,4.958333333333333,20.583333333333332,1.9020833333333333,16.05,7.3175,18.708333333333332,2.9908333333333332,13.650416666666667,7.298333333333333,15.75,2.05875,12.26,5.168333333333334,19.708333333333332,2.1470833333333332,15.320416666666667,5.670416666666667,27.291666666666668,2.0539583333333336,21.451666666666668,9.20125
2025-09-05,12.458333333333334,2.9610416666666666,8.553333333333333,4.800416666666666,17.666666666666668,3.9654166666666666,12.355833333333335,6.882083333333334,19.166666666666668,5.247916666666667,11.86625,7.451250000000001,12.916666666666666,1.989375,9.343333333333334,4.946666666666666,14.625,2.22525,11.157916666666667,5.195,22.541666666666668,2.2227083333333333,17.154166666666665,8.833333333333334
2025-09-06,14.25,3.3815,8.658333333333333,5.4941666666666675,20.625,3.1108333333333333,13.468333333333334,8.0725,20.25,5.323333333333333,11.809583333333334,7.890000000000001,14.875,3.1489473684210525,9.807083333333333,5.755,14.916666666666666,3.3945,10.707916666666668,5.631666666666667,23.541666666666668,3.279375,15.72625,9.201666666666666
2025-09-07,11.125,0.685625,8.360416666666667,3.9779166666666668,16.958333333333332,1.3139583333333333,13.097083333333332,5.920000000000001,14.916666666666666,1.3339583333333334,11.328333333333333,5.2749999999999995,13.0,1.5741666666666667,9.995833333333334,4.292916666666667,14.375,2.734166666666667,11.114166666666668,4.09875,20.0,1.2979166666666666,15.634583333333333,6.325833333333333
2025-09-08,10.25,2.0083333333333333,6.586666666666667,3.9120833333333334,15.583333333333334,2.27875,10.534583333333334,6.054166666666667,13.916666666666666,3.6695833333333336,8.730416666666667,5.391249999999999,10.791666666666666,3.360416666666667,7.435416666666666,4.130833333333333,11.25,3.215833333333333,8.4325,4.156666666666667,17.25,2.8987499999999997,12.616666666666667,6.691666666666666
2025-09-09,6.833333333333333,2.174166666666667,3.8699999999999997,2.4441666666666664,10.458333333333334,2.890416666666667,6.305833333333333,3.964166666666667,9.708333333333334,4.1362499999999995,5.0475,3.3754166666666667,6.5,2.6408333333333336,4.021249999999999,2.4204166666666667,7.75,1.7954166666666669,5.22625,2.8870833333333334,13.125,2.794583333333333,8.124166666666666,5.025833333333334
2025-09-10,12.875,3.920833333333333,6.416250000000001,4.720416666666666,20.0,3.1679166666666667,11.089583333333332,7.804166666666667,20.041666666666668,4.446666666666666,10.216666666666667,7.835,13.916666666666666,2.364375,7.394583333333333,5.32875,13.708333333333334,1.3544444444444443,8.015416666666667,5.31625,27.375,2.0475,14.594583333333333,10.740833333333333
2025-09-11,11.625,2.370833333333333,7.980833333333333,4.3933333333333335,16.708333333333332,2.7477083333333336,12.386249999999999,6.442083333333334,17.25,3.64,10.84625,6.57,12.5,2.3291666666666666,9.058333333333334,4.690416666666667,14.291666666666666,1.241875,10.79,5.037083333333333,25.875,1.6758333333333333,18.972916666666666,9.922916666666667
2025-09-12,10.916666666666666,3.3558333333333334,7.178333333333334,3.967083333333333,15.208333333333334,4.255833333333333,10.965000000000002,5.860416666666667,16.291666666666668,5.424166666666667,9.859583333333333,6.149166666666667,11.041666666666666,2.988125,8.182916666666666,4.192083333333334,12.208333333333334,2.42875,9.1975,4.451666666666667,20.375,3.1845833333333338,15.133333333333333,7.827916666666667
2025-09-13,9.041666666666666,1.01875,5.901666666666666,3.4270833333333335,14.833333333333334,1.5704166666666666,9.794166666666667,5.7625,14.458333333333334,2.2960000000000003,8.878333333333334,5.594166666666666,9.791666666666666,1.294375,6.927916666666667,3.688333333333333,10.666666666666666,0.9950000000000001,7.865833333333334,4.01375,18.708333333333332,1.0647916666666666,13.530833333333334,7.2316666666666665
2025-09-14,10.916666666666666,2.733333333333333,6.6883333333333335,4.173333333333333,16.875,2.56375,10.540416666666667,6.577916666666667,16.375,4.311999999999999,9.507916666666667,6.3116666666666665,11.666666666666666,1.51775,7.445833333333333,4.470416666666667,12.041666666666666,,8.4125,4.597083333333333,23.916666666666668,,15.473333333333334,9.393749999999999
2025-09-15,8.583333333333334,2.4222916666666667,4.591666666666667,2.9829166666666667,12.0,2.4808333333333334,7.334583333333334,4.5575,12.125,3.61,6.797499999999999,4.545833333333333,8.708333333333334,1.5713157894736842,5.38625,3.27,8.916666666666666,,5.924166666666667,3.342916666666667,16.0,1.7279166666666665,10.002916666666666,6.222916666666666
2025-09-16,8.625,2.4812499999999997,5.918333333333333,3.0325,12.25,3.64625,8.77875,4.48625,12.541666666666666,3.530416666666667,8.37875,4.77375,9.041666666666666,3.3775,6.644583333333333,3.0595833333333338,10.541666666666666,3.438541666666667,7.795833333333333,3.4408333333333334,17.041666666666668,2.8970833333333332,12.663333333333334,6.03125
2025-09-17,13.666666666666666,6.25875,8.862916666666667,4.817083333333334,17.416666666666668,6.1745833333333335,12.714583333333332,6.597916666666666,24.958333333333332,7.652916666666666,15.264583333333334,9.8075,13.5,3.129583333333333,9.875416666666668,4.916666666666667,15.625,,11.892916666666666,5.388333333333333,25.458333333333332,4.319791666666666,18.835416666666667,9.535416666666666
2025-09-18,17.875,8.345833333333333,10.021666666666667,6.513333333333333,23.75,7.899166666666666,16.129583333333333,9.289583333333333,32.5,12.834347826086956,17.932083333333335,12.737916666666665,17.916666666666668,5.067708333333333,11.567083333333334,6.927916666666667,19.75,6.6735,13.848333333333334,7.685833333333334,32.25,5.503333333333334,20.83125,12.695
2025-09-19,19.666666666666668,6.758333333333333,11.762500000000001,7.256666666666667,28.0,6.690416666666667,19.0075,10.97875,27.75,9.994583333333333,16.769166666666667,10.880833333333333,19.416666666666668,5.026458333333333,13.33,7.575,19.583333333333332,4.689166666666666,14.509583333333333,7.515833333333333,29.916666666666668,6.366666666666666,21.195833333333333,11.755416666666667
2025-09-20,12.791666666666666,1.7254166666666666,8.258750000000001,4.8999999999999995,20.375,2.26375,14.152916666666668,7.951666666666667,18.666666666666668,2.91625,12.228333333333333,7.253333333333334,14.375,1.9435416666666667,10.1725,5.5575,14.125,2.3958333333333335,10.622916666666667,5.221666666666667,21.208333333333332,2.0887499999999997,15.308333333333332,8.274166666666666
2025-09-21,9.541666666666666,1.4133333333333333,5.3175,3.620416666666667,15.458333333333334,1.5525,8.858333333333333,5.94625,12.791666666666666,1.96875,7.236249999999999,4.889166666666667,10.0,3.2245833333333334,5.853750000000001,3.8016666666666663,10.458333333333334,2.6420833333333333,6.8187500000000005,4.01875,18.458333333333332,1.97375,10.729999999999999,7.19875
2025-09-22,6.0,3.3337499999999998,2.64125,1.4154166666666665,6.75,2.1308333333333334,3.9566666666666666,2.205833333333333,7.0,3.47625,3.2879166666666664,1.8716666666666668,5.5,3.294791666666667,2.8666666666666667,1.4604166666666665,5.791666666666667,1.9922916666666666,3.997083333333333,1.6891666666666667,10.458333333333334,3.012916666666667,7.025833333333334,3.63875
2025-09-23,6.666666666666667,4.535,2.4541666666666666,1.3675,6.916666666666667,3.484166666666667,4.18625,2.2579166666666666,9.458333333333334,6.214583333333334,3.6975,2.2304166666666667,6.625,4.792916666666667,2.7283333333333335,1.405,6.041666666666667,3.65,3.56875,1.5866666666666667,11.875,4.587083333333333,7.676666666666667,4.279583333333333
2025-09-24,9.208333333333334,6.785416666666666,4.109166666666667,2.347916666666667,10.416666666666666,4.949583333333333,7.132083333333333,3.8695833333333334,11.75,8.030416666666666,6.0687500000000005,3.7133333333333334,8.375,5.68375,4.964583333333334,2.5675,8.416666666666666,3.905,5.951250000000001,2.92,18.208333333333332,5.428333333333334,12.305416666666666,7.128333333333334
2025-09-25,10.833333333333334,7.30875,4.567916666666666,2.7470833333333338,12.833333333333334,4.959583333333334,7.968333333333334,4.880416666666666,13.291666666666666,7.796250000000001,6.79,4.485,8.583333333333334,4.233478260869566,5.267083333333333,3.013333333333333,10.5,3.2669444444444444,6.982500000000001,3.8854166666666665,26.25,3.09375,15.625,10.311666666666666
2025-09-26,14.333333333333334,6.982083333333333,8.35875,5.2725,19.875,5.670416666666667,13.188333333333333,6.858750000000001,19.291666666666668,8.771666666666667,9.665416666666667,7.016666666666667,13.916666666666666,4.2820833333333335,8.31875,5.264583333333333,21.375,3.012083333333333,16.0925,7.369583333333334,16.958333333333332,3.6079166666666667,,
2025-09-27,16.583333333333332,8.633333333333333,8.565,5.817916666666666,31.458333333333332,6.167291666666666,24.18625,9.619166666666667,22.583333333333332,8.868541666666667,11.057083333333333,8.355,15.958333333333334,4.957708333333334,8.781666666666666,6.01625,20.291666666666668,3.4314583333333335,13.748333333333333,7.671666666666667,21.0,5.505,,
2025-09-28,16.833333333333332,9.745,8.1325,5.0675,23.208333333333332,8.031666666666666,14.497083333333334,8.969166666666666,17.416666666666668,8.707083333333333,9.365416666666667,5.828333333333333,14.5,7.58625,8.53625,4.837083333333333,17.583333333333332,6.9695833333333335,11.065833333333332,6.57,18.25,6.215416666666666,12.3925,7.0183333333333335
2025-09-29,10.333333333333334,4.6691666666666665,7.032916666666666,3.8845833333333335,22.333333333333332,5.555416666666667,16.777083333333334,6.629166666666666,15.5,7.3566666666666665,8.987916666666667,5.381666666666667,11.125,5.597083333333334,8.2075,4.257083333333333,11.916666666666666,5.7749999999999995,9.054166666666665,4.197916666666667,19.75,5.854166666666667,15.14875,7.614583333333333
2025-09-30,13.125,6.6625000000000005,6.58875,4.394583333333333,26.666666666666668,5.644583333333333,19.47458333333333,7.530833333333334,22.041666666666668,7.852083333333333,11.5075,8.401666666666667,12.791666666666666,4.710416666666666,7.647083333333334,4.836666666666667,14.625,3.4233333333333333,8.956249999999999,5.608750000000001,34.791666666666664,3.830833333333333,19.832916666666666,13.694166666666666
2025-10-01,15.416666666666666,6.692083333333333,7.314166666666666,5.457083333333333,22.541666666666668,6.140416666666667,14.342500000000001,8.7675,27.0,8.5075,13.655000000000001,10.434166666666668,15.416666666666666,5.045,7.9316666666666675,5.9312499999999995,22.125,4.618,15.65625,7.40125,37.333333333333336,5.073958333333334,19.382916666666667,14.770000000000001
2025-10-02,20.916666666666668,10.739166666666668,9.24375,7.257916666666667,30.333333333333332,8.418750000000001,19.745416666666667,11.925416666666665,31.708333333333332,10.427916666666667,15.650416666666667,12.475,20.5,5.788333333333333,10.420833333333333,8.025833333333333,26.666666666666668,4.34175,17.00166666666667,9.755833333333333,39.375,6.577083333333333,22.775238095238095,17.645714285714284
2025-10-03,19.166666666666668,10.726666666666667,9.303749999999999,6.560833333333334,32.208333333333336,9.352083333333333,24.83458333333333,11.51625,26.25,14.330416666666666,12.988750000000001,10.050833333333333,17.416666666666668,6.690833333333333,9.299583333333333,6.580416666666667,20.208333333333332,5.0125,11.797916666666666,7.939166666666666,29.083333333333332,7.765000000000001,16.945833333333333,11.350416666666668
2025-10-04,22.25,5.863541666666666,11.814166666666667,8.681666666666667,37.041666666666664,5.214166666666666,21.561666666666667,14.606666666666667,36.375,7.430416666666667,18.392916666666668,14.358333333333334,24.75,4.043333333333334,13.41375,9.7425,22.333333333333332,3.340208333333333,12.855833333333335,8.66375,42.541666666666664,3.9575,23.07041666666667,16.798333333333336
2025-10-05,12.125,2.6058333333333334,7.8062499999999995,4.502916666666667,18.833333333333332,3.0408333333333335,12.137500000000001,7.260833333333333,19.041666666666668,2.53875,11.174166666666666,7.403333333333333,13.333333333333334,3.391666666666667,8.761666666666667,4.7595833333333335,14.125,2.765416666666667,9.914166666666667,4.754166666666666,25.208333333333332,2.51375,17.010416666666668,9.177916666666667
2025-10-06,13.625,8.080833333333333,8.06375,3.7016666666666667,16.083333333333332,6.423333333333333,12.1175,5.442916666666666,17.083333333333332,7.0562499999999995,11.237083333333333,6.074583333333333,12.083333333333334,4.202083333333333,9.150416666666667,3.762916666666667,15.458333333333334,1.5160416666666665,11.977083333333333,4.535,24.291666666666668,4.746842105263158,19.017083333333336,8.034583333333334
2025-10-07,14.875,9.75,7.479166666666667,4.179583333333333,22.166666666666668,8.347083333333332,16.895416666666666,6.5874999999999995,22.625,11.493541666666667,12.722499999999998,8.392083333333334,11.291666666666666,5.002291666666667,7.74125,4.0687500000000005,13.125,3.181,9.910833333333334,4.862916666666667,19.125,4.81,14.170833333333334,7.266249999999999
2025-10-08,12.791666666666666,7.782916666666666,6.176666666666667,3.7275000000000005,19.541666666666668,6.848333333333333,14.354583333333332,6.270833333333333,20.541666666666668,10.986666666666666,10.62,7.119583333333334,10.916666666666666,4.789166666666667,7.310833333333334,3.9904166666666665,11.75,3.8981250000000003,8.078333333333333,4.4470833333333335,17.541666666666668,4.239791666666666,11.885,6.793333333333333
2025-10-09,18.25,5.222916666666666,10.08375,6.9745833333333325,27.791666666666668,5.34625,16.00125,10.969999999999999,26.5,6.2870833333333325,15.159999999999998,10.397499999999999,20.208333333333332,5.0475,12.31,7.857083333333333,19.041666666666668,5.154166666666667,11.951666666666668,7.423333333333333,35.416666666666664,5.8775,20.632916666666667,13.977083333333333
2025-10-10,15.5,5.5874999999999995,8.27625,5.610416666666667,25.0,4.567083333333334,14.813333333333333,9.7925,21.875,6.7475,12.629583333333334,8.340416666666666,16.125,5.245,9.789583333333333,6.21375,16.0,4.374583333333333,10.534166666666666,6.20625,30.375,5.097083333333333,18.319583333333334,11.974583333333333
2025-10-11,19.458333333333332,6.569583333333333,9.872916666666667,7.5129166666666665,32.083333333333336,5.26625,17.0725,12.650416666666667,29.708333333333332,5.9191666666666665,15.136666666666665,11.691249999999998,21.25,3.424583333333333,11.246666666666668,8.257083333333332,23.041666666666668,2.0300000000000002,12.862499999999999,8.995416666666666,39.291666666666664,3.6483333333333334,21.335416666666664,15.53375
2025-10-12,19.375,6.752291666666667,9.8775,7.4875,30.0,6.113333333333333,15.716666666666667,11.775,27.5,7.425833333333333,13.916666666666666,10.72625,19.25,3.4915,10.030833333333334,7.48125,22.375,3.395555555555555,11.996250000000002,8.784166666666666,35.041666666666664,3.8621052631578947,18.67625,13.85875
2025-10-13,15.583333333333334,10.230416666666667,6.66875,4.23125,16.625,9.950416666666667,8.56875,5.654583333333334,18.75,11.356250000000001,8.336666666666666,5.797083333333333,12.0,5.370833333333334,6.134583333333333,4.0183333333333335,12.458333333333334,4.199583333333333,7.517499999999999,4.647083333333334,21.041666666666668,5.508333333333333,12.225416666666668,8.1975
2025-10-14,15.75,7.997916666666666,7.490416666666667,4.931666666666667,19.041666666666668,6.465,11.19375,7.402083333333334,24.916666666666668,10.133125,12.8125,9.16875,14.666666666666666,4.284166666666667,8.542083333333332,5.604166666666667,16.708333333333332,2.810833333333333,10.597916666666666,6.4575,29.375,4.132916666666667,17.03,11.5025
2025-10-15,31.25,5.305833333333333,15.68875,12.292499999999999,47.375,4.7058333333333335,23.604166666666668,18.479583333333334,57.083333333333336,5.833333333333333,26.016666666666666,20.999166666666667,33.75,3.9025,17.267083333333332,13.320833333333333,37.208333333333336,2.4602083333333336,19.93583333333333,14.693333333333333,78.0,4.1325,38.37291666666667,30.096666666666668
2025-10-16,32.083333333333336,5.911666666666666,15.662083333333333,12.688333333333333,50.708333333333336,5.01375,24.4575,19.868750000000002,60.583333333333336,5.55,26.505416666666665,21.996666666666666,34.791666666666664,3.7887500000000003,16.947083333333335,13.687916666666666,37.25,2.2483333333333335,19.105,14.729166666666666,76.45833333333333,4.537083333333333,33.04666666666667,26.414583333333336
2025-10-17,36.5,6.082916666666667,17.923333333333336,14.38875,60.375,4.82625,27.27125,21.98375,76.625,5.47125,32.71625,26.5725,38.791666666666664,3.5610416666666667,19.040000000000003,15.279166666666667,44.333333333333336,1.6302083333333333,22.895416666666666,17.550833333333333,28.416666666666668,3.4285416666666664,,
2025-10-18,28.916666666666668,8.271875,14.401666666666666,11.33875,44.791666666666664,5.406041666666667,22.475416666666664,17.5825,49.375,7.124583333333334,23.487916666666667,18.596666666666668,31.708333333333332,2.794791666666667,16.090416666666666,12.463333333333333,35.458333333333336,,18.602083333333333,13.992083333333333,52.229166666666664,4.266,29.778333333333332,23.111666666666665
2025-10-19,23.083333333333332,6.642916666666667,12.457500000000001,8.95125,38.125,6.937083333333334,20.56625,15.048333333333334,32.625,6.166521739130435,16.99833333333333,12.84125,24.5,4.154166666666667,13.350416666666668,9.60125,24.708333333333332,3.518333333333333,14.33,9.702083333333333,45.041666666666664,4.901666666666666,23.519166666666667,17.500416666666666
2025-10-20,12.375,4.400416666666667,6.382916666666667,4.369166666666667,19.0,3.31375,10.574166666666667,7.4025,17.958333333333332,4.91421052631579,9.729166666666666,6.921250000000001,12.75,2.649583333333333,7.107083333333333,4.917083333333333,12.958333333333334,1.7972916666666665,7.886666666666667,5.020416666666667,23.291666666666668,1.78875,13.088333333333333,9.117916666666668
2025-10-21,4.083333333333333,2.0072916666666667,2.3758333333333335,1.2895833333333333,6.0,1.764375,4.3175,2.1954166666666666,5.791666666666667,1.7755555555555556,3.7591666666666668,2.1020833333333333,4.375,2.354444444444445,2.702916666666667,1.4516666666666664,4.833333333333333,2.4555555555555557,3.04875,1.6216666666666668,6.833333333333333,1.7185,4.848333333333334,2.3366666666666664
2025-10-22,3.5,1.0683333333333334,1.99875,1.1229166666666666,5.416666666666667,1.054375,3.888333333333333,1.8008333333333333,5.208333333333333,0.741,3.7137499999999997,1.7970833333333334,3.625,0.8002631578947369,2.4162500000000002,1.2525,3.9166666666666665,0.7455555555555555,2.6933333333333334,1.2795833333333333,5.5,0.609,4.089166666666666,1.9770833333333335
2025-10-23,6.666666666666667,2.981666666666667,3.8475,2.0595833333333333,8.833333333333334,2.6808333333333336,6.6225,3.0500000000000003,10.166666666666666,4.310416666666667,6.685416666666666,3.236666666666667,6.875,2.8577083333333335,4.793333333333334,2.279166666666667,7.333333333333333,3.076875,5.410833333333334,2.2325,10.875,3.705,8.112083333333333,3.6666666666666665
2025-10-24,15.416666666666666,8.4325,10.810833333333333,5.334166666666667,20.458333333333332,6.260000000000001,16.02875,7.672916666666667,21.833333333333332,10.221666666666666,15.629166666666668,8.24375,16.208333333333332,4.897916666666666,12.560833333333333,5.622916666666666,19.083333333333332,2.3655,14.743333333333332,6.0129166666666665,30.291666666666668,4.944375,23.854583333333334,10.259583333333333
2025-10-25,14.541666666666666,8.5275,9.933333333333334,5.542083333333333,21.458333333333332,6.679583333333333,14.502916666666666,8.381666666666666,22.25,8.285,14.203333333333333,8.689166666666667,15.291666666666666,5.5945833333333335,10.999583333333334,5.8183333333333325,17.5,3.0574999999999997,13.248333333333333,6.327500000000001,32.125,6.6241666666666665,22.650833333333335,12.35875
2025-10-26,10.36,5.0912,5.684,3.4,14.44,3.7768,8.8964,5.5088,14.04,4.626,8.121599999999999,5.0844,10.44,4.4872000000000005,6.4116,3.556,10.88,3.4232,7.579199999999999,3.9832,22.0,4.5012,14.531200000000002,8.4336
2025-10-27,13.416666666666666,10.561666666666666,5.125416666666667,2.401666666666667,12.041666666666666,7.875416666666666,7.765833333333333,3.73,14.333333333333334,9.815,6.709583333333334,3.6329166666666666,9.458333333333334,6.55875,5.8379166666666675,2.5245833333333336,9.333333333333334,3.8945833333333333,7.182916666666666,3.0270833333333336,14.958333333333334,5.4245833333333335,11.562916666666666,5.107083333333333
2025-10-28,21.125,15.782916666666667,10.28875,6.65375,18.666666666666668,10.815,,,17.375,12.62,,,18.041666666666668,7.44,10.414166666666667,6.953333333333333,21.125,,12.829583333333334,8.235416666666667,17.708333333333332,7.590208333333333,,
2025-10-29,17.375,10.805833333333332,8.329583333333334,5.547499999999999,19.958333333333332,8.667083333333332,13.034444444444444,8.02111111111111,19.833333333333332,8.935416666666667,9.974210526315789,7.3110526315789475,14.916666666666666,5.823333333333333,8.63625,5.614999999999999,15.791666666666666,4.190416666666667,9.199583333333333,6.034166666666667,16.25,7.117916666666667,,
2025-10-30,10.208333333333334,6.645833333333333,4.47625,2.5866666666666664,11.458333333333334,4.887083333333334,6.773333333333333,3.85875,11.833333333333334,5.045833333333333,7.134166666666666,4.078333333333333,8.583333333333334,3.8797916666666663,4.9487499999999995,2.84125,8.583333333333334,2.70125,5.927916666666667,3.2137499999999997,15.458333333333334,4.880208333333333,10.147083333333333,5.702500000000001
2025-10-31,7.333333333333333,4.307916666666666,3.03375,1.7879166666666668,7.875,2.92,5.117916666666667,2.845416666666667,8.0,2.5704166666666666,4.933333333333334,2.7675,6.666666666666667,3.6420833333333333,3.34375,1.9337499999999999,6.833333333333333,3.797916666666667,4.062083333333333,2.3045833333333334,9.708333333333334,2.50625,6.710416666666667,3.5345833333333334
2025-11-01,7.416666666666667,5.865416666666667,2.192083333333333,1.3195833333333333,7.125,4.7370833333333335,4.1937500000000005,2.3649999999999998,6.791666666666667,4.973333333333334,2.89125,1.8170833333333334,4.916666666666667,3.3491666666666666,2.4891666666666667,1.32625,5.375,3.3691666666666666,3.2025,1.8308333333333333,7.125,4.3812500000000005,4.464583333333334,2.1629166666666664
2025-11-02,7.083333333333333,3.9762500000000003,3.13875,2.055833333333333,8.791666666666666,3.279166666666667,5.1970833333333335,3.2424999999999997,10.958333333333334,3.2937499999999997,5.470416666666666,3.9458333333333333,6.166666666666667,2.2579166666666666,3.25125,1.9583333333333333,7.375,1.5460416666666668,4.397083333333334,2.6775,10.541666666666666,3.1835,6.842083333333334,3.9808333333333334
2025-11-03,14.25,11.176666666666668,4.7804166666666665,2.6370833333333334,13.791666666666666,8.535,7.508333333333333,4.162916666666667,14.458333333333334,8.05125,7.740833333333334,4.83875,9.0,4.900833333333334,5.471666666666667,2.796666666666667,9.958333333333334,2.505,7.245416666666667,3.702083333333333,15.791666666666666,5.088125000000001,10.939166666666667,5.882916666666667
2025-11-04,17.458333333333332,13.424166666666666,5.75375,3.4995833333333333,17.608695652173914,11.25695652173913,9.982608695652173,5.820434782608696,17.956521739130434,12.395217391304346,7.624782608695653,4.857391304347826,12.083333333333334,7.397083333333334,7.062083333333334,3.5733333333333337,11.875,4.456666666666666,7.829999999999999,4.3175,18.333333333333332,9.336304347826086,11.192083333333334,6.509166666666666
2025-11-05,10.208333333333334,4.142083333333333,5.89875,3.455833333333333,14.666666666666666,4.792083333333333,10.07875,5.6499999999999995,14.0,5.992083333333333,8.834166666666667,5.21375,11.875,3.965,8.149583333333334,3.845,10.291666666666666,5.1325,6.991666666666667,3.6016666666666666,16.375,3.7608333333333337,11.40875,6.34
2025-11-06,11.25,8.754583333333334,2.924166666666667,1.6224999999999998,9.666666666666666,5.557916666666666,4.651666666666666,2.68375,11.08695652173913,7.73695652173913,4.490869565217391,2.373913043478261,9.0,6.592083333333334,3.6079166666666667,1.8825,7.260869565217392,5.629130434782609,3.71,1.8408695652173912,11.0,6.093913043478261,6.113043478260869,3.2708695652173914
2025-11-07,10.541666666666666,7.919583333333333,3.6733333333333333,2.0375,9.208333333333334,5.640000000000001,5.1154166666666665,2.9591666666666665,11.166666666666666,6.678333333333334,5.2124999999999995,3.295833333333333,7.75,5.25875,3.733333333333333,2.09875,6.833333333333333,2.9825,4.5095833333333335,2.3225000000000002,11.5,5.594166666666666,6.947500000000001,4.0225
2025-11-08,9.416666666666666,7.4679166666666665,3.5833333333333335,1.83125,9.0,6.1225,5.657916666666666,3.10375,9.916666666666666,7.28375,5.0754166666666665,2.892916666666667,7.0,5.194166666666667,3.6975,1.9083333333333332,6.916666666666667,4.67875,4.6137500000000005,2.245833333333333,11.25,6.1275,7.75,4.25875
2025-11-09,11.791666666666666,7.002916666666667,8.229583333333332,3.315,8.666666666666666,4.840833333333333,,,12.291666666666666,4.5486956521739135,8.304583333333333,4.5529166666666665,8.75,2.890833333333333,6.357916666666667,3.0170833333333333,11.291666666666666,1.6077777777777778,8.44125,4.117916666666667,10.875,3.7805,,
2025-11-10,11.0,6.87125,5.07125,2.7395833333333335,8.541666666666666,4.269583333333333,5.966666666666667,3.8699999999999997,12.041666666666666,5.391666666666667,5.749583333333334,3.60875,8.833333333333334,4.159583333333333,4.937916666666667,3.000833333333333,9.291666666666666,2.3358333333333334,5.64,3.4358333333333335,11.833333333333334,4.423333333333333,,
2025-11-11,10.041666666666666,7.479583333333333,3.1787499999999995,2.0429166666666667,9.958333333333334,6.015416666666667,5.06125,3.0549999999999997,11.875,7.3168750000000005,4.337083333333333,2.9425000000000003,8.208333333333334,4.241874999999999,3.8779166666666662,2.3545833333333333,6.75,2.908125,3.981666666666667,2.3945833333333333,10.666666666666666,5.1475,5.571666666666666,3.484583333333333
2025-11-12,9.041666666666666,5.311458333333333,4.229583333333333,2.6216666666666666,12.625,5.3220833333333335,7.555416666666667,4.54375,13.291666666666666,6.222291666666667,6.451250000000001,4.044583333333333,8.541666666666666,3.8413636363636368,5.579166666666667,3.1958333333333333,12.458333333333334,1.7840909090909092,9.250833333333333,3.6479166666666667,12.791666666666666,3.6755000000000004,7.935,4.828333333333333
2025-11-13,10.375,5.34125,6.684583333333333,3.4879166666666666,14.791666666666666,5.3220833333333335,10.529166666666667,5.635416666666667,15.916666666666666,6.386666666666667,10.084999999999999,5.298333333333333,12.333333333333334,6.097083333333334,9.104166666666666,4.577916666666667,30.166666666666668,3.1870833333333333,23.779583333333335,6.028333333333333,16.375,3.7270833333333333,11.863333333333335,6.195416666666667
2025-11-14,12.333333333333334,5.933333333333334,8.522916666666667,3.6525,16.958333333333332,4.88875,12.974166666666667,5.638333333333333,18.0,5.028125,13.2525,5.370833333333334,16.958333333333332,8.12125,11.96375,4.8116666666666665,55.916666666666664,3.2145833333333336,41.055,6.75875,21.5,5.76875,16.6975,6.792083333333333
2025-11-15,6.958333333333333,5.441666666666666,2.26625,1.0908333333333333,7.208333333333333,4.839166666666666,4.007083333333333,1.96125,7.375,5.677499999999999,3.0050000000000003,1.3550000000000002,8.166666666666666,6.195,3.40375,1.5166666666666666,14.5,3.200833333333333,11.112083333333333,2.2904166666666668,7.708333333333333,4.982083333333333,4.59,1.9695833333333335
2025-11-16,6.416666666666667,4.9675,2.1808333333333336,1.1375,5.875,3.6316666666666664,3.3983333333333334,1.9891666666666667,5.958333333333333,4.223333333333334,2.8966666666666665,1.5445833333333334,7.416666666666667,5.75875,2.967916666666667,1.5491666666666666,11.083333333333334,2.3337499999999998,8.530416666666666,2.342916666666667,6.666666666666667,4.397916666666666,3.7283333333333335,2.0633333333333335
2025-11-17,11.541666666666666,9.214583333333334,2.86125,1.7383333333333333,10.208333333333334,7.662916666666667,4.237916666666666,2.6479166666666667,12.833333333333334,10.323333333333332,4.173333333333333,2.7066666666666666,11.333333333333334,8.9525,3.7083333333333335,2.1633333333333336,12.625,7.8999999999999995,7.925,3.5279166666666666,9.791666666666666,6.359166666666667,5.232083333333333,3.3020833333333335
2025-11-18,11.791666666666666,8.548333333333334,5.579583333333333,2.591666666666667,12.75,7.668333333333333,8.4575,4.216666666666667,13.583333333333334,9.185833333333333,5.51125,3.0829166666666663,10.708333333333334,7.260416666666667,6.589583333333334,3.2458333333333336,24.708333333333332,6.822500000000001,19.33875,4.765416666666667,14.666666666666666,7.1933333333333325,10.660416666666666,5.343333333333334
2025-11-19,14.458333333333334,11.66125,5.864166666666667,3.348333333333333,15.083333333333334,8.64625,9.248333333333333,5.4679166666666665,14.958333333333334,11.053333333333333,6.319166666666667,4.113333333333333,15.041666666666666,12.202916666666667,7.40875,4.191666666666666,20.0,10.295416666666666,15.362916666666665,5.746666666666666,16.541666666666668,6.510416666666667,10.400416666666667,6.414583333333333
2025-11-20,13.833333333333334,11.084166666666667,3.4141666666666666,1.8966666666666665,12.166666666666666,8.010833333333332,5.264583333333333,3.16375,14.791666666666666,11.244166666666667,3.6641666666666666,2.3833333333333333,13.083333333333334,9.738333333333333,4.032916666666667,2.4091666666666667,14.666666666666666,8.290000000000001,11.2425,3.3220833333333335,13.791666666666666,9.032083333333334,5.97375,3.8229166666666665
2025-11-21,18.166666666666668,14.80375,1.9487500000000002,0.9658333333333333,13.416666666666666,10.761666666666665,3.1995833333333334,1.8579166666666669,17.833333333333332,14.60875,1.9166666666666667,1.22,15.583333333333334,12.704583333333334,2.185,1.1612500000000001,20.041666666666668,11.4425,15.559166666666668,2.1654166666666668,13.833333333333334,11.114166666666668,3.920833333333333,2.3520833333333333
2025-11-22,12.666666666666666,10.207083333333333,3.3575,1.7612499999999998,10.208333333333334,7.266249999999999,5.152083333333334,3.2937499999999997,9.875,7.0562499999999995,3.14125,2.0433333333333334,13.375,10.780416666666667,4.069166666666667,2.262916666666667,18.333333333333332,9.755,14.058333333333332,4.300416666666666,11.833333333333334,5.354166666666667,6.834166666666667,4.455
2025-11-23,6.583333333333333,5.029166666666667,2.8129166666666667,1.6683333333333332,8.916666666666666,3.81125,5.03,3.3558333333333334,5.666666666666667,1.5191666666666668,3.0691666666666664,2.095833333333333,7.833333333333333,6.037916666666667,3.717916666666667,2.2504166666666667,11.333333333333334,7.007916666666667,8.502083333333333,3.624166666666667,9.583333333333334,1.765,5.456666666666667,3.6475000000000004
2025-11-24,9.5,7.365416666666667,1.6966666666666665,1.1616666666666666,8.875,5.632916666666667,3.04625,2.1841666666666666,10.291666666666666,7.16875,2.39125,1.7208333333333332,8.583333333333334,6.255833333333334,2.24625,1.52625,10.416666666666666,7.604166666666667,5.76875,2.1866666666666665,9.333333333333334,5.122916666666667,3.6341666666666668,2.5412500000000002
2025-11-25,15.833333333333334,12.840416666666668,2.4525,1.11375,11.541666666666666,9.2925,3.4187499999999997,1.72,15.5,12.453333333333333,2.9008333333333334,1.5241666666666667,13.083333333333334,10.533333333333333,2.9299999999999997,1.4037499999999998,17.583333333333332,10.850833333333334,13.235,2.27625,12.666666666666666,10.180833333333334,4.934166666666667,2.4766666666666666
2025-11-26,17.166666666666668,14.085833333333333,5.845416666666666,2.3354166666666667,13.75,10.287083333333333,7.5683333333333325,3.6941666666666664,18.666666666666668,15.262500000000001,5.6875,2.5974999999999997,14.708333333333334,11.69625,6.576666666666667,2.829166666666667,34.208333333333336,12.409583333333332,26.9275,4.845833333333333,15.791666666666666,10.410833333333334,10.454583333333334,4.77125
2025-11-27,18.833333333333332,15.464166666666666,5.84875,2.59375,14.875,11.2125,7.659583333333334,4.129166666666666,17.708333333333332,13.667083333333332,6.822500000000001,4.09,18.333333333333332,15.0675,6.699166666666667,3.1254166666666667,25.0,15.507916666666667,18.115,5.324166666666667,16.333333333333332,8.469166666666666,11.352916666666665,5.865833333333334
2025-11-28,20.041666666666668,16.285,6.452083333333333,4.78125,19.916666666666668,12.407083333333333,9.9875,7.5566666666666675,23.708333333333332,10.286666666666667,11.804583333333333,9.270416666666668,20.291666666666668,16.294166666666666,8.792083333333332,6.54625,27.625,17.524583333333332,15.624583333333334,10.527083333333334,16.041666666666668,6.705208333333334,,
2025-11-29,11.5,8.727083333333333,,,10.041666666666666,6.1745833333333335,,,5.5,2.355,,,16.5,11.849166666666667,,,18.083333333333332,12.292916666666665,,,3.0416666666666665,2.0229166666666667,,
2025-11-30,12.833333333333334,9.650833333333333,4.643888888888889,3.3883333333333336,14.041666666666666,6.805416666666667,8.23611111111111,6.332777777777777,13.25,7.382916666666667,6.327222222222222,4.919444444444444,13.666666666666666,8.635416666666666,6.219444444444445,4.657777777777778,15.333333333333334,10.097916666666666,,,15.208333333333334,5.565416666666667,,
2025-12-01,16.666666666666668,13.6775,,,16.75,9.53,10.278333333333334,5.475833333333333,11.708333333333334,9.107916666666666,,,19.416666666666668,15.536666666666667,10.049583333333333,4.858333333333333,23.416666666666668,15.615833333333333,,,11.333333333333334,5.1925,,
2025-12-02,13.291666666666666,10.372916666666667,3.3355555555555556,2.187777777777778,12.083333333333334,6.328333333333333,5.626666666666666,3.8033333333333332,10.833333333333334,7.9629166666666675,3.763888888888889,2.5677777777777777,16.208333333333332,11.877916666666666,5.175833333333333,3.1954166666666666,14.833333333333334,10.98375,,3.7094444444444443,8.666666666666666,5.475833333333333,,
2025-12-03,16.041666666666668,13.049166666666666,3.9758333333333336,2.4975,13.958333333333334,9.241666666666667,6.44875,4.170833333333333,15.041666666666666,8.228125,6.50875,4.60125,17.958333333333332,14.669166666666667,5.0929166666666665,3.1391666666666667,19.75,14.348333333333334,11.2325,5.540416666666666,14.5,5.695416666666667,7.4125000000000005,5.0304166666666665
2025-12-04,13.666666666666666,10.579166666666667,3.4154166666666668,1.9675,11.791666666666666,7.803333333333334,5.7175,3.2691666666666666,12.75,8.431666666666667,4.839583333333334,2.9608333333333334,14.708333333333334,11.148333333333333,4.619583333333334,2.63875,16.041666666666668,10.800416666666665,9.595833333333333,3.841666666666667,12.458333333333334,6.902916666666666,6.204583333333333,3.8654166666666665
2025-12-05,12.541666666666666,10.06625,2.485,1.46375,9.583333333333334,7.175,4.04375,2.4379166666666667,11.375,7.361875,3.6962499999999996,2.2525,13.416666666666666,10.909166666666666,3.38125,1.9775,22.541666666666668,10.089166666666666,17.5675,3.0366666666666666,11.5,6.051875,5.119583333333334,3.0708333333333333
2025-12-06,6.0,2.9850000000000003,2.78375,1.5933333333333335,7.5,2.3995833333333336,4.4470833333333335,2.60875,6.791666666666667,,4.215,2.4254166666666666,7.5,3.654166666666667,3.75,2.10125,16.166666666666668,5.5375000000000005,11.909166666666666,3.37875,8.25,,4.888333333333333,3.0379166666666664
2025-12-07,4.416666666666667,3.1166666666666667,1.1433333333333333,0.7012499999999999,4.708333333333333,2.8645833333333335,2.3970833333333332,1.4725,3.4583333333333335,,1.6529166666666668,1.04625,5.416666666666667,3.8970833333333332,1.5675,0.9170833333333333,6.833333333333333,5.222083333333333,3.856666666666667,1.5545833333333334,3.2083333333333335,1.2565217391304346,1.6804166666666667,1.0670833333333334
2025-12-08,6.916666666666667,5.415,1.185,0.7179166666666666,6.041666666666667,4.53625,2.4541666666666666,1.4704166666666667,5.916666666666667,4.83,1.9041666666666668,1.2095833333333335,7.916666666666667,6.230833333333333,1.70875,0.9758333333333332,9.708333333333334,7.696666666666666,3.6195833333333334,1.8070833333333332,5.125,3.2274999999999996,2.0083333333333333,1.3095833333333333
2025-12-09,12.791666666666666,10.28,3.0675000000000003,1.93,11.916666666666666,7.809166666666667,5.468333333333334,3.4579166666666663,14.625,10.654166666666667,4.9870833333333335,3.2475,14.0,11.347499999999998,4.529166666666667,2.638333333333333,15.833333333333334,11.990833333333333,8.445833333333333,4.00375,12.416666666666666,6.275833333333334,6.101666666666667,3.8350000000000004
2025-12-10,17.791666666666668,13.10375,6.834583333333334,4.144166666666666,18.666666666666668,10.585833333333333,11.088333333333333,6.951250000000001,21.125,13.800416666666665,10.902916666666668,6.740416666666667,16.791666666666668,11.308750000000002,9.564583333333333,5.614999999999999,21.541666666666668,10.930416666666666,16.826249999999998,7.558333333333334,21.25,10.00375,12.715833333333334,8.109583333333333
2025-12-11,18.958333333333332,9.463333333333333,9.963333333333333,6.745,21.208333333333332,7.5218750000000005,11.21875,8.115833333333333,23.0,7.085208333333333,12.685833333333333,8.884166666666667,20.875,10.480833333333333,11.114583333333334,8.02,26.583333333333332,7.846666666666667,19.13375,10.405833333333334,14.5,5.405833333333334,,
2025-12-12,23.75,10.427916666666667,11.910416666666668,9.110833333333334,34.791666666666664,10.977916666666667,17.48125,13.719999999999999,37.958333333333336,11.4975,19.30875,15.0225,30.583333333333332,11.309166666666668,15.314166666666667,12.019583333333335,47.791666666666664,10.165000000000001,30.32541666666667,18.452083333333334,49.0,6.9054166666666665,25.752499999999998,20.999000000000002
2025-12-13,35.291666666666664,12.07875,16.93,13.915833333333333,62.041666666666664,9.945,26.829583333333332,22.254583333333333,67.91666666666667,8.948333333333332,28.895,23.697916666666668,50.041666666666664,13.169583333333334,23.635416666666668,19.34125,78.5,12.132083333333334,39.96375,28.985,83.58333333333333,3.827916666666667,39.555416666666666,33.15625
2025-12-14,36.0,7.850833333333333,17.35625,14.157083333333333,53.75,6.370833333333334,24.215416666666666,20.354166666666668,36.77777777777778,5.7988888888888885,,,51.375,9.694166666666666,24.336250000000003,20.025833333333335,83.25,8.934166666666666,40.678333333333335,32.65833333333333,31.791666666666668,3.47125,,
2025-12-15,32.375,11.78625,15.123750000000001,12.7125,45.875,10.429166666666667,21.395,18.15791666666667,48.541666666666664,8.199166666666667,25.052500000000002,20.964,44.583333333333336,11.2875,20.782083333333333,17.582916666666666,84.0,10.758333333333333,41.74583333333333,33.52041666666667,66.20833333333333,8.26625,33.5265,28.258999999999997
2025-12-16,18.041666666666668,10.24375,7.468333333333334,5.966666666666666,24.875,8.008750000000001,12.251666666666667,9.711666666666668,24.625,9.924999999999999,11.86625,9.486666666666666,21.916666666666668,9.942916666666667,10.385416666666666,8.362499999999999,35.791666666666664,8.762083333333333,18.712500000000002,13.845416666666667,33.458333333333336,5.6379166666666665,16.04,13.200000000000001
2025-12-17,20.333333333333332,13.292083333333332,7.502083333333334,5.647083333333334,24.583333333333332,9.102083333333333,12.616666666666667,9.530833333333334,27.125,13.2275,13.269166666666665,10.167083333333332,22.958333333333332,13.652499999999998,10.406666666666666,7.789583333333333,30.958333333333332,10.711666666666666,18.338333333333335,12.149583333333334,37.708333333333336,7.588124999999999,19.0725,14.864166666666668
2025-12-18,11.208333333333334,4.859583333333334,5.915,4.027916666666667,17.875,3.953333333333333,10.048333333333334,6.916666666666667,18.375,2.340625,10.4325,7.164166666666667,15.333333333333334,7.444166666666667,8.78875,5.832083333333333,21.291666666666668,5.6066666666666665,15.260833333333332,8.344583333333334,21.791666666666668,1.9449999999999998,12.1075,8.501666666666667
2025-12-19,15.75,10.762916666666667,5.160833333333334,3.7916666666666665,17.708333333333332,7.73125,8.896666666666667,6.604583333333333,18.625,11.217083333333333,8.365,6.003333333333334,15.25,9.233749999999999,7.380833333333334,5.199583333333334,20.291666666666668,9.359583333333333,14.222916666666668,7.59875,19.375,9.01625,9.750416666666666,7.459166666666667
2025-12-20,15.791666666666666,5.439583333333334,7.3975,6.12125,25.541666666666668,4.763333333333334,11.952083333333334,10.037916666666666,23.375,4.894736842105263,11.265833333333333,9.168333333333333,21.166666666666668,7.9433333333333325,10.058333333333334,8.2825,37.25,6.105833333333333,19.881666666666664,14.71875,38.041666666666664,3.9784999999999995,17.967499999999998,14.969999999999999
2025-12-21,12.958333333333334,5.22,5.403333333333333,4.489583333333333,18.791666666666668,5.180416666666667,8.799166666666666,7.332916666666667,18.791666666666668,3.8508333333333336,8.590416666666666,7.267499999999999,17.333333333333332,6.53,7.836666666666667,6.404583333333334,25.583333333333332,4.632083333333333,13.947916666666666,10.03,23.916666666666668,4.117916666666667,11.440833333333332,9.287083333333333
2025-12-22,11.333333333333334,9.142083333333334,1.4400000000000002,1.0429166666666667,8.375,6.0754166666666665,2.9583333333333335,2.1441666666666666,8.75,6.619583333333334,2.08875,1.6095833333333334,11.583333333333334,9.215,2.09,1.4974999999999998,9.791666666666666,6.538333333333334,5.29625,2.3495833333333334,8.125,6.03625,3.205833333333333,2.2533333333333334
2025-12-23,11.166666666666666,8.91375,1.6925,1.0558333333333334,10.25,7.576249999999999,3.7516666666666665,2.3229166666666665,11.25,8.992916666666668,2.13625,1.425,12.708333333333334,10.23375,2.2070833333333333,1.3462500000000002,11.833333333333334,9.415000000000001,5.104166666666667,2.3804166666666666,10.75,7.802499999999999,3.3608333333333333,2.2391666666666667
2025-12-24,8.041666666666666,5.9925,3.251666666666667,2.0966666666666667,10.75,5.52625,5.849583333333334,4.004166666666666,9.291666666666666,6.3325,3.9450000000000003,2.6933333333333334,8.375,6.338333333333334,4.040416666666666,2.6879166666666667,13.166666666666666,5.465,9.564583333333333,4.75875,11.875,5.135833333333333,6.50875,4.522916666666666
2025-12-25,12.125,5.620833333333334,5.479583333333333,4.2250000000000005,19.291666666666668,4.8475,9.4275,7.531666666666666,13.541666666666666,4.68625,5.989999999999999,4.740833333333334,15.208333333333334,7.254583333333334,7.093333333333334,5.597916666666666,22.375,5.411666666666666,14.217916666666667,8.76,19.833333333333332,3.9562500000000003,9.522499999999999,7.677916666666667
2025-12-26,14.208333333333334,10.014583333333333,5.5945833333333335,4.261666666666667,20.75,8.080416666666666,10.267916666666666,8.082083333333333,14.25,9.418750000000001,6.50125,5.2283333333333335,16.416666666666668,12.192916666666667,7.427916666666667,5.7004166666666665,20.791666666666668,9.884583333333333,12.377083333333333,8.127083333333333,18.291666666666668,3.435416666666667,8.839166666666666,7.165833333333333
2025-12-27,16.875,9.699583333333335,6.47625,5.43625,22.291666666666668,10.62625,9.94,8.335416666666667,21.25,10.274583333333334,9.29875,7.756666666666667,19.291666666666668,9.946250000000001,8.590416666666666,7.182916666666666,28.333333333333332,8.72,13.72125,10.984166666666667,28.625,5.28875,13.030416666666667,11.229166666666666
2025-12-28,11.666666666666666,8.820416666666667,2.9658333333333338,2.055,13.833333333333334,10.081249999999999,5.360416666666667,3.6816666666666666,15.291666666666666,11.678333333333333,4.296666666666667,2.8670833333333334,11.625,8.299583333333333,4.035833333333334,2.7279166666666668,12.5,8.124166666666666,6.90125,3.4575,12.125,7.767083333333333,5.3625,3.84375
2025-12-29,16.916666666666668,13.218333333333334,4.82125,3.4316666666666666,16.708333333333332,9.611666666666666,8.136666666666667,5.994166666666666,16.583333333333332,10.184166666666666,7.763333333333333,5.304166666666666,18.375,13.912916666666668,6.6000000000000005,4.6825,21.333333333333332,11.763333333333334,12.59125,7.712083333333333,18.708333333333332,4.417916666666667,9.593333333333334,7.277916666666666
2025-12-30,15.541666666666666,11.227083333333333,6.877916666666667,5.48125,23.416666666666668,8.862916666666667,11.433750000000002,9.156666666666666,20.916666666666668,8.41625,10.629166666666666,8.187916666666666,19.333333333333332,12.427083333333334,9.360000000000001,7.487916666666667,33.208333333333336,11.584583333333335,17.749166666666667,13.134166666666667,34.125,5.424166666666667,16.148333333333333,13.424999999999999
2025-12-31,17.291666666666668,6.6866666666666665,8.334999999999999,6.702916666666667,30.166666666666668,5.821666666666666,14.436666666666667,11.875,25.0,6.293333333333333,11.697083333333333,9.78375,23.458333333333332,6.2995833333333335,11.083333333333334,9.162083333333333,35.083333333333336,4.66,18.7525,13.849166666666667,37.833333333333336,5.704999999999999,17.978333333333335,14.963333333333333
2026-01-01,23.166666666666668,7.714166666666666,11.071666666666667,9.044583333333334,43.666666666666664,5.7225,20.791666666666668,17.279999999999998,24.208333333333332,3.5227083333333336,11.52875,9.476666666666667,29.291666666666668,8.875,14.065416666666666,11.526666666666666,57.625,7.83875,26.795416666666668,20.916666666666668,44.875,6.697083333333333,21.146666666666665,17.753333333333334
2026-01-02,22.0,11.585833333333333,9.658333333333333,8.290416666666667,37.5,9.049999999999999,17.1475,14.825416666666667,25.375,5.715625,11.435416666666667,9.93375,29.0,11.202916666666667,13.166666666666666,11.371250000000002,45.083333333333336,9.967916666666667,20.89875,17.396666666666665,42.75,8.64875,19.32125,16.86375
2026-01-03,20.291666666666668,9.182083333333333,9.192083333333334,7.804166666666667,33.625,6.496666666666666,15.487916666666665,13.267916666666666,26.291666666666668,7.3875,12.042083333333332,10.314166666666667,26.0,8.101666666666667,11.99875,10.233749999999999,40.333333333333336,6.961666666666667,19.431250000000002,15.950000000000001,41.25,7.46875,18.849166666666665,16.289166666666667
2026-01-04,13.291666666666666,8.3225,5.325,4.064166666666667,15.75,5.684166666666666,7.729166666666667,6.11625,13.791666666666666,7.679166666666667,5.1450000000000005,4.010416666666667,12.625,6.5230434782608695,5.513333333333333,4.346666666666667,18.791666666666668,4.37,11.275416666666667,7.216666666666666,20.166666666666668,10.50625,8.7525,7.176666666666667
2026-01-05,16.0,13.112083333333333,5.150833333333334,2.8558333333333334,14.208333333333334,10.44,7.715,4.745833333333334,16.875,14.151739130434782,4.701666666666667,2.810416666666667,13.375,10.400416666666667,5.817083333333334,3.50125,14.041666666666666,8.69375,9.725416666666666,4.2004166666666665,17.5,13.690416666666666,7.914166666666667,5.115833333333334
2026-01-06,17.416666666666668,14.225416666666668,6.427083333333333,2.7220833333333334,14.625,10.542916666666667,8.63875,5.097083333333333,18.791666666666668,15.668750000000001,6.002083333333334,3.1179166666666664,15.291666666666666,12.351666666666667,6.550416666666667,3.2550000000000003,18.166666666666668,9.859166666666667,13.302916666666667,5.058333333333333,17.083333333333332,13.888333333333334,8.13875,4.6120833333333335
2026-01-07,23.583333333333332,19.974999999999998,6.7375,3.1079166666666667,20.083333333333332,15.916666666666666,8.959166666666667,5.392083333333333,20.833333333333332,16.031666666666666,7.5879166666666675,4.355833333333333,21.791666666666668,18.226666666666667,7.556666666666666,3.8524999999999996,23.791666666666668,13.644166666666665,17.538333333333334,6.050416666666667,19.958333333333332,14.750833333333333,10.15625,6.0058333333333325
2026-01-08,9.75,7.314166666666666,3.8608333333333333,2.6308333333333334,12.625,4.682083333333334,6.749583333333334,4.79375,11.208333333333334,5.741875,4.955416666666667,3.4629166666666666,11.083333333333334,7.226666666666667,5.215,3.5216666666666665,15.666666666666666,3.68,11.553333333333333,5.554166666666667,13.333333333333334,6.012499999999999,7.276666666666666,5.170833333333333
2026-01-09,11.083333333333334,8.13,2.2641666666666667,1.5325,10.75,6.87625,3.995416666666667,2.6725,12.666666666666666,8.737291666666666,3.39625,2.2875,9.958333333333334,6.427916666666667,3.3241666666666667,2.2083333333333335,11.041666666666666,4.703157894736842,7.927083333333333,3.0216666666666665,13.416666666666666,9.612499999999999,4.351666666666667,3.1354166666666665
2026-01-10,12.583333333333334,10.1725,3.0995833333333334,1.53125,8.833333333333334,6.888333333333333,4.370416666666666,2.3979166666666667,14.25,11.58,3.81125,2.0325,9.791666666666666,7.784166666666667,3.964583333333333,2.029166666666667,14.5,5.81125,11.18,3.078333333333333,14.291666666666666,11.567916666666667,5.1658333333333335,2.980833333333333
2026-01-11,13.666666666666666,10.35125,5.069583333333333,2.797916666666667,13.5,7.27875,7.977083333333333,4.7175,12.916666666666666,6.452500000000001,6.687916666666666,3.995416666666667,14.416666666666666,10.206249999999999,6.422499999999999,3.67125,19.333333333333332,6.1675,14.5025,6.970833333333334,13.166666666666666,6.230416666666667,8.2025,4.795416666666667
2026-01-12,10.958333333333334,7.992916666666667,2.1391666666666667,1.46,9.833333333333334,5.670833333333333,3.7583333333333333,2.5275,12.166666666666666,7.942916666666666,3.0558333333333336,2.2354166666666666,11.916666666666666,7.81625,3.0283333333333338,1.9858333333333331,11.833333333333334,6.724444444444444,7.262083333333333,3.4470833333333335,12.333333333333334,8.529583333333333,4.0375000000000005,2.89625
2026-01-13,11.541666666666666,8.283333333333333,3.8470833333333334,2.797916666666667,14.5,6.149166666666667,7.542083333333333,5.29625,15.458333333333334,6.7924999999999995,6.297916666666667,4.66875,13.708333333333334,9.590833333333334,5.822083333333333,3.879583333333333,17.208333333333332,6.182916666666667,12.604166666666666,5.701666666666667,17.333333333333332,7.709166666666667,7.8125,5.804166666666667
2026-01-14,13.125,8.606250000000001,5.728333333333333,4.3425,21.333333333333332,4.995416666666666,10.8225,8.337916666666667,17.125,6.6625000000000005,8.55875,6.455416666666667,16.25,7.798333333333333,8.524166666666668,6.12875,23.125,3.604791666666667,18.115833333333335,8.273333333333333,21.541666666666668,8.046666666666667,10.80625,8.304166666666667
2026-01-15,10.791666666666666,8.255416666666667,2.5533333333333332,1.7708333333333333,9.875,5.076666666666667,4.8025,3.467083333333333,10.291666666666666,7.595,3.7095833333333332,2.6958333333333333,11.041666666666666,7.449583333333333,4.014166666666667,2.5504166666666666,49.5,3.137916666666667,35.33375,4.067916666666666,13.416666666666666,10.029166666666667,5.373333333333334,3.7245833333333334
2026-01-16,12.791666666666666,10.21125,2.9654166666666666,2.247916666666667,11.833333333333334,6.44875,5.149583333333333,4.0775,13.958333333333334,9.5175,4.2275,3.3208333333333333,12.958333333333334,10.314583333333333,4.448333333333333,3.2183333333333333,46.625,6.0025,34.02291666666667,4.899166666666667,14.083333333333334,9.13875,5.772083333333334,4.43
2026-01-17,18.458333333333332,11.619166666666667,8.512500000000001,6.88,29.25,8.334999999999999,13.860416666666666,11.52125,30.583333333333332,11.588333333333333,14.492083333333333,11.974166666666667,25.041666666666668,10.217083333333333,12.204166666666666,9.696666666666667,38.291666666666664,7.770833333333333,22.872083333333332,15.124166666666667,37.541666666666664,9.00125,17.70625,14.777499999999998
2026-01-18,14.833333333333334,9.60375,4.482916666666667,3.6929166666666666,18.541666666666668,6.90625,8.084166666666667,6.816666666666666,15.583333333333334,7.042173913043478,6.535,5.447500000000001,15.291666666666666,7.730833333333333,6.1433333333333335,5.007499999999999,22.375,5.162916666666667,14.232083333333334,8.458333333333334,23.416666666666668,9.566666666666666,10.1975,8.564166666666667
2026-01-19,14.125,11.487083333333333,2.7274999999999996,1.8295833333333331,11.541666666666666,7.773333333333333,4.7491666666666665,3.2175,13.958333333333334,10.486666666666666,3.890833333333333,2.6458333333333335,12.333333333333334,9.364583333333334,3.8375,2.57625,17.458333333333332,5.640416666666667,12.7575,4.651666666666666,13.958333333333334,10.727916666666667,5.482916666666667,3.7112499999999997
2026-01-20,13.166666666666666,10.174999999999999,5.2975,2.9945833333333334,12.958333333333334,6.3879166666666665,7.687083333333334,4.400416666666667,14.375,8.186041666666666,6.897083333333334,4.2404166666666665,13.75,10.314583333333333,6.93625,3.939583333333333,23.625,6.114583333333333,18.469166666666666,6.223333333333334,14.958333333333334,8.795833333333333,8.853333333333333,4.95375
2026-01-21,13.458333333333334,10.142083333333334,3.58625,2.3320833333333333,13.0,8.070416666666667,5.510833333333333,3.77,13.583333333333334,9.531666666666666,3.9770833333333333,2.8195833333333336,14.583333333333334,9.954583333333334,4.895416666666667,3.106666666666667,23.125,6.470416666666666,18.077916666666667,4.93625,13.708333333333334,10.063333333333334,5.752083333333334,4.0125
2026-01-22,9.791666666666666,7.7995833333333335,2.7733333333333334,1.7754166666666666,8.083333333333334,5.152083333333334,4.208333333333333,2.764583333333333,8.833333333333334,6.62125,3.62125,2.39125,8.833333333333334,6.627083333333332,3.68875,2.262916666666667,20.75,3.950416666666667,16.24,3.700833333333333,12.125,9.296249999999999,4.943333333333333,3.3562499999999997
2026-01-23,9.791666666666666,7.708333333333333,3.8041666666666667,2.183333333333333,9.791666666666666,6.146666666666667,5.488333333333333,3.2304166666666667,12.291666666666666,9.850833333333334,4.97,2.8754166666666667,9.708333333333334,6.590416666666666,5.19,2.9029166666666666,17.75,4.992916666666667,13.842916666666667,3.8666666666666667,13.0,10.06875,6.098333333333334,3.9304166666666664
2026-01-24,9.041666666666666,7.116666666666667,2.165833333333333,1.2520833333333334,7.875,5.808333333333334,3.2558333333333334,2.044583333333333,11.583333333333334,9.307083333333333,2.6991666666666667,1.6395833333333334,9.0,6.690833333333334,2.9462499999999996,1.7179166666666665,11.833333333333334,5.388333333333333,8.147083333333333,2.2916666666666665,12.208333333333334,9.861666666666666,3.785833333333333,2.55625
2026-01-25,8.416666666666666,6.654583333333334,2.424583333333333,1.43625,8.083333333333334,5.764583333333333,3.5941666666666667,2.3754166666666667,12.041666666666666,9.510416666666666,2.8029166666666665,1.825,7.583333333333333,5.529583333333334,3.0812500000000003,1.9324999999999999,9.833333333333334,5.162083333333333,7.290833333333333,2.8179166666666666,12.75,10.26375,4.288333333333333,2.967916666666667
2026-01-26,19.541666666666668,16.348333333333333,5.11,2.9175,16.5,12.64625,6.610833333333333,4.184583333333333,22.791666666666668,19.605416666666667,5.633333333333333,3.3633333333333333,17.75,14.174166666666666,6.617083333333333,3.875833333333333,21.416666666666668,12.645000000000001,15.046666666666667,5.2612499999999995,20.208333333333332,16.727916666666665,7.669583333333333,5.09625
2026-01-27,12.083333333333334,7.279374999999999,3.6670833333333337,2.4270833333333335,11.291666666666666,5.227708333333333,5.192083333333334,3.63625,13.458333333333334,9.812999999999999,4.7404166666666665,3.2745833333333336,12.291666666666666,6.5975,4.984583333333333,3.200416666666667,15.875,3.934583333333333,12.350416666666668,5.0441666666666665,14.375,7.667916666666667,6.109166666666667,4.34625
2026-01-28,14.25,11.584166666666667,1.7691666666666668,0.9370833333333333,11.291666666666666,9.009583333333333,2.92,1.60625,18.375,15.196666666666667,2.29625,1.4054166666666665,12.291666666666666,9.933333333333334,2.4683333333333333,1.2454166666666666,13.625,7.454166666666667,9.505416666666667,1.5683333333333334,17.416666666666668,14.188333333333333,3.252083333333333,2.0025
2026-01-29,14.26086956521739,11.583478260869565,3.1708695652173917,1.7826086956521738,11.708333333333334,8.869166666666667,4.510833333333333,2.862083333333333,18.708333333333332,15.107916666666668,3.9425000000000003,2.5570833333333334,13.833333333333334,10.8925,4.187916666666667,2.4483333333333333,19.541666666666668,8.623333333333333,14.673333333333334,3.4470833333333335,15.583333333333334,12.27125,5.153333333333333,3.3658333333333332
2026-01-30,12.0,9.274166666666668,5.892083333333333,3.5262499999999997,13.25,7.22125,8.074166666666667,5.033333333333333,15.833333333333334,10.828333333333333,9.287083333333333,5.6883333333333335,13.458333333333334,7.836666666666667,7.989166666666667,4.9125000000000005,26.666666666666668,6.146666666666667,20.95875,7.06375,16.083333333333332,10.964583333333332,8.99,5.9245833333333335
2026-01-31,15.416666666666666,11.905,4.8758333333333335,2.939166666666667,15.041666666666666,9.830416666666666,6.895,4.287916666666667,19.916666666666668,15.864583333333334,7.441666666666666,4.441666666666666,15.708333333333334,10.427916666666667,6.802916666666667,4.08125,27.125,9.669166666666667,20.297083333333333,5.743333333333333,18.375,13.74125,7.9366666666666665,5.300416666666667
2026-02-01,14.5,9.193333333333333,6.986666666666667,4.254166666666666,19.083333333333332,7.80125,10.399166666666666,6.889166666666667,18.625,9.634166666666667,9.22625,5.664583333333333,17.333333333333332,9.254583333333334,9.144583333333333,5.578749999999999,27.291666666666668,8.424583333333333,19.47375,10.038333333333334,19.083333333333332,8.37875,11.3975,6.9991666666666665
2026-02-02,10.625,7.402916666666666,3.69875,2.3641666666666667,11.041666666666666,6.728333333333333,5.167916666666667,3.38875,13.708333333333334,9.655416666666666,5.68625,3.6566666666666667,10.625,6.869583333333334,4.91125,3.1495833333333336,15.416666666666666,4.908333333333333,11.9125,4.789166666666667,14.083333333333334,8.810833333333333,6.471666666666667,4.5129166666666665
2026-02-03,11.875,9.487083333333333,1.5675,0.8945833333333333,8.708333333333334,6.91375,2.5070833333333336,1.4420833333333334,13.083333333333334,10.509166666666667,2.2445833333333334,1.3625,10.625,8.478333333333333,2.3475,1.32125,11.125,5.725416666666667,8.287083333333333,1.735,14.166666666666666,11.46,2.887916666666667,1.9312500000000001
2026-02-04,11.041666666666666,8.7825,1.6566666666666665,1.0216666666666667,8.958333333333334,7.040833333333333,2.74625,1.6633333333333333,13.166666666666666,10.5025,2.1241666666666665,1.3170833333333334,11.625,9.311666666666667,2.3629166666666666,1.3291666666666666,10.375,6.250416666666666,7.505416666666666,2.0025,12.833333333333334,10.347083333333332,3.0879166666666666,2.1008333333333336
2026-02-05,10.208333333333334,8.1075,2.8466666666666662,1.7920833333333333,9.791666666666666,7.325,3.8041666666666667,2.5845833333333332,13.625,11.074166666666665,4.169583333333334,2.5866666666666664,9.791666666666666,6.905833333333334,4.325,2.5508333333333333,13.375,5.379583333333334,10.329166666666667,3.6508333333333334,12.791666666666666,10.275416666666667,4.662916666666667,3.1683333333333334
2026-02-06,9.291666666666666,7.300833333333333,2.0120833333333334,1.2083333333333333,7.458333333333333,5.752916666666667,3.0070833333333336,1.7570833333333333,11.916666666666666,9.629166666666666,3.3487500000000003,1.8820833333333333,8.25,6.227083333333333,3.6770833333333335,1.81125,13.0,4.9425,9.983333333333333,2.3408333333333333,12.125,9.785416666666666,3.44125,2.1754166666666666
2026-02-07,8.625,6.824166666666667,2.5370833333333334,1.4437499999999999,8.625,6.697500000000001,3.7687500000000003,2.2470833333333333,12.583333333333334,10.215833333333334,4.067083333333334,2.1687499999999997,8.166666666666666,6.523333333333333,4.205,2.13,18.041666666666668,6.024166666666667,13.88875,2.9279166666666665,12.791666666666666,10.219166666666666,4.221666666666667,2.7270833333333333
2026-02-08,10.208333333333334,8.04125,2.347916666666667,1.5650000000000002,9.291666666666666,7.265416666666667,3.7062500000000003,2.3725,14.916666666666666,12.088333333333333,2.9758333333333336,1.77375,9.291666666666666,7.330416666666667,3.2025,2.0591666666666666,10.791666666666666,6.988333333333333,7.5562499999999995,2.9416666666666664,14.666666666666666,11.875,3.855833333333333,2.7291666666666665
2026-02-09,14.541666666666666,11.917083333333332,2.8662500000000004,1.64375,26.041666666666668,8.962916666666667,19.64125,4.358333333333333,18.541666666666668,15.305,4.139166666666667,2.353333333333333,14.5,11.691250000000002,3.9545833333333333,2.3420833333333335,15.541666666666666,8.445833333333333,11.481250000000001,3.700833333333333,14.666666666666666,11.915,5.39375,3.4879166666666666
2026-02-10,5.958333333333333,3.144375,2.405,1.7441666666666666,22.541666666666668,2.986875,17.135,4.195,7.083333333333333,3.2879166666666664,3.35,2.395,6.958333333333333,3.0391666666666666,3.3383333333333334,2.3074999999999997,12.583333333333334,2.7410416666666664,9.5025,4.19625,9.916666666666666,3.3814583333333332,4.706666666666666,3.595
2026-02-11,7.458333333333333,4.488541666666666,3.655,2.2591666666666668,9.083333333333334,3.8958333333333335,5.869583333333334,3.3275,11.083333333333334,6.8525,6.156666666666666,3.768333333333333,8.5,3.0856250000000003,5.212083333333333,3.16375,25.833333333333332,2.3764583333333333,20.304166666666667,4.5841666666666665,10.708333333333334,6.875,5.38375,3.6345833333333335
2026-02-12,13.0,7.055416666666667,6.874583333333334,4.28375,15.541666666666666,5.8875,9.314166666666667,5.971666666666667,20.083333333333332,11.12,11.186250000000001,7.03,16.208333333333332,6.298333333333333,9.620416666666666,6.04,35.5,4.463333333333334,28.026666666666667,8.042083333333332,18.833333333333332,10.6775,10.29125,6.816666666666666
2026-02-13,13.5,8.573333333333332,7.126666666666666,4.2716666666666665,16.375,7.672916666666667,9.714166666666666,6.0225,20.041666666666668,13.22875,11.682083333333333,6.922083333333333,16.291666666666668,8.24625,10.044166666666667,6.007083333333333,33.458333333333336,6.1883333333333335,26.454583333333332,8.235000000000001,19.416666666666668,11.20125,11.078333333333333,7.009583333333333
2026-02-14,7.166666666666667,4.904583333333333,3.6750000000000003,1.8879166666666667,7.541666666666667,3.408333333333333,5.220833333333333,2.8858333333333337,8.416666666666666,5.082083333333333,4.6154166666666665,2.5166666666666666,8.541666666666666,5.608333333333333,5.383333333333333,2.8529166666666668,21.541666666666668,5.117916666666667,16.89125,3.5625,9.541666666666666,4.5249999999999995,6.49875,3.6191666666666666
2026-02-15,10.666666666666666,4.697916666666667,7.7004166666666665,3.0583333333333336,12.541666666666666,4.115833333333334,9.545,4.74125,10.125,2.7254166666666664,7.461666666666667,3.3816666666666664,12.875,6.975833333333333,9.554166666666667,4.207083333333333,29.291666666666668,4.730416666666667,23.020833333333332,5.398333333333333,14.666666666666666,2.4514583333333335,11.142083333333334,5.12
2026-02-16,9.75,7.032916666666666,2.5729166666666665,1.3195833333333333,8.583333333333334,5.136666666666667,3.6195833333333334,2.1225,11.583333333333334,8.251666666666667,3.547083333333333,2.0866666666666664,9.583333333333334,6.353750000000001,3.4691666666666667,1.9024999999999999,11.333333333333334,5.5566666666666675,8.445,2.57625,9.25,5.3775,4.24625,2.4562500000000003
2026-02-17,13.0,10.515833333333333,1.6900000000000002,1.1683333333333332,10.75,8.513333333333334,2.4620833333333336,1.8129166666666665,16.041666666666668,12.967083333333333,2.8408333333333338,2.0241666666666664,11.708333333333334,9.415000000000001,2.2558333333333334,1.5354166666666667,13.541666666666666,7.8374999999999995,8.322083333333333,2.954166666666667,10.208333333333334,7.760000000000001,2.7279166666666668,1.89375
2026-02-18,10.541666666666666,5.0175,5.545000000000001,3.294166666666667,13.0,3.092083333333333,8.056666666666667,5.01625,14.875,4.8165,8.53375,5.254583333333334,12.5,5.312083333333334,7.654583333333334,4.4925,22.958333333333332,3.76125,17.95375,7.21625,15.5,2.6614583333333335,9.824166666666667,5.982500000000001
2026-02-19,10.416666666666666,8.190833333333332,3.1133333333333333,1.7908333333333333,8.625,5.650833333333334,4.952916666666667,2.81125,11.625,8.987916666666667,4.91625,2.8504166666666664,10.333333333333334,7.870833333333334,4.605833333333333,2.5879166666666666,13.166666666666666,6.897083333333334,10.091666666666667,3.4379166666666667,10.041666666666666,6.78875,5.347083333333334,3.32625
2026-02-20,12.416666666666666,10.044166666666667,5.9629166666666675,2.84,11.708333333333334,8.119166666666667,8.205833333333333,4.099583333333333,14.875,11.735416666666666,7.4925,3.935416666666667,12.583333333333334,9.015833333333333,7.960833333333333,4.0175,27.083333333333332,7.800833333333333,21.247916666666665,5.4558333333333335,14.416666666666666,8.481250000000001,9.61875,5.020416666666667
2026-02-21,17.541666666666668,11.565,11.272083333333333,5.860416666666667,21.791666666666668,8.472083333333332,15.46625,8.262500000000001,25.291666666666668,11.039375,17.025000000000002,9.242916666666668,21.458333333333332,11.837916666666667,15.272083333333333,7.890416666666667,42.333333333333336,10.295,33.550000000000004,12.255833333333333,25.541666666666668,3.0831250000000003,18.86583333333333,9.687916666666666
2026-02-22,16.958333333333332,8.838333333333333,8.2975,6.0304166666666665,22.833333333333332,7.1777083333333325,12.251249999999999,8.83,27.5,6.595208333333333,14.920416666666666,10.357083333333334,19.25,9.260416666666666,10.412083333333333,7.19625,34.541666666666664,8.266666666666667,22.560833333333335,13.623333333333333,21.125,,11.66125,8.26375
2026-02-23,18.708333333333332,13.330416666666666,8.00125,5.992083333333333,23.75,10.890416666666667,12.455416666666666,9.110833333333334,25.458333333333332,10.142083333333334,13.18,9.815,19.958333333333332,13.430833333333332,9.75,7.159583333333334,38.583333333333336,12.181666666666667,24.62125,15.22625,21.833333333333332,4.207291666666667,11.432083333333333,8.550833333333333
2026-02-24,20.833333333333332,14.14875,8.549999999999999,5.984166666666667,25.0,10.707500000000001,14.686250000000001,9.762500000000001,25.791666666666668,12.653684210526315,14.462916666666667,9.87375,21.416666666666668,13.218333333333334,12.359166666666667,7.39,37.25,12.294583333333334,29.172083333333333,13.02625,21.458333333333332,5.950625,12.238333333333335,8.245416666666667
2026-02-25,19.75,8.688333333333334,10.178749999999999,6.831666666666667,31.916666666666668,8.444583333333334,18.75166666666667,12.5575,31.625,11.378947368421052,18.006249999999998,12.347083333333332,25.375,8.677291666666667,18.260416666666668,9.810833333333333,37.208333333333336,8.991875,29.325,12.115,29.291666666666668,4.404166666666667,16.61375,11.468333333333334
2026-02-26,21.958333333333332,9.092916666666667,12.979999999999999,8.124166666666666,35.708333333333336,6.921666666666667,22.482083333333335,14.078333333333333,36.125,9.041666666666666,21.924583333333334,14.249583333333334,29.041666666666668,9.299166666666666,19.162499999999998,11.448749999999999,46.458333333333336,6.782083333333333,36.53666666666667,15.085416666666667,38.916666666666664,5.0776315789473685,22.245833333333334,15.402499999999998
2026-02-27,26.833333333333332,8.540833333333333,14.244583333333333,10.349166666666667,44.583333333333336,7.290833333333333,24.710416666666664,17.667083333333334,47.416666666666664,9.212916666666667,25.635833333333334,18.72625,35.791666666666664,8.75625,19.8275,14.087916666666667,54.625,8.692916666666667,40.38625,20.061249999999998,56.708333333333336,3.737916666666667,27.706666666666667,20.93875
2026-02-28,18.208333333333332,3.9741666666666666,11.647083333333333,7.08875,28.791666666666668,5.053333333333334,17.842499999999998,11.369583333333333,26.583333333333332,5.07875,16.899166666666666,10.389583333333333,25.125,3.4270833333333335,16.232499999999998,9.824583333333333,46.166666666666664,1.8470833333333332,36.263333333333335,13.72375,37.333333333333336,4.2179166666666665,22.90125,14.528333333333334
2026-03-01,15.166666666666666,3.2258333333333336,10.542083333333332,5.805416666666667,22.791666666666668,1.6497916666666665,14.18,8.9175,11.263157894736842,1.9152631578947368,,,20.291666666666668,5.75125,14.857916666666666,7.925833333333333,70.58333333333333,3.7575000000000003,56.57125,13.159583333333332,16.944444444444443,,,
2026-03-02,17.333333333333332,5.385833333333333,8.98125,6.331666666666667,27.416666666666668,5.79375,14.467916666666667,10.756666666666668,20.291666666666668,7.029583333333334,13.23388888888889,9.852777777777778,22.375,6.2491666666666665,12.877916666666666,8.743333333333334,49.625,4.495833333333334,38.58083333333334,12.756666666666668,22.708333333333332,3.7369565217391307,,
2026-03-03,17.416666666666668,4.831666666666667,9.525,6.699166666666667,28.958333333333332,5.701249999999999,16.438333333333333,11.392083333333334,30.166666666666668,10.199583333333333,17.937083333333334,11.864583333333334,24.875,6.178333333333334,14.567083333333334,9.778333333333334,36.291666666666664,3.6202083333333337,28.61,12.566666666666668,35.708333333333336,5.484583333333333,19.307916666666667,14.090833333333334
2026-03-04,20.958333333333332,7.428541666666667,11.677083333333334,7.732083333333333,33.208333333333336,6.895833333333333,19.835416666666667,13.092083333333333,34.833333333333336,7.630624999999999,22.871666666666666,13.707916666666668,30.166666666666668,9.396666666666667,18.72875,11.831249999999999,46.5,7.714583333333334,35.69708333333333,14.954166666666666,39.333333333333336,5.222105263157895,24.019583333333333,15.562083333333334
2026-03-05,26.166666666666668,6.373541666666667,17.879583333333333,9.971666666666666,39.75,4.8133333333333335,29.04041666666667,15.6775,44.375,7.789,34.50625,17.11583333333333,37.333333333333336,6.201458333333334,28.161666666666665,14.70875,82.95833333333333,4.658333333333333,65.42916666666666,18.965833333333332,53.5,5.918,39.12708333333333,19.648333333333333
2026-03-06,17.0,5.942916666666666,10.327916666666667,6.072916666666667,24.375,4.5325,16.527083333333334,9.528333333333334,26.291666666666668,8.424166666666666,17.294999999999998,9.757916666666667,23.0,6.3187500000000005,14.746250000000002,8.629583333333333,51.0,5.17125,38.69041666666667,11.643333333333333,30.5,6.777916666666666,20.424583333333334,11.797916666666666
2026-03-07,6.208333333333333,4.7195833333333335,1.3483333333333334,0.96125,6.75,3.2258333333333336,3.200833333333333,2.0841666666666665,6.75,4.188260869565218,2.0520833333333335,1.4729166666666667,7.125,5.527916666666666,1.9183333333333332,1.16625,10.291666666666666,4.667083333333333,7.7975,2.09875,7.208333333333333,3.417291666666667,3.25625,2.3970833333333332
2026-03-08,9.875,5.44625,4.0095833333333335,3.264583333333333,14.916666666666666,4.6674999999999995,7.027916666666666,5.682083333333334,14.583333333333334,4.23375,6.353333333333333,5.135,12.5,6.96875,5.195416666666667,4.182916666666666,16.208333333333332,5.02875,8.86375,6.122916666666666,17.708333333333332,2.025,8.293333333333333,6.903333333333333
2026-03-09,10.958333333333334,7.44,3.730833333333333,2.919166666666667,13.333333333333334,6.004166666666666,6.49625,4.910416666666666,18.125,5.971666666666667,8.634583333333333,6.792916666666667,13.666666666666666,8.888333333333334,5.354583333333333,4.073333333333333,22.416666666666668,6.867916666666667,14.1,8.659583333333334,17.25,3.383684210526315,8.53,6.718333333333334
2026-03-10,14.916666666666666,5.623333333333334,7.0687500000000005,5.74125,23.25,4.259166666666666,11.479166666666666,9.1,20.791666666666668,5.510833333333333,10.083333333333334,8.114166666666668,20.25,6.388333333333333,9.799999999999999,7.9054166666666665,32.75,4.132083333333333,21.973333333333333,12.8575,29.708333333333332,4.034583333333333,14.564166666666667,11.670833333333334
2026-03-11,23.625,7.125416666666666,11.310833333333333,9.245416666666666,37.458333333333336,5.510000000000001,18.056250000000002,14.800416666666665,38.583333333333336,5.987291666666667,18.46625,15.231250000000001,33.083333333333336,8.841666666666667,15.950833333333334,13.03125,52.958333333333336,6.395208333333334,27.915000000000003,20.337083333333332,65.5,3.6254166666666667,27.947916666666668,22.933333333333334
2026-03-12,19.625,5.241666666666666,11.604166666666666,7.43625,28.166666666666668,3.644375,16.42125,11.055833333333332,31.875,3.752291666666667,21.806250000000002,12.579166666666666,27.125,6.028333333333333,16.937916666666666,10.668333333333335,41.75,4.027708333333333,30.145416666666666,16.256249999999998,41.208333333333336,3.280277777777778,23.74791666666667,15.855833333333335
2026-03-13,15.833333333333334,5.862,8.61375,5.947916666666667,22.5,4.788888888888889,12.765416666666667,8.784166666666666,,,,,21.791666666666668,6.288333333333333,12.979166666666666,8.52375,39.375,5.9704999999999995,27.674166666666665,15.493333333333334,24.833333333333332,,14.55625,9.711666666666668
2026-03-14,11.083333333333334,7.40625,3.49625,2.486666666666667,12.0,5.819583333333333,5.854583333333333,4.1120833333333335,10.666666666666666,7.673333333333333,3.7863157894736843,2.576842105263158,11.541666666666666,5.634583333333333,5.5075,3.5816666666666666,20.0,5.839166666666666,15.537916666666668,5.069583333333333,15.708333333333334,10.76608695652174,5.918333333333333,4.14625
2026-03-15,7.75,6.084583333333334,1.7045833333333331,0.8683333333333333,7.333333333333333,5.465833333333333,3.059583333333333,2.0437499999999997,6.875,5.2250000000000005,1.8666666666666665,1.0691666666666666,5.916666666666667,4.634166666666666,1.9625000000000001,1.0854166666666667,12.833333333333334,4.872083333333333,9.827083333333333,2.1175,13.083333333333334,10.57625,3.359583333333333,2.19625
2026-03-16,11.041666666666666,8.249166666666667,4.495833333333334,2.6824999999999997,11.75,7.745,6.77375,4.332083333333333,11.583333333333334,7.239583333333333,6.138333333333333,3.545,11.166666666666666,6.564583333333334,6.435833333333334,3.7816666666666667,17.583333333333332,5.53375,13.654166666666667,5.53125,17.125,9.562916666666666,9.755416666666667,6.21
2026-03-17,17.875,10.97875,7.6620833333333325,5.9679166666666665,24.333333333333332,7.8775,12.284166666666666,9.558333333333334,25.625,9.948,12.867916666666666,9.887500000000001,21.625,9.450208333333334,11.095416666666667,8.135,31.083333333333332,8.572083333333333,18.286666666666665,12.261666666666665,32.875,7.624791666666667,16.879583333333333,12.960416666666667
2026-03-18,19.416666666666668,12.522083333333333,7.81375,5.577083333333333,23.208333333333332,12.56875,12.420416666666666,8.657083333333334,26.208333333333332,14.272291666666668,13.005416666666667,9.17125,18.875,9.669583333333334,9.832916666666668,6.485833333333333,28.416666666666668,10.942916666666667,19.554166666666667,10.202499999999999,22.916666666666668,9.215208333333333,13.584166666666667,8.815
2026-03-19,13.375,4.8999999999999995,6.97625,4.690416666666667,20.833333333333332,6.308333333333334,12.542083333333332,8.039166666666667,20.416666666666668,6.7906249999999995,11.928333333333333,7.69625,15.416666666666666,3.1733333333333333,10.10125,5.755416666666666,33.458333333333336,3.7570833333333336,26.263333333333335,8.4975,18.791666666666668,9.833333333333334,11.50625,7.263750000000001
2026-03-20,13.75,5.224166666666666,8.685416666666667,5.33875,22.875,8.287916666666666,14.22125,8.96875,22.208333333333332,8.385416666666666,14.823333333333332,8.6275,19.291666666666668,3.5220833333333332,13.150416666666667,7.539166666666667,32.791666666666664,3.296666666666667,25.862083333333334,9.730833333333333,25.958333333333332,9.760416666666666,16.002083333333335,10.205833333333333
2026-03-21,17.083333333333332,7.554583333333333,9.732916666666666,6.585833333333333,30.208333333333332,7.12,17.24833333333333,11.881666666666668,24.041666666666668,7.515416666666667,14.533333333333333,9.442916666666667,23.541666666666668,6.720416666666666,14.01375,9.284166666666666,29.708333333333332,6.53375,23.15375,11.250833333333333,29.208333333333332,9.825000000000001,16.1925,11.480416666666665
2026-03-22,20.666666666666668,7.298749999999999,10.82,8.074583333333333,37.5,7.06375,19.29375,14.6275,31.625,7.955416666666667,16.915833333333335,12.420416666666666,29.125,6.265416666666667,15.52125,11.445833333333333,36.708333333333336,5.420833333333333,24.44333333333333,14.290416666666667,40.375,10.047083333333333,19.811666666666667,15.499583333333334
2026-03-23,46.583333333333336,8.460833333333333,22.349999999999998,18.305416666666666,81.04166666666667,8.725833333333334,37.47166666666667,30.84958333333333,76.95833333333333,10.383750000000001,34.25791666666667,27.8325,73.0,7.27,31.241666666666664,25.800416666666667,81.41666666666667,6.618333333333333,43.7125,31.12291666666667,84.70833333333333,13.25,40.996249999999996,34.17666666666667
2026-03-24,38.458333333333336,10.830833333333333,18.587500000000002,15.1925,73.75,9.887916666666667,31.710416666666664,26.00708333333333,69.75,12.222916666666668,29.47458333333333,24.131666666666664,58.041666666666664,10.440833333333332,26.118333333333336,21.250833333333333,74.5,8.405,37.744166666666665,26.174166666666668,80.83333333333333,9.92625,36.72,30.416666666666668
2026-03-25,27.291666666666668,9.422500000000001,13.577083333333334,10.7425,45.875,8.746666666666668,23.206666666666667,18.043333333333333,42.583333333333336,13.735,21.760833333333334,16.830416666666668,36.583333333333336,8.257083333333332,19.512083333333333,14.40625,49.25,7.780833333333334,30.43166666666667,19.131666666666668,53.208333333333336,13.512083333333335,25.099166666666665,20.081666666666667
2026-03-26,15.541666666666666,7.90625,10.023333333333333,5.659166666666667,22.125,6.8620833333333335,14.500833333333333,8.623333333333333,18.541666666666668,8.171666666666667,11.372916666666667,6.901666666666667,19.666666666666668,7.031304347826087,13.159999999999998,7.688333333333333,38.041666666666664,6.65625,29.994583333333335,10.9925,27.041666666666668,12.51,17.239166666666666,10.562916666666666
2026-03-27,12.75,9.833333333333334,7.29,3.6191666666666666,15.875,8.805833333333334,10.882916666666667,5.865833333333334,14.791666666666666,11.120416666666666,8.112916666666667,4.145833333333333,13.666666666666666,9.00375,9.147083333333333,4.818333333333333,28.625,8.497083333333334,22.47083333333333,7.694583333333333,20.083333333333332,14.215833333333334,13.362499999999999,7.240416666666667
2026-03-28,12.25,9.260416666666666,8.54375,4.212083333333333,17.75,8.142916666666666,12.464583333333332,6.9245833333333335,15.666666666666666,10.5275,10.514166666666666,5.8495833333333325,14.833333333333334,8.187083333333334,11.129583333333334,5.75875,33.25,7.925,26.24208333333333,9.12375,23.291666666666668,12.770416666666668,16.45,9.084166666666667
2026-03-29,10.136363636363637,7.166363636363636,7.258636363636364,3.5318181818181817,14.954545454545455,6.693636363636363,10.581363636363635,5.787727272727273,11.318181818181818,6.461363636363637,8.082727272727272,4.338181818181818,12.727272727272727,6.878181818181818,9.158636363636363,4.88,29.954545454545453,6.635454545454545,23.598181818181818,6.934545454545455,18.0,11.426363636363636,12.678636363636365,7.027727272727272
2026-03-30,16.125,12.67,9.282916666666667,3.9729166666666664,16.5,10.334583333333333,12.412083333333333,5.902916666666666,17.458333333333332,13.622083333333334,10.25375,4.852083333333334,16.416666666666668,11.19,11.741666666666667,5.570833333333333,33.416666666666664,9.989583333333334,26.36708333333333,7.335,20.041666666666668,15.467083333333333,14.749583333333334,7.255416666666666
2026-03-31,12.166666666666666,8.952083333333333,7.015000000000001,3.2541666666666664,13.958333333333334,8.639166666666666,9.577083333333333,4.878333333333333,16.583333333333332,10.835416666666667,9.44375,4.549166666666667,13.625,7.896249999999999,9.182916666666667,4.663333333333333,28.5,8.318333333333333,22.441666666666666,7.320416666666667,19.375,13.51,11.884166666666667,6.179166666666667
2026-04-01,15.583333333333334,7.029583333333334,11.744166666666667,5.962083333333333,21.916666666666668,6.667916666666667,16.199166666666667,8.565833333333332,24.708333333333332,8.293333333333335,19.375416666666666,9.262083333333333,22.333333333333332,5.9624999999999995,15.439166666666667,8.71625,46.458333333333336,6.105,35.16166666666667,13.423333333333334,28.041666666666668,11.778333333333334,19.796666666666667,11.0
2026-04-02,9.041666666666666,6.819166666666667,2.999166666666667,1.9870833333333333,10.833333333333334,6.65875,5.458333333333333,3.779583333333333,10.291666666666666,6.941666666666666,5.121666666666667,3.1183333333333336,8.916666666666666,5.497916666666666,4.182916666666666,2.8383333333333334,12.458333333333334,5.9312499999999995,9.302083333333334,4.514583333333333,15.041666666666666,11.376666666666667,6.535,4.290416666666666
2026-04-03,8.666666666666666,6.638333333333333,3.185416666666667,1.7408333333333335,10.666666666666666,7.43375,5.5925,3.5704166666666666,9.791666666666666,6.680416666666666,4.858333333333333,2.441666666666667,7.916666666666667,5.496666666666666,4.151666666666666,2.3404166666666666,12.875,6.00875,9.697083333333333,3.9929166666666664,14.083333333333334,10.500833333333334,6.120416666666666,3.63875
2026-04-04,9.875,7.082631578947368,4.597083333333333,2.9425000000000003,13.333333333333334,6.12375,7.60625,4.919583333333334,13.416666666666666,9.15611111111111,6.805,4.3566666666666665,11.041666666666666,6.348958333333333,5.876666666666666,3.70375,16.666666666666668,7.034736842105263,12.800416666666665,5.350416666666667,13.791666666666666,6.63,8.038333333333332,5.235
2026-04-05,11.583333333333334,6.3788888888888895,5.7075,3.8991666666666664,16.208333333333332,5.04375,9.43625,6.122916666666666,13.708333333333334,,6.874583333333334,4.695833333333334,12.083333333333334,4.903333333333333,6.41375,4.116666666666666,21.916666666666668,5.306315789473684,17.15875,6.57,12.5,6.183999999999999,7.1866666666666665,4.722916666666666
2026-04-06,13.25,,7.410416666666666,5.08375,20.833333333333332,2.1827083333333333,11.816250000000002,8.127916666666666,20.291666666666668,2.4323684210526313,12.279583333333333,7.8687499999999995,17.458333333333332,,10.304166666666667,6.766666666666667,33.541666666666664,,26.4825,10.656666666666666,24.375,3.421111111111111,13.74125,9.571666666666667
2026-04-07,8.333333333333334,2.75875,4.850416666666667,2.6799999999999997,14.041666666666666,5.868333333333333,8.4525,4.122083333333333,14.916666666666666,6.25,8.768749999999999,4.020833333333333,11.5,2.0241666666666664,8.4025,3.63125,46.0,,36.42916666666667,5.0408333333333335,15.291666666666666,6.918333333333333,9.09875,4.437083333333333
2026-04-08,11.083333333333334,3.7555,7.11375,3.1166666666666667,16.541666666666668,5.923333333333333,12.219999999999999,4.9366666666666665,19.125,8.131666666666666,13.280000000000001,5.38625,17.625,2.915625,13.112916666666665,4.46,55.0,2.594375,40.9625,4.929166666666666,16.541666666666668,6.860833333333333,12.017083333333334,4.537916666666667
2026-04-09,16.916666666666668,4.676,12.827083333333334,5.670416666666667,26.041666666666668,5.079583333333333,20.38,8.245,30.583333333333332,8.194166666666666,24.050416666666667,9.801666666666668,29.208333333333332,5.847222222222222,23.035,8.049999999999999,79.75,5.066052631578948,58.324999999999996,10.154166666666667,25.791666666666668,5.795833333333333,20.24,7.864999999999999
2026-04-10,17.791666666666668,4.222708333333333,12.378749999999998,6.907916666666666,26.708333333333332,6.095416666666666,18.704583333333336,10.40875,29.708333333333332,8.469166666666666,20.057916666666667,11.700000000000001,25.0,5.04875,18.226666666666667,9.350416666666666,58.041666666666664,4.243333333333333,42.3375,11.84875,30.75,6.656666666666666,20.425416666666667,12.034166666666666
2026-04-11,20.833333333333332,3.5895833333333336,14.196666666666667,8.135833333333332,31.541666666666668,3.8837500000000005,22.099999999999998,12.421666666666667,30.75,4.735833333333333,22.50791666666667,12.07875,27.0,4.102083333333334,19.892916666666668,10.615833333333333,63.791666666666664,3.5833333333333335,45.38791666666666,13.7325,32.291666666666664,7.755,21.32375,12.720416666666667
2026-04-12,16.458333333333332,1.1966666666666665,12.444166666666668,5.819583333333333,22.833333333333332,2.1245833333333333,16.94,8.504166666666666,17.291666666666668,2.27875,13.139166666666668,6.300416666666667,20.208333333333332,2.5733333333333333,15.262500000000001,7.432083333333334,58.041666666666664,1.9941666666666666,42.85166666666667,11.017916666666666,26.625,6.069166666666667,19.87375,9.678749999999999
2026-04-13,8.833333333333334,4.37125,5.9375,2.5541666666666667,11.083333333333334,4.144583333333333,8.417083333333332,3.9675,11.166666666666666,7.284583333333333,6.2820833333333335,3.033333333333333,10.5,5.55125,7.390000000000001,3.4795833333333337,26.208333333333332,4.9174999999999995,20.44666666666667,5.0475,15.416666666666666,9.7675,10.587916666666667,5.03875
2026-04-14,8.666666666666666,5.151666666666666,3.8654166666666665,2.283333333333333,11.166666666666666,5.987916666666667,6.192916666666666,3.547083333333333,13.125,7.7225,6.0062500000000005,3.7449999999999997,11.25,7.0441666666666665,6.028333333333333,3.1975,16.458333333333332,5.833749999999999,12.626249999999999,4.817083333333334,14.125,7.652083333333334,8.76,5.038333333333333
2026-04-15,10.791666666666666,3.0975,5.3,3.9829166666666667,15.916666666666666,3.102,8.307083333333333,6.187916666666666,20.333333333333332,4.40225,10.602500000000001,7.897083333333334,14.5,3.3560416666666666,7.864166666666667,5.585833333333333,22.958333333333332,2.2758333333333334,16.484166666666667,8.790833333333333,22.916666666666668,3.85375,12.47625,8.970833333333333
2026-04-16,12.041666666666666,2.403541666666667,6.05125,4.545833333333333,18.541666666666668,2.9595833333333332,9.907916666666667,7.145416666666667,21.541666666666668,3.8008333333333333,11.383333333333333,8.422083333333333,16.5,3.11375,9.001666666666667,6.395,24.666666666666668,2.59125,19.085416666666667,9.417083333333332,22.625,5.023750000000001,12.275833333333333,8.830833333333333
2026-04-17,16.208333333333332,1.2910416666666666,8.501666666666667,6.27375,25.166666666666668,2.5866666666666664,13.55625,9.884166666666667,26.5,3.4266666666666663,14.15375,10.399166666666666,22.208333333333332,2.2170833333333335,12.40875,8.700000000000001,30.875,1.240625,24.247083333333332,11.389583333333334,27.625,5.189166666666666,14.919166666666667,10.87
2026-04-18,17.083333333333332,0.9566666666666667,8.983333333333333,6.619583333333334,26.708333333333332,2.182916666666667,14.137916666666667,10.5025,26.833333333333332,2.8433333333333333,14.869166666666667,10.56,22.875,1.3164583333333333,12.674999999999999,8.979166666666666,31.0,1.1097916666666667,23.628333333333334,11.629166666666668,29.375,5.937083333333334,15.767083333333334,11.52375
2026-04-19,14.083333333333334,,7.417083333333333,5.446666666666666,23.333333333333332,2.1533333333333333,12.089166666666666,9.125,22.0,2.02475,11.9325,8.5925,19.125,1.5073684210526317,10.097916666666666,7.4366666666666665,26.291666666666668,1.1479166666666667,17.357083333333332,10.278333333333334,26.041666666666668,4.551666666666667,13.594583333333333,10.207500000000001
2026-04-20,15.166666666666666,2.3177083333333335,7.777083333333334,5.809583333333333,22.708333333333332,3.81,12.009583333333333,8.860833333333334,21.416666666666668,3.733125,12.1875,8.370416666666666,20.041666666666668,2.4997916666666664,11.03875,7.800833333333333,32.625,3.0521052631578947,25.38625,11.487916666666665,39.541666666666664,4.1345833333333335,20.389166666666664,15.668750000000001
2026-04-21,19.583333333333332,3.4626315789473687,10.725,7.650833333333334,28.291666666666668,3.998958333333333,16.68583333333333,11.130833333333333,35.25,6.059166666666667,19.95958333333333,13.86625,25.958333333333332,2.8316666666666666,15.618333333333332,10.174999999999999,46.833333333333336,2.9305,37.00958333333333,14.534166666666666,40.875,5.023125,22.204166666666666,16.104166666666668
2026-04-22,16.375,2.8652083333333334,10.257083333333334,6.246666666666666,23.416666666666668,3.1515,17.29375,9.090416666666668,30.333333333333332,4.173333333333333,20.62333333333333,11.922083333333333,22.5,3.236875,16.555416666666666,8.75,54.625,2.8521052631578945,41.45041666666666,11.988750000000001,27.791666666666668,5.163333333333333,18.513749999999998,10.878333333333332
2026-04-23,14.666666666666666,2.7414583333333336,9.791666666666666,5.595833333333334,21.75,5.297916666666667,15.894583333333335,8.502916666666666,24.291666666666668,5.761041666666666,17.2775,9.5,20.708333333333332,3.4758333333333336,14.985833333333332,8.059583333333334,56.375,2.951875,43.780833333333334,10.854999999999999,25.5,5.030833333333333,17.5225,9.99
2026-04-24,11.458333333333334,3.3205,7.677083333333333,4.31125,17.208333333333332,4.861666666666667,12.529166666666667,6.647083333333334,19.0,6.175,14.336666666666666,7.31,15.333333333333334,3.2737499999999997,11.6075,5.855416666666667,73.20833333333333,1.89625,57.428333333333335,7.790416666666666,18.708333333333332,8.449583333333333,13.419583333333334,7.2179166666666665
2026-04-25,18.0,1.3527083333333334,9.785,7.005,26.916666666666668,2.5029166666666667,14.75125,10.567083333333334,31.791666666666668,3.079166666666667,18.04375,12.553333333333335,23.875,1.6329166666666666,13.281666666666666,9.34625,37.416666666666664,1.5995833333333334,28.013333333333332,12.085,31.875,4.667916666666667,16.89625,12.521666666666667
2026-04-26,21.291666666666668,,11.092083333333333,8.32625,33.333333333333336,2.8362499999999997,17.16375,13.104583333333332,35.916666666666664,2.254166666666667,19.662916666666668,14.174999999999999,28.208333333333332,1.465625,14.953333333333333,11.073749999999999,37.625,1.6475000000000002,26.66541666666667,14.844583333333333,39.875,5.078333333333333,20.50916666666667,15.749583333333334
2026-04-27,20.583333333333332,4.297083333333333,10.329583333333334,8.043333333333333,32.041666666666664,5.482916666666667,16.244583333333335,12.640833333333333,33.125,7.282916666666666,17.309166666666666,13.047083333333333,27.291666666666668,3.4033333333333338,13.852916666666667,10.714583333333332,35.583333333333336,2.9795833333333337,23.276666666666667,14.055,36.208333333333336,8.232916666666666,18.215833333333332,14.301666666666668
2026-04-28,22.458333333333332,2.9779166666666668,10.702083333333334,8.77125,32.458333333333336,3.5079166666666666,15.897916666666667,12.791666666666666,36.625,3.329375,18.434166666666666,14.488750000000001,28.666666666666668,2.2620833333333334,14.147916666666667,11.273333333333333,37.375,1.7179166666666665,26.386666666666667,14.78875,46.75,5.090833333333333,22.719166666666666,18.474999999999998
2026-04-29,25.416666666666668,8.675,12.103333333333333,9.992916666666666,37.458333333333336,8.935,18.035833333333333,14.749166666666667,42.541666666666664,11.997083333333334,21.292083333333334,16.795833333333334,32.416666666666664,6.3254166666666665,15.74,12.767083333333332,47.541666666666664,5.2025,28.05541666666667,18.756249999999998,51.375,11.078333333333333,24.420833333333334,19.957916666666666
2026-04-30,12.5,8.140434782608695,5.284583333333333,3.8341666666666665,16.041666666666668,7.57,8.096666666666666,5.89125,19.5,10.350833333333332,9.673333333333334,6.763750000000001,13.375,6.3825,6.785833333333334,4.738333333333333,30.625,5.165416666666666,23.998333333333335,7.391249999999999,21.166666666666668,9.75125,11.79,7.99875
2026-05-01,11.541666666666666,4.352083333333334,5.434583333333333,4.024583333333333,16.791666666666668,5.419583333333333,8.659583333333334,6.46125,19.083333333333332,6.26875,9.762083333333333,7.0275,13.791666666666666,2.7641666666666667,7.289166666666667,5.335416666666667,21.375,3.143333333333333,16.335416666666667,7.565833333333334,22.125,7.21875,11.034583333333332,8.29125
2026-05-02,13.875,6.8495833333333325,7.3525,5.130416666666666,20.416666666666668,7.885416666666667,11.550833333333335,7.94875,22.708333333333332,9.669166666666667,13.575416666666667,8.902083333333334,17.958333333333332,3.9116666666666666,10.39875,6.984999999999999,30.416666666666668,4.373333333333334,23.925416666666667,8.94875,23.041666666666668,10.59875,12.8375,9.041666666666666
2026-05-03,10.208333333333334,7.519583333333333,3.8854166666666665,2.7779166666666666,12.416666666666666,6.884166666666666,6.031666666666666,4.420416666666667,13.041666666666666,7.5804347826086955,6.66375,4.457916666666667,10.208333333333334,5.365833333333334,5.23625,3.674166666666667,17.708333333333332,5.139166666666667,13.662083333333333,5.132916666666667,15.958333333333334,8.437916666666666,8.177916666666667,6.0495833333333335
2026-05-04,13.041666666666666,10.425833333333333,3.0262499999999997,2.0,11.333333333333334,8.362916666666667,5.14,3.4562500000000003,16.5,12.885833333333332,4.65625,3.317083333333333,9.666666666666666,7.304166666666667,3.5383333333333336,2.4629166666666666,29.125,7.079583333333333,22.971666666666668,4.120416666666666,18.041666666666668,13.467500000000001,7.147916666666667,5.016666666666667
2026-05-05,13.791666666666666,11.176250000000001,3.3808333333333334,2.4325,12.708333333333334,9.300416666666667,5.764166666666667,4.2195833333333335,16.625,13.415416666666667,4.9675,3.48625,11.125,8.707916666666668,4.1425,2.9716666666666662,13.333333333333334,7.755416666666666,10.201666666666666,4.751666666666667,17.5,13.69625,7.40625,5.339583333333334
2026-05-06,12.875,10.339583333333334,2.347916666666667,1.5824999999999998,10.5,7.885000000000001,3.8695833333333334,2.5258333333333334,14.0,11.158333333333333,4.506666666666667,3.2104166666666667,10.583333333333334,8.305416666666668,3.2541666666666664,2.109583333333333,12.375,7.337083333333333,9.171249999999999,3.2291666666666665,15.375,11.445416666666667,6.4725,4.320833333333334
2026-05-07,12.083333333333334,7.752083333333334,4.705416666666667,3.54625,14.375,6.4433333333333325,7.224166666666666,5.38625,18.208333333333332,8.182083333333333,8.795,6.5995833333333325,13.25,8.019166666666667,6.4245833333333335,4.684166666666667,23.833333333333332,6.002083333333334,18.46375,7.630416666666666,17.458333333333332,7.392500000000001,9.59875,6.609166666666667
2026-05-08,14.833333333333334,11.636249999999999,4.57125,3.39125,16.916666666666668,10.298333333333334,7.785,5.529166666666666,20.958333333333332,13.004166666666668,9.497083333333334,6.7875000000000005,14.458333333333334,9.37,6.745,4.53125,24.583333333333332,8.277916666666668,19.22041666666667,6.905,17.458333333333332,10.58375,7.9375,5.8187500000000005
2026-05-09,9.416666666666666,7.2995833333333335,3.045,2.098333333333333,10.666666666666666,7.607499999999999,5.71125,3.6566666666666667,12.958333333333334,8.799583333333333,6.390000000000001,4.093333333333333,8.583333333333334,5.3308333333333335,4.590833333333333,2.8804166666666666,16.041666666666668,5.636363636363637,12.329166666666666,4.159166666666667,15.25,9.394166666666667,7.936666666666667,5.594166666666666
2026-05-10,8.291666666666666,6.360416666666667,2.7937499999999997,1.9020833333333333,9.583333333333334,5.885000000000001,5.0095833333333335,3.3858333333333337,10.541666666666666,7.854583333333333,5.254166666666667,3.3125,7.625,4.385416666666667,4.1674999999999995,2.5866666666666664,16.666666666666668,4.63875,12.916666666666666,3.6341666666666668,12.916666666666666,9.600416666666666,5.45625,3.839166666666667
2026-05-11,11.416666666666666,9.173333333333334,2.277083333333333,1.2983333333333333,8.625,6.6925,3.1337499999999996,1.8591666666666666,12.166666666666666,9.6675,3.7412499999999995,2.1983333333333333,9.416666666666666,7.38,3.265416666666667,1.7716666666666667,13.666666666666666,6.229166666666667,10.261666666666667,2.70125,12.333333333333334,9.905833333333334,3.6616666666666666,2.092916666666667
2026-05-12,12.458333333333334,9.668333333333333,4.660416666666666,3.1808333333333336,15.166666666666666,7.842083333333334,8.816666666666666,5.600833333333333,17.916666666666668,11.09625,8.239583333333334,5.907083333333333,12.291666666666666,7.751666666666666,6.687083333333334,4.402916666666667,61.25,6.5254166666666675,46.69,8.620833333333334,19.25,11.019166666666665,9.726666666666667,7.114999999999999
2026-05-13,12.791666666666666,9.45875,5.3775,3.5420833333333337,15.75,8.052916666666667,9.084166666666667,5.997916666666666,17.875,11.705,8.584583333333333,5.832083333333333,12.916666666666666,7.200833333333333,7.258333333333333,4.735833333333333,35.958333333333336,6.895833333333333,27.36583333333333,7.982083333333333,20.666666666666668,11.80375,11.014166666666666,7.7725
2026-05-14,13.208333333333334,10.717916666666667,5.450833333333333,2.74875,12.041666666666666,8.715,7.852083333333333,4.324166666666667,16.0,12.77375,8.047916666666667,4.035416666666666,11.166666666666666,8.627916666666666,7.131666666666667,3.560416666666667,15.333333333333334,8.224583333333333,11.829166666666666,5.194583333333333,16.666666666666668,13.218333333333334,9.7125,5.3116666666666665
2026-05-15,14.583333333333334,11.755,4.04,1.8625,12.5,9.725833333333334,5.715416666666666,2.9299999999999997,16.75,13.60125,5.8620833333333335,2.9774999999999996,12.541666666666666,10.062083333333334,5.172916666666667,2.6354166666666665,13.75,9.362083333333333,9.179166666666667,3.8441666666666667,17.875,14.531666666666666,7.017916666666667,3.6054166666666667
2026-05-16,12.125,9.635833333333332,3.385,1.39125,10.833333333333334,8.538333333333332,5.020416666666667,2.442083333333333,13.625,10.88,4.445,2.0920833333333335,10.125,8.0625,4.401666666666666,1.9629166666666666,11.416666666666666,7.660416666666666,8.407916666666667,3.1129166666666666,14.666666666666666,11.90125,6.498333333333334,3.0191666666666666
2026-05-17,9.458333333333334,7.01875,4.230833333333333,2.44,11.791666666666666,5.687083333333334,6.79,4.2404166666666665,12.541666666666666,6.592083333333334,7.296250000000001,4.13,9.875,5.906666666666666,6.091666666666666,3.3991666666666664,13.0,5.0633333333333335,9.529166666666667,4.6975,15.041666666666666,7.18,8.58375,5.458749999999999
2026-05-18,13.333333333333334,9.733333333333333,6.454166666666667,3.9004166666666666,18.083333333333332,10.184583333333334,10.392916666666666,6.513333333333333,18.791666666666668,10.622083333333334,11.687916666666666,6.826666666666667,14.333333333333334,7.9312499999999995,8.939583333333333,5.441666666666666,19.208333333333332,6.814166666666666,13.999583333333334,7.473333333333333,21.291666666666668,11.117083333333333,12.878333333333332,8.293333333333333
2026-05-19,11.833333333333334,5.547499999999999,6.06625,4.065833333333333,17.583333333333332,4.508333333333334,10.527916666666666,6.805416666666667,21.083333333333332,8.44421052631579,12.542083333333332,8.205416666666666,14.333333333333334,4.265,8.67625,5.507916666666667,19.041666666666668,3.4929166666666664,12.886666666666665,7.409583333333334,21.708333333333332,6.230833333333333,14.477916666666667,8.417083333333332
2026-05-20,9.583333333333334,4.160416666666666,5.246666666666667,3.4187499999999997,14.916666666666666,6.315416666666667,8.886666666666667,5.6883333333333335,16.833333333333332,7.065,9.963333333333333,6.38,12.208333333333334,2.876666666666667,7.426666666666667,4.664166666666667,16.916666666666668,3.06875,11.770000000000001,6.550833333333333,17.25,8.662083333333333,10.340416666666666,6.512083333333333
2026-05-21,14.166666666666666,3.3475,7.994583333333334,5.353333333333333,20.25,5.147916666666666,13.362083333333333,7.937916666666666,26.041666666666668,7.008125,16.887083333333333,10.219166666666666,18.791666666666668,2.509375,11.9925,7.335416666666667,28.666666666666668,3.2622222222222224,20.202083333333334,11.21,26.291666666666668,5.334791666666667,15.82125,10.375
2026-05-22,12.666666666666666,4.59625,6.517083333333333,4.359166666666667,17.875,6.935833333333334,11.82,6.845416666666666,24.458333333333332,13.905833333333334,14.0225,8.705833333333333,14.583333333333334,2.7552083333333335,10.157083333333334,5.579166666666667,21.5,3.6847222222222222,16.58125,8.022916666666667,19.541666666666668,8.1325,11.794583333333334,7.2562500000000005
2026-05-23,12.708333333333334,2.2685000000000004,7.722916666666666,4.8758333333333335,19.291666666666668,4.237916666666667,13.188333333333333,7.51125,19.916666666666668,8.721666666666666,13.3925,7.657916666666666,16.083333333333332,1.0442105263157895,11.249166666666667,6.185833333333334,22.083333333333332,,17.372083333333332,7.416250000000001,17.583333333333332,6.36625,11.395416666666668,6.785416666666666
2026-05-24,15.75,,9.72,6.08875,23.083333333333332,2.4270833333333335,14.921666666666667,9.054166666666667,25.958333333333332,9.033541666666666,16.40375,9.537916666666666,19.541666666666668,,13.07875,7.595833333333334,25.291666666666668,,19.255,9.565833333333334,23.916666666666668,4.675833333333333,14.84875,9.335833333333333
2026-05-25,10.791666666666666,,6.114999999999999,3.6795833333333334,15.791666666666666,4.405,10.6775,5.5183333333333335,20.583333333333332,12.887083333333335,10.78875,5.7941666666666665,13.375,2.3658333333333332,9.024583333333334,4.5200000000000005,17.583333333333332,,13.542083333333332,5.6120833333333335,15.583333333333334,7.7629166666666665,9.676666666666668,5.5675
2026-05-26,7.5,,4.510833333333333,2.4054166666666665,22.166666666666668,7.105,16.729583333333334,4.7387500000000005,22.791666666666668,16.86916666666667,9.3425,4.095,11.083333333333334,2.304,8.0775,3.186666666666667,14.916666666666666,,11.537916666666668,3.5316666666666667,11.791666666666666,7.620833333333334,7.489166666666667,3.3341666666666665
2026-05-27,7.125,2.179625,4.498333333333334,2.3754166666666667,24.166666666666668,2.26575,18.910833333333333,5.132083333333333,30.666666666666668,24.03375,9.285,4.618333333333333,11.041666666666666,2.1761363636363638,7.962083333333333,3.04875,14.666666666666666,,11.235,3.5537500000000004,11.875,7.641666666666667,7.209166666666667,3.2816666666666667
2026-05-28,13.833333333333334,3.714875,8.569583333333332,5.241666666666666,19.583333333333332,4.275833333333334,13.859583333333333,7.420416666666667,33.541666666666664,24.898333333333337,15.394583333333335,8.821666666666667,16.583333333333332,,12.225833333333334,6.152916666666666,22.875,,17.973333333333333,7.702500000000001,17.666666666666668,7.844166666666666,12.139166666666666,6.665
2026-05-29,20.791666666666668,2.083125,11.554166666666667,8.100833333333332,30.333333333333332,2.689583333333333,18.065416666666668,11.927916666666667,33.791666666666664,10.676250000000001,19.858333333333334,13.299166666666666,25.166666666666668,,15.818333333333333,9.882916666666667,29.916666666666668,,21.60291666666667,11.739583333333334,30.041666666666668,6.7683333333333335,17.571250000000003,11.804583333333333
2026-05-30,32.833333333333336,,16.246666666666666,12.962916666666667,46.5,1.52375,23.374166666666667,18.37333333333333,49.125,2.19875,24.4725,19.270833333333332,40.208333333333336,,20.263749999999998,15.906666666666666,48.125,,26.241666666666664,19.020833333333332,49.708333333333336,4.895416666666667,24.64375,19.636666666666667
2026-05-31,27.25,,13.387083333333335,10.69625,40.583333333333336,1.4166666666666667,20.11916666666667,16.010833333333334,39.375,1.8402083333333332,19.957916666666666,15.532499999999999,34.875,,17.53375,13.74875,41.583333333333336,,22.2625,16.461666666666666,44.625,4.967083333333333,22.080416666666665,17.66875
2026-06-01,10.333333333333334,2.142708333333333,5.6375,3.6575,14.125,2.7429166666666664,8.8025,5.401666666666666,14.625,5.995,8.555833333333334,5.285833333333334,12.291666666666666,2.398611111111111,7.59875,4.6137500000000005,15.958333333333334,1.2693939393939395,11.287083333333333,6.090833333333333,16.125,5.7225,10.108333333333333,6.03125
2026-06-02,10.375,2.6075,6.004166666666666,3.9470833333333335,14.333333333333334,3.5370833333333334,9.285833333333334,5.549166666666667,14.666666666666666,5.539166666666667,8.975416666666666,5.671666666666667,12.458333333333334,1.8722916666666667,7.9816666666666665,4.795,15.916666666666666,1.3599305555555556,11.432916666666666,6.167083333333333,16.083333333333332,6.5925,9.809583333333334,6.235416666666667
2026-06-03,10.5,1.6354166666666667,7.217083333333334,3.9166666666666665,14.833333333333334,2.245,10.56625,5.609999999999999,16.791666666666668,3.8668750000000003,12.396666666666667,6.145,14.083333333333334,1.804166666666667,10.399583333333334,5.22875,20.583333333333332,1.1133333333333333,15.961666666666666,6.612916666666667,19.208333333333332,4.4325,13.3725,7.453333333333333
2026-06-04,7.291666666666667,2.9795833333333337,4.844166666666667,2.6575,10.791666666666666,4.3415,7.472083333333334,4.0525,11.375,6.116041666666667,7.734999999999999,3.9470833333333335,9.083333333333334,2.3895,6.444166666666667,3.3475,16.25,1.8442105263157895,12.52875,5.38,12.5,8.094166666666666,7.971666666666667,4.49375
2026-06-05,9.583333333333334,3.68625,6.477083333333333,3.517916666666667,13.625,5.535833333333334,9.622916666666667,5.212916666666667,14.041666666666666,6.413333333333333,10.144166666666667,4.867500000000001,12.375,3.7308333333333334,8.935416666666667,4.615,20.166666666666668,2.1195833333333334,15.744166666666667,6.702916666666667,17.166666666666668,7.8125,12.237916666666665,6.604166666666667
2026-06-06,9.125,3.1995833333333334,5.695,3.410833333333333,12.5,3.31,8.517083333333334,4.7995833333333335,13.625,4.3812500000000005,9.697083333333333,5.17875,11.541666666666666,3.0054166666666666,8.029166666666667,4.3116666666666665,17.416666666666668,2.412916666666667,13.540833333333333,5.8075,12.416666666666666,5.94,8.72625,4.761666666666667
2026-06-07,14.583333333333334,,11.141666666666666,5.376666666666666,20.041666666666668,2.954166666666667,15.497916666666667,7.305416666666667,25.166666666666668,4.785500000000001,19.7175,8.282916666666667,19.875,1.2977777777777777,15.254166666666668,7.0675,32.791666666666664,1.3921052631578947,25.8475,9.32375,23.083333333333332,4.9366666666666665,18.01625,8.022083333333333
2026-06-08,19.166666666666668,3.1925000000000003,11.698333333333332,7.4316666666666675,26.333333333333332,4.430416666666667,16.857916666666668,10.304166666666667,28.375,6.475416666666667,19.448333333333334,10.894166666666665,23.958333333333332,2.0083333333333333,15.665833333333333,9.247916666666667,32.75,1.9208333333333334,23.802083333333332,12.107083333333334,28.125,9.064166666666667,18.144166666666667,10.975
2026-06-09,17.333333333333332,4.130416666666666,10.286666666666667,6.7175,25.0,4.9025,15.065416666666666,9.805,24.583333333333332,6.887083333333333,16.077083333333334,9.5625,22.125,3.5704166666666666,13.477083333333333,8.649583333333334,29.458333333333332,3.1308333333333334,20.484166666666667,11.251666666666667,27.75,9.635833333333332,16.9925,10.940416666666666
2026-06-10,8.625,4.285416666666666,6.329999999999999,2.829166666666667,12.791666666666666,6.4925,9.62625,4.45125,14.166666666666666,8.015,10.159166666666666,4.140416666666667,11.041666666666666,3.8995833333333336,8.427083333333334,3.7591666666666668,18.708333333333332,3.169166666666667,14.559166666666668,5.31,14.625,9.09125,10.94625,4.934166666666667
2026-06-11,8.0,3.1512500000000006,5.027916666666667,2.63375,11.458333333333334,6.5225,7.99125,3.9779166666666668,12.916666666666666,7.227916666666666,8.671249999999999,4.285833333333334,10.041666666666666,3.1220833333333338,7.215833333333333,3.4970833333333338,15.375,2.3133333333333335,11.944166666666668,4.654583333333334,12.75,6.108333333333333,8.885,4.7025
2026-06-12,8.958333333333334,3.345416666666667,4.765,2.895,12.166666666666666,7.030833333333334,7.4054166666666665,4.218333333333333,14.5,9.075416666666667,7.959583333333334,4.575833333333334,10.375,2.8800000000000003,6.7475,3.625833333333333,14.208333333333334,2.5185416666666667,10.98375,4.960833333333333,13.166666666666666,6.6725,8.497916666666667,4.7924999999999995
2026-06-13,9.583333333333334,3.5795000000000003,5.411666666666666,3.48875,13.875,7.214583333333334,8.606666666666667,5.07875,20.666666666666668,14.474375,9.464166666666667,5.5320833333333335,11.083333333333334,1.5977083333333333,7.364999999999999,4.251666666666667,14.458333333333334,3.56125,11.048333333333334,5.3429166666666665,15.208333333333334,6.790416666666666,9.094166666666666,5.593333333333334
2026-06-14,8.583333333333334,2.8472222222222223,4.9504166666666665,3.1445833333333333,12.333333333333334,4.215833333333333,8.487916666666667,4.772083333333334,20.958333333333332,14.448333333333332,9.085833333333333,5.0529166666666665,9.833333333333334,1.168157894736842,6.647083333333334,3.702083333333333,14.291666666666666,3.6629166666666664,11.035833333333334,5.0216666666666665,12.166666666666666,6.876458333333333,6.960833333333333,3.92375
2026-06-15,11.541666666666666,5.425416666666667,5.815416666666667,3.8125,15.708333333333334,7.350833333333333,9.35375,5.740416666666667,18.958333333333332,13.462499999999999,9.853333333333333,5.959583333333334,12.916666666666666,,7.914166666666667,4.721666666666667,16.166666666666668,6.538333333333333,11.976666666666667,5.982083333333333,15.041666666666666,10.540416666666667,8.205416666666666,5.022083333333334
2026-06-16,23.416666666666668,6.3374999999999995,12.799166666666666,9.168750000000001,31.958333333333332,5.246666666666667,18.265,12.610416666666666,33.333333333333336,9.2575,19.680833333333332,13.115,28.291666666666668,1.2852083333333333,16.469583333333333,11.116666666666667,35.416666666666664,4.986666666666667,23.4225,13.9825,31.5,6.58625,18.14875,12.381666666666668
2026-06-17,23.625,7.947916666666667,12.931666666666667,9.21625,32.458333333333336,5.700833333333333,18.368750000000002,12.8025,40.5,16.522916666666667,20.892500000000002,13.879583333333334,28.625,3.71625,16.43916666666667,11.237499999999999,34.916666666666664,4.862916666666666,22.669166666666666,13.746666666666668,32.625,8.097916666666666,18.33875,12.809583333333334
2026-06-18,19.833333333333332,6.490416666666667,10.517083333333334,7.728750000000001,28.166666666666668,4.098333333333334,15.83625,11.075416666666667,34.416666666666664,14.746250000000002,17.90041666666667,12.248333333333333,24.25,3.139583333333333,13.974166666666667,9.48875,29.75,3.0566666666666666,19.434166666666666,11.65375,28.875,8.063333333333333,16.095000000000002,11.3725
2026-06-19,20.75,7.232500000000001,11.512500000000001,8.096666666666666,29.166666666666668,6.080000000000001,17.44125,11.450000000000001,33.291666666666664,14.183749999999998,19.046666666666667,12.805416666666666,25.666666666666668,3.74875,15.854166666666666,10.11875,29.291666666666668,4.284583333333333,21.182083333333335,11.448749999999999,26.916666666666668,8.385416666666666,16.505416666666665,10.578750000000001
2026-06-20,13.666666666666666,6.02375,8.758750000000001,5.201666666666667,18.541666666666668,6.2875000000000005,13.573333333333332,7.235,24.25,9.813333333333334,16.10125,8.435833333333333,17.041666666666668,2.7393750000000003,12.243333333333332,6.611666666666667,23.666666666666668,4.90375,18.491666666666667,7.675416666666667,19.208333333333332,6.244583333333334,14.159166666666666,7.322500000000001
2026-06-21,13.291666666666666,4.111875,8.588333333333333,5.0720833333333335,18.375,4.5125,13.705416666666666,6.913333333333334,37.291666666666664,24.226249999999997,16.122916666666665,7.610416666666667,16.583333333333332,1.121875,12.496250000000002,6.292916666666667,25.541666666666668,3.442222222222222,20.031666666666666,7.359583333333333,16.416666666666668,8.085416666666667,12.610833333333334,5.927916666666667
2026-06-22,14.416666666666666,,10.72375,5.429583333333333,22.791666666666668,3.0172222222222222,17.827916666666667,6.995,52.166666666666664,51.069583333333334,20.440416666666668,8.492916666666668,20.208333333333332,2.314375,15.7675,6.675,34.166666666666664,,26.909583333333334,7.43875,20.625,11.484166666666667,15.849166666666667,5.857916666666667
2026-06-23,21.25,,15.500833333333333,8.214166666666666,30.958333333333332,3.5518750000000003,24.314999999999998,10.9525,64.29166666666667,58.895,31.675,13.268333333333333,29.083333333333332,3.494761904761905,22.901666666666667,10.408333333333333,45.583333333333336,,36.0475,12.032499999999999,26.666666666666668,9.77375,20.802083333333332,8.982083333333334
2026-06-24,22.333333333333332,3.43425,15.730833333333335,8.73625,30.583333333333332,3.531458333333333,23.852500000000003,11.608333333333334,61.25,54.63666666666666,28.792916666666667,14.068333333333333,28.833333333333332,1.9973809523809525,22.645416666666666,10.819583333333334,44.625,,35.3175,12.758333333333333,25.0,11.6975,19.557083333333335,9.054166666666667
2026-06-25,17.083333333333332,0.8508333333333333,11.757083333333334,6.680416666666667,23.583333333333332,2.479375,18.043333333333333,9.1875,30.708333333333332,15.589166666666666,22.129583333333333,11.40375,20.583333333333332,,15.899166666666666,7.859999999999999,36.208333333333336,,28.568749999999998,9.394166666666667,20.0,8.775416666666667,15.41125,7.2875000000000005
2026-06-26,21.166666666666668,3.3325,12.765,8.259166666666667,30.208333333333332,4.284583333333333,19.533333333333335,11.860416666666666,31.916666666666668,8.238333333333333,20.604166666666668,12.565833333333332,25.833333333333332,,17.208333333333332,10.096666666666666,42.875,2.55,33.89875,12.272083333333333,29.416666666666668,6.384166666666666,18.87875,11.5625
2026-06-27,19.125,3.297083333333333,10.734583333333333,7.415,28.583333333333332,3.918333333333333,16.64125,11.223333333333334,29.541666666666668,7.585729166666667,16.84875,11.377083333333333,23.125,,13.712916666666667,9.031666666666666,36.0,2.9829166666666667,28.044583333333335,10.79125,26.875,5.672499999999999,15.6475,10.581666666666667
2026-06-28,15.458333333333334,4.45875,8.148333333333333,5.957916666666667,22.333333333333332,3.9145833333333333,12.269166666666665,8.727916666666667,21.541666666666668,1.4065625,11.995416666666666,8.435,17.958333333333332,,9.979166666666666,6.96625,21.25,3.6925000000000003,13.955416666666666,8.315,20.916666666666668,4.2804166666666665,11.45125,8.13
2026-06-29,7.916666666666667,5.361666666666667,3.4341666666666666,2.5879166666666666,10.291666666666666,5.367083333333333,5.49875,3.893333333333333,9.541666666666666,2.8579166666666667,5.002083333333333,3.6195833333333334,7.708333333333333,0.9204545454545454,4.047083333333333,2.90875,10.625,5.099583333333333,6.3425,4.043333333333334,10.416666666666666,5.566666666666666,5.416666666666667,3.8945833333333333
2026-06-30,8.333333333333334,6.337083333333333,4.3654166666666665,2.5545833333333334,9.916666666666666,5.474166666666666,6.876666666666666,3.6108333333333333,9.666666666666666,3.795833333333333,6.611666666666667,3.5987500000000003,8.0,1.4479166666666667,5.7425,3.0404166666666668,11.833333333333334,5.456666666666667,8.921666666666667,3.73,9.875,6.139583333333333,6.841666666666666,3.606666666666667
2026-07-01,8.791666666666666,6.447916666666667,4.763333333333334,3.0041666666666664,11.25,4.261666666666667,7.416250000000001,4.267083333333333,12.083333333333334,3.8808333333333334,7.62125,4.633333333333334,8.916666666666666,2.473333333333333,5.964583333333334,3.37625,12.041666666666666,6.010416666666667,8.902916666666666,4.3220833333333335,11.083333333333334,6.471666666666667,7.359166666666667,4.216666666666667
2026-07-02,8.75,6.791250000000001,3.7875,1.8549999999999998,8.541666666666666,4.662916666666667,6.193333333333334,2.807916666666667,8.125,4.325833333333333,5.367916666666666,2.5691666666666664,6.708333333333333,3.015833333333333,4.845,2.0475,10.833333333333334,6.53375,8.259583333333333,3.0675000000000003,9.458333333333334,7.12125,5.774166666666667,2.6075
2026-07-03,8.416666666666666,5.366666666666667,4.5525,2.3183333333333334,10.083333333333334,3.3320833333333333,7.670833333333333,3.4758333333333336,9.416666666666666,3.185833333333333,7.093333333333334,3.4783333333333335,8.5,2.21175,6.520833333333333,2.7270833333333333,12.958333333333334,5.28,9.9325,3.7570833333333336,10.75,5.490416666666667,7.897083333333334,3.4775000000000005
2026-07-04,6.625,3.84625,2.953333333333333,1.9808333333333332,8.625,3.1504166666666666,4.966666666666667,3.0941666666666667,8.208333333333334,4.7411111111111115,4.110416666666667,2.55125,5.791666666666667,0.6036842105263157,3.73,2.1395833333333334,8.333333333333334,4.4125000000000005,5.703749999999999,3.0229166666666667,8.416666666666666,5.085,4.5475,2.7070833333333333
2026-07-05,12.0,8.730833333333333,4.452083333333333,3.1108333333333333,12.458333333333334,6.050833333333333,7.719166666666666,4.711666666666667,18.166666666666668,14.167916666666668,7.320416666666667,4.4275,9.5,3.4495833333333334,5.97625,3.544583333333333,12.708333333333334,7.006666666666667,9.57,4.2025,14.25,10.51304347826087,6.909583333333333,4.1745833333333335
2026-07-06,18.541666666666668,14.773333333333333,6.270833333333333,4.61,18.708333333333332,8.605416666666667,10.79875,6.719166666666666,37.541666666666664,32.17541666666667,11.743333333333332,7.422083333333333,15.791666666666666,7.002916666666667,8.539583333333333,5.468333333333334,17.208333333333332,8.352500000000001,11.891666666666666,5.87875,20.416666666666668,14.947916666666666,10.014583333333333,6.121666666666667
2026-07-07,18.375,13.724583333333333,7.225416666666667,5.27625,19.833333333333332,7.109583333333333,13.07875,7.482083333333333,38.666666666666664,31.985833333333332,15.04625,8.825,16.083333333333332,6.717083333333334,9.706666666666667,5.925833333333333,18.875,6.988333333333333,14.477916666666667,6.921666666666667,19.875,14.353333333333333,10.354583333333332,6.0225
2026-07-08,23.166666666666668,8.379583333333334,12.21375,9.032083333333334,32.75,6.214583333333334,19.704583333333336,12.885416666666666,36.5,13.935416666666667,21.534166666666668,14.239583333333334,26.875,3.174166666666667,15.58,10.53625,30.0,6.265000000000001,20.877083333333335,11.809583333333334,31.166666666666668,9.231666666666667,18.41625,12.28125
2026-07-09,30.916666666666668,8.612499999999999,14.976666666666667,12.170833333333334,43.25,6.128333333333334,23.025000000000002,17.072916666666668,44.958333333333336,14.08875,22.145,17.023333333333333,36.125,2.8941666666666666,18.926666666666666,14.251666666666667,40.791666666666664,5.9875,24.058333333333334,16.11625,41.75,10.173333333333334,22.042083333333334,16.488333333333333
2026-07-10,27.833333333333332,8.767916666666666,13.197083333333333,10.890416666666667,38.708333333333336,7.150833333333334,20.125416666666666,15.293333333333335,40.0,9.87,20.424583333333334,15.805416666666666,32.5,3.48625,16.772499999999997,12.840416666666668,35.916666666666664,6.765416666666667,21.075833333333332,14.144166666666665,37.125,9.921249999999999,19.372083333333332,14.642083333333334
2026-07-11,32.833333333333336,7.741041666666667,15.293333333333335,12.92375,45.083333333333336,4.317916666666666,22.46666666666667,17.819166666666668,51.833333333333336,18.610416666666666,23.28625,18.686666666666667,38.708333333333336,2.6125,18.805833333333332,15.26625,45.75,5.16875,24.160416666666666,18.080000000000002,45.875,9.399583333333334,22.533749999999998,18.150833333333335
2026-07-12,20.125,5.4725,10.240833333333333,7.82375,28.916666666666668,2.2,17.859583333333333,11.3925,32.666666666666664,16.519166666666667,16.861250000000002,11.281666666666666,23.625,1.5254166666666666,13.86625,9.288333333333334,28.25,3.7620833333333334,19.39625,10.534166666666666,25.25,10.542499999999999,16.400833333333335,9.915833333333333
2026-07-13,25.208333333333332,6.69625,13.034166666666666,9.825833333333334,36.333333333333336,5.305416666666667,22.24875,14.320833333333333,35.166666666666664,9.87375,21.43625,13.871249999999998,30.208333333333332,2.2983333333333333,17.75375,11.889583333333334,35.375,4.859583333333333,24.499583333333334,13.372083333333334,34.583333333333336,8.909166666666666,21.788749999999997,13.558333333333332
2026-07-14,27.75,8.082083333333333,13.691250000000002,10.885,39.625,5.879166666666666,21.506666666666664,15.625,42.5,15.896666666666667,21.264583333333334,15.717500000000001,33.541666666666664,2.7775,17.924583333333334,13.198333333333332,36.5,5.422499999999999,21.89125,14.429583333333333,38.958333333333336,10.733333333333334,20.930833333333336,15.35375
2026-07-15,26.375,8.77875,13.186250000000001,10.379583333333334,37.125,7.404166666666666,20.97125,14.594999999999999,38.916666666666664,12.838333333333333,21.339583333333334,15.374166666666667,31.666666666666668,3.499166666666667,17.381666666666668,12.438333333333333,34.166666666666664,7.30375,21.81625,13.441249999999998,36.5,11.732083333333334,20.424583333333334,14.4125
2026-07-16,26.5,10.371666666666666,13.317083333333334,10.359583333333333,36.541666666666664,8.89,20.290833333333335,14.409166666666666,37.5,13.135,20.732499999999998,14.774166666666666,30.708333333333332,5.692916666666666,16.765,12.066666666666668,34.708333333333336,9.769166666666667,22.008333333333336,13.640416666666667,36.75,11.9225,20.478333333333335,14.468333333333334
2026-07-17,20.75,9.055,10.587083333333334,8.115833333333333,30.125,8.348333333333334,17.120416666666667,11.853333333333333,31.541666666666668,11.144166666666665,17.734166666666667,12.385,24.291666666666668,6.868333333333333,13.583333333333334,9.502083333333333,28.75,9.530833333333332,18.78708333333333,11.293333333333335,29.75,10.867083333333333,16.8675,11.71875
2026-07-18,14.375,6.974166666666666,7.441666666666666,5.551666666666667,22.208333333333332,6.747083333333333,12.6175,8.674583333333333,21.5,8.45875,12.469166666666666,8.4025,17.083333333333332,7.072083333333333,9.821666666666667,6.607499999999999,20.916666666666668,9.112083333333333,13.969999999999999,8.184583333333334,21.208333333333332,10.394583333333333,12.362083333333333,8.287916666666666
2026-07-19,16.416666666666668,7.649166666666667,8.217083333333333,6.368333333333333,25.0,6.81,13.232916666666666,9.797916666666667,22.958333333333332,10.057083333333333,12.575416666666667,8.991249999999999,18.541666666666668,7.012083333333333,10.12125,7.2425,22.583333333333332,9.287083333333333,13.916666666666666,8.831249999999999,23.375,11.515,12.660416666666668,9.167916666666667
2026-07-20,27.958333333333332,11.551250000000001,13.774166666666666,11.031666666666666,40.416666666666664,11.250833333333333,21.013749999999998,15.963333333333333,41.75,18.121666666666666,22.554999999999996,16.314583333333335,33.0,9.926666666666668,17.4475,13.027916666666668,36.0,12.064583333333333,21.657083333333333,14.195833333333333,41.541666666666664,15.032499999999999,21.86125,16.294999999999998
2026-07-21,26.333333333333332,9.03625,14.487499999999999,10.336666666666666,36.458333333333336,8.677916666666667,22.480416666666667,14.385833333333332,39.458333333333336,16.447083333333335,25.084999999999997,15.395000000000001,31.041666666666668,9.008333333333333,19.695833333333333,12.222499999999998,36.625,10.813333333333333,27.07166666666667,13.605416666666665,40.5,12.667916666666665,25.747500000000002,15.928333333333335
2026-07-22,15.541666666666666,11.210416666666667,7.837083333333333,4.982083333333333,20.041666666666668,9.68875,14.445833333333333,7.49625,29.375,23.531666666666666,15.360833333333334,7.9191666666666665,17.5,10.880833333333333,12.269583333333335,6.28625,23.291666666666668,11.176666666666668,18.045416666666664,7.281666666666666,22.083333333333332,15.076666666666668,14.552916666666667,7.475416666666667
2026-07-23,14.875,10.855416666666665,7.395,4.826666666666667,19.625,9.041666666666666,14.346666666666666,7.52,31.916666666666668,26.1825,14.504583333333334,8.068333333333333,16.041666666666668,10.12,10.885833333333332,5.897083333333334,20.5,10.607083333333334,15.931249999999999,6.57125,19.708333333333332,14.517916666666666,12.232916666666666,6.509583333333333
2026-07-24,21.333333333333332,11.315416666666666,10.9325,8.152916666666666,32.5,9.304583333333333,20.250416666666666,12.805833333333332,33.875,21.365,19.9025,13.034999999999998,25.041666666666668,11.347916666666668,14.978333333333333,9.659583333333334,26.708333333333332,11.27625,18.824583333333333,10.36,26.875,13.339583333333332,16.570833333333333,10.482083333333334
2026-07-25,25.5,7.639583333333333,12.667083333333332,9.975833333333334,38.833333333333336,6.454999999999999,21.777916666666666,15.309583333333334,37.083333333333336,10.949583333333335,20.7725,14.636249999999999,29.791666666666668,8.629583333333334,16.79791666666667,11.697916666666666,33.333333333333336,9.984583333333333,21.49625,13.15875,35.875,8.659166666666666,20.23125,14.189166666666667
2026-07-26,14.375,5.548333333333333,7.583333333333333,5.546666666666667,23.0,5.182916666666666,13.219583333333333,9.008333333333333,20.5,6.79375,12.000416666666666,8.024166666666668,17.125,7.027826086956521,10.15375,6.682916666666666,20.541666666666668,8.2575,13.980833333333335,7.925833333333333,22.958333333333332,6.1883333333333335,13.182083333333333,8.989583333333334
2026-07-27,8.583333333333334,5.5825,4.682083333333334,2.8695833333333334,11.333333333333334,5.4312499999999995,7.865833333333334,4.261666666666667,13.291666666666666,8.740416666666667,8.706666666666667,4.505,9.75,6.6258333333333335,6.98875,3.5820833333333333,14.041666666666666,7.450833333333333,10.862916666666665,4.467083333333333,12.916666666666666,5.809166666666667,9.312916666666666,4.994583333333334
2026-07-28,12.125,7.5129166666666665,5.7629166666666665,3.9416666666666664,14.333333333333334,5.307916666666666,9.175416666666667,5.502916666666667,28.166666666666668,21.684583333333332,10.379166666666666,6.277916666666666,12.916666666666666,7.66,7.823333333333333,4.690416666666667,17.375,7.419583333333333,13.265,6.422916666666667,17.458333333333332,8.557083333333333,10.709166666666667,6.2275
2026-07-29,24.291666666666668,12.955416666666666,10.880416666666667,8.643333333333333,32.083333333333336,8.84375,18.370416666666667,12.6175,42.916666666666664,34.19541666666667,18.2575,12.495416666666666,27.166666666666668,10.0975,14.214583333333332,10.060833333333333,28.666666666666668,8.494583333333333,20.465,11.043333333333335,28.583333333333332,14.130833333333333,16.673750000000002,10.857916666666666
2026-07-30,35.041666666666664,6.520833333333333,16.830833333333334,13.808750000000002,51.708333333333336,6.2441666666666675,27.527916666666666,20.072916666666668,50.708333333333336,11.380416666666667,26.219166666666666,19.88083333333333,41.333333333333336,5.877083333333334,21.13875,16.326249999999998,44.25,7.159583333333334,25.230416666666667,17.50583333333333,47.083333333333336,8.597083333333334,24.959166666666665,18.65041666666667
2026-07-31,27.208333333333332,7.07125,13.321666666666667,10.669166666666667,39.75,6.4925,21.297916666666666,15.701666666666666,38.166666666666664,9.61375,19.669166666666666,15.072916666666666,31.75,7.02375,16.36375,12.505416666666667,36.708333333333336,8.489583333333334,21.33666666666667,14.477083333333333,38.916666666666664,8.222916666666666,20.190833333333334,15.40125
2026-08-01,17.625,5.517083333333333,8.432083333333333,6.80125,25.708333333333332,4.7425,13.189166666666667,10.078750000000001,24.291666666666668,8.19,12.450000000000001,9.498333333333333,19.791666666666668,6.032916666666666,10.056666666666667,7.760833333333333,22.958333333333332,7.8125,13.002916666666666,9.010833333333332,25.458333333333332,6.7004166666666665,12.9525,10.000416666666666
2026-08-02,14.458333333333334,5.416666666666667,6.966666666666666,5.642916666666667,22.458333333333332,3.8891666666666667,11.167083333333332,8.770000000000001,23.25,10.581249999999999,10.672083333333333,8.230833333333333,16.375,5.194583333333333,8.389166666666666,6.39375,19.25,7.05125,10.689166666666667,7.525833333333334,21.416666666666668,6.81375,10.737499999999999,8.3475
2026-08-03,19.916666666666668,9.15375,9.557916666666666,7.703333333333333,27.375,7.307916666666667,14.262083333333335,10.722916666666668,28.666666666666668,12.240416666666667,14.822083333333333,11.229166666666666,23.208333333333332,8.36125,12.029166666666667,9.057916666666666,24.833333333333332,6.9870833333333335,14.11,9.715416666666668,28.083333333333332,9.040416666666667,14.624583333333334,11.069583333333334
2026-08-04,22.75,7.528333333333333,11.14125,8.912083333333333,33.458333333333336,6.192083333333334,17.919999999999998,13.13,32.583333333333336,11.844782608695652,17.080833333333334,12.858333333333334,27.0,7.476666666666667,13.983333333333334,10.567916666666667,29.791666666666668,4.216666666666667,17.290833333333335,11.744166666666667,34.166666666666664,8.527083333333334,17.84875,13.435
2026-08-05,16.166666666666668,4.835416666666666,7.7275,6.240833333333334,28.375,4.148333333333333,15.031666666666666,11.167083333333332,22.125,4.619583333333334,11.585416666666667,8.645416666666668,18.333333333333332,5.340416666666666,9.39125,7.172083333333333,20.25,1.6270833333333332,11.7425,7.923333333333333,22.958333333333332,4.769583333333333,12.024583333333332,8.9725
2026-08-06,7.125,4.33,3.6,2.4370833333333333,12.875,4.372083333333333,7.5825000000000005,4.8825,9.833333333333334,6.111249999999999,4.93375,3.0625,7.958333333333333,5.4425,4.293333333333333,2.6458333333333335,8.958333333333334,1.8204166666666666,6.216666666666666,3.004583333333333,8.958333333333334,5.6883333333333335,5.175833333333333,3.061666666666667
2026-08-07,9.833333333333334,6.167083333333333,5.21,3.18375,15.25,5.667083333333333,9.82875,5.876666666666666,16.625,12.012916666666667,8.156666666666666,4.668333333333334,11.125,5.804166666666667,7.304166666666667,4.056666666666667,13.333333333333334,3.1441666666666666,10.214166666666666,4.395416666666667,13.083333333333334,7.55125,8.416666666666666,4.58875
2026-08-08,11.416666666666666,6.0275,6.329583333333333,4.23625,21.125,6.186521739130434,13.437083333333334,8.275833333333333,24.166666666666668,17.845833333333335,10.544166666666667,5.9745833333333325,13.708333333333334,4.4262500000000005,9.207083333333333,5.272916666666666,16.333333333333332,3.4928260869565215,12.640833333333333,5.666250000000001,16.916666666666668,8.386666666666667,10.75625,6.133333333333333
2026-08-09,14.333333333333334,5.297916666666667,8.376666666666667,5.482500000000001,24.958333333333332,5.882916666666667,16.961666666666666,9.75,22.666666666666668,10.956249999999999,16.284166666666668,8.391666666666667,19.208333333333332,3.7100000000000004,14.173333333333334,7.491666666666667,21.583333333333332,2.567083333333333,16.830416666666668,7.8066666666666675,18.875,7.3116666666666665,12.776666666666666,7.34625
2026-08-10,21.125,4.1674999999999995,11.172083333333333,8.275833333333333,31.708333333333332,6.383333333333333,18.163333333333334,12.43125,31.208333333333332,9.1075,18.132083333333334,12.298333333333332,26.833333333333332,3.9604166666666667,16.00583333333333,10.54125,28.208333333333332,3.4904166666666665,19.187083333333334,11.135416666666666,31.125,7.421666666666667,21.464166666666667,12.2575
2026-08-11,18.791666666666668,4.97125,9.45375,7.333333333333333,27.083333333333332,6.1499999999999995,15.206249999999999,10.630833333333333,28.958333333333332,13.245833333333332,15.295,10.792083333333332,22.75,3.7687500000000003,12.280000000000001,8.928333333333333,25.666666666666668,3.6329166666666666,15.77375,10.084999999999999,28.75,8.430416666666668,16.430416666666666,11.316249999999998
2026-08-12,19.75,5.682916666666666,9.869583333333333,7.67875,27.875,5.837083333333333,16.002916666666668,10.955,35.916666666666664,19.7025,15.990416666666667,11.125833333333333,23.333333333333332,2.68625,12.655,9.102500000000001,27.875,2.5749999999999997,17.25583333333333,10.934583333333334,28.416666666666668,9.504166666666666,15.39,11.207500000000001
2026-08-13,18.291666666666668,7.551666666666667,9.363333333333333,6.978333333333333,25.375,6.010000000000001,16.593333333333334,9.979583333333332,35.875,23.351874999999996,16.409583333333334,10.805833333333332,21.083333333333332,3.728125,12.759166666666665,8.257916666666667,25.125,3.136875,17.42125,9.847083333333332,25.625,9.93625,14.855416666666665,9.941666666666666
