date,contaminant,zone,version,observed,counterfactual,gap,gap_pct
2025-09-01,NO2,zbe,METEO-PURO,1.387,8.609,-7.221,-83.88
2025-09-02,NO2,zbe,METEO-PURO,2.306,7.695,-5.388,-70.03
2025-09-03,NO2,zbe,METEO-PURO,2.025,8.839,-6.814,-77.09
2025-09-04,NO2,zbe,METEO-PURO,3.095,8.46,-5.364,-63.41
2025-09-05,NO2,zbe,METEO-PURO,3.253,8.365,-5.113,-61.12
2025-09-06,NO2,zbe,METEO-PURO,2.024,8.237,-6.213,-75.43
2025-09-07,NO2,zbe,METEO-PURO,2.747,7.748,-5.001,-64.54
2025-09-08,NO2,zbe,METEO-PURO,2.343,7.911,-5.568,-70.39
2025-09-09,NO2,zbe,METEO-PURO,2.261,8.325,-6.063,-72.84
2025-09-10,NO2,zbe,METEO-PURO,1.995,7.602,-5.607,-73.76
2025-09-11,NO2,zbe,METEO-PURO,3.342,8.388,-5.046,-60.15
2025-09-12,NO2,zbe,METEO-PURO,1.283,7.508,-6.225,-82.92
2025-09-13,NO2,zbe,METEO-PURO,2.564,7.46,-4.897,-65.64
2025-09-14,NO2,zbe,METEO-PURO,2.481,9.446,-6.966,-73.74
2025-09-15,NO2,zbe,METEO-PURO,3.542,8.019,-4.476,-55.82
2025-09-16,NO2,zbe,METEO-PURO,6.175,8.438,-2.264,-26.83
2025-09-17,NO2,zbe,METEO-PURO,7.286,9.32,-2.034,-21.82
2025-09-18,NO2,zbe,METEO-PURO,5.69,8.957,-3.268,-36.48
2025-09-19,NO2,zbe,METEO-PURO,2.33,8.193,-5.863,-71.56
2025-09-20,NO2,zbe,METEO-PURO,2.097,7.025,-4.928,-70.15
2025-09-21,NO2,zbe,METEO-PURO,2.062,8.257,-6.196,-75.03
2025-09-22,NO2,zbe,METEO-PURO,3.567,8.938,-5.371,-60.09
2025-09-23,NO2,zbe,METEO-PURO,4.427,8.134,-3.707,-45.57
2025-09-24,NO2,zbe,METEO-PURO,4.113,8.585,-4.471,-52.09
2025-09-25,NO2,zbe,METEO-PURO,4.341,8.374,-4.032,-48.16
2025-09-26,NO2,zbe,METEO-PURO,4.799,8.085,-3.286,-40.64
2025-09-27,NO2,zbe,METEO-PURO,7.501,6.765,0.735,10.87
2025-09-28,NO2,zbe,METEO-PURO,5.665,8.54,-2.874,-33.66
2025-09-29,NO2,zbe,METEO-PURO,4.534,8.783,-4.249,-48.38
2025-09-30,NO2,zbe,METEO-PURO,5.379,9.112,-3.733,-40.96
2025-10-01,NO2,zbe,METEO-PURO,6.38,8.074,-1.694,-20.98
2025-10-02,NO2,zbe,METEO-PURO,7.182,8.043,-0.861,-10.7
2025-10-03,NO2,zbe,METEO-PURO,4.277,5.827,-1.55,-26.6
2025-10-04,NO2,zbe,METEO-PURO,2.903,5.288,-2.385,-45.1
2025-10-05,NO2,zbe,METEO-PURO,3.97,5.989,-2.02,-33.72
2025-10-06,NO2,zbe,METEO-PURO,5.764,7.161,-1.397,-19.51
2025-10-07,NO2,zbe,METEO-PURO,5.373,6.786,-1.413,-20.82
2025-10-08,NO2,zbe,METEO-PURO,5.25,7.478,-2.228,-29.79
2025-10-09,NO2,zbe,METEO-PURO,4.471,6.347,-1.876,-29.56
2025-10-10,NO2,zbe,METEO-PURO,3.648,6.167,-2.519,-40.85
2025-10-11,NO2,zbe,METEO-PURO,4.754,5.919,-1.165,-19.68
2025-10-12,NO2,zbe,METEO-PURO,7.075,7.509,-0.434,-5.77
2025-10-13,NO2,zbe,METEO-PURO,4.638,7.399,-2.761,-37.32
2025-10-14,NO2,zbe,METEO-PURO,3.583,7.023,-3.44,-48.98
2025-10-15,NO2,zbe,METEO-PURO,3.631,7.319,-3.688,-50.39
2025-10-16,NO2,zbe,METEO-PURO,3.228,7.233,-4.005,-55.37
2025-10-17,NO2,zbe,METEO-PURO,5.406,6.22,-0.814,-13.09
2025-10-18,NO2,zbe,METEO-PURO,5.228,5.735,-0.507,-8.84
2025-10-19,NO2,zbe,METEO-PURO,2.556,5.497,-2.941,-53.51
2025-10-20,NO2,zbe,METEO-PURO,2.11,5.739,-3.629,-63.23
2025-10-21,NO2,zbe,METEO-PURO,0.9,7.467,-6.567,-87.95
2025-10-22,NO2,zbe,METEO-PURO,2.879,6.57,-3.691,-56.18
2025-10-23,NO2,zbe,METEO-PURO,4.313,7.639,-3.327,-43.55
2025-10-24,NO2,zbe,METEO-PURO,4.869,6.358,-1.489,-23.42
2025-10-25,NO2,zbe,METEO-PURO,3.6,5.161,-1.561,-30.25
2025-10-26,NO2,zbe,METEO-PURO,5.885,6.865,-0.98,-14.27
2025-10-27,NO2,zbe,METEO-PURO,10.815,7.426,3.389,45.64
2025-10-28,NO2,zbe,METEO-PURO,6.429,6.84,-0.411,-6.01
2025-10-29,NO2,zbe,METEO-PURO,3.794,7.097,-3.303,-46.54
2025-10-30,NO2,zbe,METEO-PURO,3.359,6.49,-3.131,-48.25
2025-10-31,NO2,zbe,METEO-PURO,4.053,5.687,-1.634,-28.73
2025-11-01,NO2,zbe,METEO-PURO,2.413,4.611,-2.199,-47.68
2025-11-02,NO2,zbe,METEO-PURO,5.52,6.467,-0.947,-14.64
2025-11-03,NO2,zbe,METEO-PURO,7.857,7.722,0.134,1.74
2025-11-04,NO2,zbe,METEO-PURO,4.962,7.712,-2.749,-35.65
2025-11-05,NO2,zbe,METEO-PURO,5.594,6.02,-0.427,-7.09
2025-11-06,NO2,zbe,METEO-PURO,4.311,5.952,-1.641,-27.57
2025-11-07,NO2,zbe,METEO-PURO,5.401,5.434,-0.033,-0.61
2025-11-08,NO2,zbe,METEO-PURO,3.224,4.782,-1.557,-32.57
2025-11-09,NO2,zbe,METEO-PURO,3.303,5.981,-2.679,-44.78
2025-11-10,NO2,zbe,METEO-PURO,4.462,6.539,-2.077,-31.77
2025-11-11,NO2,zbe,METEO-PURO,3.553,6.276,-2.723,-43.39
2025-11-12,NO2,zbe,METEO-PURO,4.255,6.224,-1.97,-31.65
2025-11-13,NO2,zbe,METEO-PURO,4.052,5.64,-1.588,-28.16
2025-11-14,NO2,zbe,METEO-PURO,4.02,5.845,-1.825,-31.22
2025-11-15,NO2,zbe,METEO-PURO,2.983,5.492,-2.509,-45.69
2025-11-16,NO2,zbe,METEO-PURO,7.781,6.145,1.637,26.64
2025-11-17,NO2,zbe,METEO-PURO,7.245,6.069,1.177,19.39
2025-11-18,NO2,zbe,METEO-PURO,9.471,6.475,2.996,46.27
2025-11-19,NO2,zbe,METEO-PURO,8.15,5.834,2.317,39.71
2025-11-20,NO2,zbe,METEO-PURO,11.102,6.2,4.902,79.07
2025-11-21,NO2,zbe,METEO-PURO,8.511,5.083,3.427,67.42
2025-11-22,NO2,zbe,METEO-PURO,5.41,7.081,-1.671,-23.6
2025-11-23,NO2,zbe,METEO-PURO,6.619,7.545,-0.927,-12.28
2025-11-24,NO2,zbe,METEO-PURO,10.072,8.099,1.972,24.35
2025-11-25,NO2,zbe,METEO-PURO,11.348,8.953,2.395,26.75
2025-11-26,NO2,zbe,METEO-PURO,13.36,9.479,3.881,40.94
2025-11-27,NO2,zbe,METEO-PURO,14.966,7.949,7.016,88.26
2025-11-28,NO2,zbe,METEO-PURO,9.234,7.165,2.068,28.87
2025-11-29,NO2,zbe,METEO-PURO,8.452,6.492,1.96,30.19
2025-11-30,NO2,zbe,METEO-PURO,12.573,9.058,3.515,38.81
2025-12-01,NO2,zbe,METEO-PURO,8.656,8.912,-0.256,-2.87
2025-12-02,NO2,zbe,METEO-PURO,11.795,8.7,3.095,35.58
2025-12-03,NO2,zbe,METEO-PURO,9.302,9.388,-0.086,-0.91
2025-12-04,NO2,zbe,METEO-PURO,8.632,7.737,0.895,11.56
2025-12-05,NO2,zbe,METEO-PURO,3.969,6.653,-2.685,-40.35
2025-12-06,NO2,zbe,METEO-PURO,4.043,6.658,-2.614,-39.27
2025-12-07,NO2,zbe,METEO-PURO,6.116,7.641,-1.525,-19.95
2025-12-08,NO2,zbe,METEO-PURO,9.9,8.021,1.879,23.43
2025-12-09,NO2,zbe,METEO-PURO,10.758,7.841,2.917,37.2
2025-12-10,NO2,zbe,METEO-PURO,7.684,7.829,-0.144,-1.84
2025-12-11,NO2,zbe,METEO-PURO,10.571,6.677,3.894,58.32
2025-12-12,NO2,zbe,METEO-PURO,11.039,6.118,4.921,80.43
2025-12-13,NO2,zbe,METEO-PURO,7.652,6.859,0.793,11.57
2025-12-14,NO2,zbe,METEO-PURO,10.594,8.241,2.353,28.55
2025-12-15,NO2,zbe,METEO-PURO,8.385,7.815,0.57,7.3
2025-12-16,NO2,zbe,METEO-PURO,9.907,7.757,2.15,27.71
2025-12-17,NO2,zbe,METEO-PURO,4.78,7.367,-2.587,-35.11
2025-12-18,NO2,zbe,METEO-PURO,8.545,7.415,1.131,15.25
2025-12-19,NO2,zbe,METEO-PURO,5.435,7.118,-1.683,-23.65
2025-12-20,NO2,zbe,METEO-PURO,4.906,6.374,-1.468,-23.03
2025-12-21,NO2,zbe,METEO-PURO,6.307,7.522,-1.216,-16.16
2025-12-22,NO2,zbe,METEO-PURO,8.496,7.58,0.915,12.07
2025-12-23,NO2,zbe,METEO-PURO,5.496,7.384,-1.888,-25.57
2025-12-24,NO2,zbe,METEO-PURO,5.13,7.821,-2.692,-34.42
2025-12-25,NO2,zbe,METEO-PURO,8.982,9.285,-0.303,-3.26
2025-12-26,NO2,zbe,METEO-PURO,9.673,6.798,2.875,42.29
2025-12-27,NO2,zbe,METEO-PURO,9.103,7.387,1.716,23.22
2025-12-28,NO2,zbe,METEO-PURO,10.688,7.714,2.974,38.55
2025-12-29,NO2,zbe,METEO-PURO,10.224,6.955,3.269,47.01
2025-12-30,NO2,zbe,METEO-PURO,5.241,6.441,-1.2,-18.63
2025-12-31,NO2,zbe,METEO-PURO,6.781,8.002,-1.222,-15.27
2026-01-01,NO2,zbe,METEO-PURO,9.509,7.497,2.012,26.84
2026-01-02,NO2,zbe,METEO-PURO,6.729,6.198,0.531,8.57
2026-01-03,NO2,zbe,METEO-PURO,5.027,7.095,-2.068,-29.15
2026-01-04,NO2,zbe,METEO-PURO,9.567,8.19,1.377,16.82
2026-01-05,NO2,zbe,METEO-PURO,10.201,7.792,2.409,30.91
2026-01-06,NO2,zbe,METEO-PURO,14.78,7.555,7.226,95.64
2026-01-07,NO2,zbe,METEO-PURO,4.181,7.385,-3.204,-43.38
2026-01-08,NO2,zbe,METEO-PURO,5.79,7.525,-1.735,-23.06
2026-01-09,NO2,zbe,METEO-PURO,6.35,8.285,-1.935,-23.35
2026-01-10,NO2,zbe,METEO-PURO,6.723,8.249,-1.526,-18.5
2026-01-11,NO2,zbe,METEO-PURO,6.198,6.992,-0.794,-11.36
2026-01-12,NO2,zbe,METEO-PURO,6.166,7.789,-1.623,-20.84
2026-01-13,NO2,zbe,METEO-PURO,4.3,7.483,-3.183,-42.54
2026-01-14,NO2,zbe,METEO-PURO,4.107,8.827,-4.719,-53.47
2026-01-15,NO2,zbe,METEO-PURO,6.226,7.405,-1.179,-15.93
2026-01-16,NO2,zbe,METEO-PURO,8.053,6.739,1.314,19.51
2026-01-17,NO2,zbe,METEO-PURO,6.035,8.383,-2.348,-28.01
2026-01-18,NO2,zbe,METEO-PURO,6.707,9.212,-2.506,-27.2
2026-01-19,NO2,zbe,METEO-PURO,6.251,9.966,-3.715,-37.27
2026-01-20,NO2,zbe,METEO-PURO,7.27,9.723,-2.452,-25.22
2026-01-21,NO2,zbe,METEO-PURO,4.551,8.338,-3.787,-45.42
2026-01-22,NO2,zbe,METEO-PURO,5.57,7.955,-2.385,-29.98
2026-01-23,NO2,zbe,METEO-PURO,5.598,7.477,-1.879,-25.13
2026-01-24,NO2,zbe,METEO-PURO,5.463,8.044,-2.58,-32.08
2026-01-25,NO2,zbe,METEO-PURO,12.646,9.16,3.486,38.05
2026-01-26,NO2,zbe,METEO-PURO,4.581,8.19,-3.609,-44.06
2026-01-27,NO2,zbe,METEO-PURO,8.232,8.117,0.115,1.42
2026-01-28,NO2,zbe,METEO-PURO,8.746,9.275,-0.528,-5.7
2026-01-29,NO2,zbe,METEO-PURO,6.684,7.235,-0.551,-7.62
2026-01-30,NO2,zbe,METEO-PURO,9.75,7.089,2.661,37.54
2026-01-31,NO2,zbe,METEO-PURO,8.113,8.1,0.013,0.16
2026-02-01,NO2,zbe,METEO-PURO,5.818,8.278,-2.46,-29.72
2026-02-02,NO2,zbe,METEO-PURO,6.32,7.64,-1.32,-17.28
2026-02-03,NO2,zbe,METEO-PURO,6.646,8.807,-2.161,-24.54
2026-02-04,NO2,zbe,METEO-PURO,6.352,8.437,-2.085,-24.71
2026-02-05,NO2,zbe,METEO-PURO,5.348,7.912,-2.565,-32.41
2026-02-06,NO2,zbe,METEO-PURO,6.361,7.274,-0.913,-12.55
2026-02-07,NO2,zbe,METEO-PURO,7.127,7.427,-0.3,-4.04
2026-02-08,NO2,zbe,METEO-PURO,8.704,8.438,0.266,3.15
2026-02-09,NO2,zbe,METEO-PURO,2.864,7.775,-4.911,-63.17
2026-02-10,NO2,zbe,METEO-PURO,3.136,8.156,-5.02,-61.55
2026-02-11,NO2,zbe,METEO-PURO,5.175,7.97,-2.795,-35.07
2026-02-12,NO2,zbe,METEO-PURO,6.931,7.845,-0.914,-11.65
2026-02-13,NO2,zbe,METEO-PURO,4.263,7.122,-2.859,-40.14
2026-02-14,NO2,zbe,METEO-PURO,4.423,9.466,-5.043,-53.27
2026-02-15,NO2,zbe,METEO-PURO,5.347,8.07,-2.723,-33.75
2026-02-16,NO2,zbe,METEO-PURO,8.175,8.822,-0.647,-7.33
2026-02-17,NO2,zbe,METEO-PURO,3.427,8.933,-5.506,-61.64
2026-02-18,NO2,zbe,METEO-PURO,6.274,7.583,-1.309,-17.27
2026-02-19,NO2,zbe,METEO-PURO,7.96,10.4,-2.44,-23.46
2026-02-20,NO2,zbe,METEO-PURO,9.384,7.568,1.816,23.99
2026-02-21,NO2,zbe,METEO-PURO,7.722,7.723,-0.001,-0.01
2026-02-22,NO2,zbe,METEO-PURO,11.536,8.648,2.888,33.39
2026-02-23,NO2,zbe,METEO-PURO,11.501,8.987,2.514,27.98
2026-02-24,NO2,zbe,METEO-PURO,8.718,7.392,1.326,17.94
2026-02-25,NO2,zbe,METEO-PURO,6.852,7.511,-0.659,-8.77
2026-02-26,NO2,zbe,METEO-PURO,7.992,7.236,0.756,10.45
2026-02-27,NO2,zbe,METEO-PURO,3.45,7.347,-3.897,-53.04
2026-02-28,NO2,zbe,METEO-PURO,2.704,7.886,-5.182,-65.72
2026-03-01,NO2,zbe,METEO-PURO,5.145,8.363,-3.218,-38.48
2026-03-02,NO2,zbe,METEO-PURO,4.661,8.119,-3.458,-42.59
2026-03-03,NO2,zbe,METEO-PURO,7.305,8.109,-0.804,-9.91
2026-03-04,NO2,zbe,METEO-PURO,4.736,7.894,-3.158,-40.0
2026-03-05,NO2,zbe,METEO-PURO,4.852,7.454,-2.602,-34.91
2026-03-06,NO2,zbe,METEO-PURO,3.946,8.246,-4.3,-52.14
2026-03-07,NO2,zbe,METEO-PURO,4.848,7.501,-2.653,-35.37
2026-03-08,NO2,zbe,METEO-PURO,6.436,8.654,-2.218,-25.63
2026-03-09,NO2,zbe,METEO-PURO,4.196,8.535,-4.339,-50.84
2026-03-10,NO2,zbe,METEO-PURO,5.953,9.794,-3.841,-39.22
2026-03-11,NO2,zbe,METEO-PURO,3.836,8.832,-4.996,-56.56
2026-03-12,NO2,zbe,METEO-PURO,5.38,7.545,-2.165,-28.7
2026-03-13,NO2,zbe,METEO-PURO,5.829,6.04,-0.211,-3.49
2026-03-14,NO2,zbe,METEO-PURO,5.169,7.874,-2.705,-34.35
2026-03-15,NO2,zbe,METEO-PURO,6.639,9.893,-3.254,-32.89
2026-03-16,NO2,zbe,METEO-PURO,8.225,9.713,-1.489,-15.33
2026-03-17,NO2,zbe,METEO-PURO,11.756,7.865,3.891,49.47
2026-03-18,NO2,zbe,METEO-PURO,5.033,7.777,-2.745,-35.29
2026-03-19,NO2,zbe,METEO-PURO,5.792,7.298,-1.506,-20.63
2026-03-20,NO2,zbe,METEO-PURO,6.827,6.411,0.415,6.48
2026-03-21,NO2,zbe,METEO-PURO,6.242,8.258,-2.016,-24.41
2026-03-22,NO2,zbe,METEO-PURO,7.672,9.744,-2.072,-21.27
2026-03-23,NO2,zbe,METEO-PURO,9.146,9.145,0.001,0.01
2026-03-24,NO2,zbe,METEO-PURO,8.264,9.148,-0.884,-9.66
2026-03-25,NO2,zbe,METEO-PURO,6.759,9.925,-3.166,-31.9
2026-03-26,NO2,zbe,METEO-PURO,8.651,10.214,-1.563,-15.3
2026-03-27,NO2,zbe,METEO-PURO,8.034,9.294,-1.26,-13.56
2026-03-28,NO2,zbe,METEO-PURO,6.665,8.203,-1.539,-18.76
2026-03-29,NO2,zbe,METEO-PURO,10.162,10.962,-0.8,-7.3
2026-03-30,NO2,zbe,METEO-PURO,8.479,9.609,-1.13,-11.76
2026-03-31,NO2,zbe,METEO-PURO,6.386,8.881,-2.494,-28.09
2026-04-01,NO2,zbe,METEO-PURO,6.295,8.691,-2.396,-27.57
2026-04-02,NO2,zbe,METEO-PURO,6.721,9.078,-2.356,-25.96
2026-04-03,NO2,zbe,METEO-PURO,6.579,8.23,-1.65,-20.05
2026-04-04,NO2,zbe,METEO-PURO,5.175,6.954,-1.779,-25.59
2026-04-05,NO2,zbe,METEO-PURO,2.183,9.343,-7.16,-76.64
2026-04-06,NO2,zbe,METEO-PURO,5.868,7.68,-1.811,-23.59
2026-04-07,NO2,zbe,METEO-PURO,4.259,7.054,-2.795,-39.62
2026-04-08,NO2,zbe,METEO-PURO,5.073,8.259,-3.186,-38.58
2026-04-09,NO2,zbe,METEO-PURO,5.169,7.919,-2.749,-34.72
2026-04-10,NO2,zbe,METEO-PURO,3.734,4.225,-0.492,-11.64
2026-04-11,NO2,zbe,METEO-PURO,2.059,3.364,-1.305,-38.79
2026-04-12,NO2,zbe,METEO-PURO,4.531,4.217,0.314,7.44
2026-04-13,NO2,zbe,METEO-PURO,5.911,6.386,-0.476,-7.45
2026-04-14,NO2,zbe,METEO-PURO,2.689,5.585,-2.896,-51.85
2026-04-15,NO2,zbe,METEO-PURO,2.775,4.327,-1.552,-35.86
2026-04-16,NO2,zbe,METEO-PURO,1.914,5.124,-3.21,-62.65
2026-04-17,NO2,zbe,METEO-PURO,1.646,3.655,-2.008,-54.95
2026-04-18,NO2,zbe,METEO-PURO,1.651,3.769,-2.118,-56.2
2026-04-19,NO2,zbe,METEO-PURO,3.431,3.77,-0.339,-8.99
2026-04-20,NO2,zbe,METEO-PURO,3.465,5.988,-2.523,-42.14
2026-04-21,NO2,zbe,METEO-PURO,3.002,4.783,-1.781,-37.24
2026-04-22,NO2,zbe,METEO-PURO,4.125,4.478,-0.353,-7.89
2026-04-23,NO2,zbe,METEO-PURO,3.379,5.142,-1.763,-34.29
2026-04-24,NO2,zbe,METEO-PURO,2.051,3.604,-1.553,-43.08
2026-04-25,NO2,zbe,METEO-PURO,2.242,3.982,-1.74,-43.69
2026-04-26,NO2,zbe,METEO-PURO,4.231,4.744,-0.513,-10.81
2026-04-27,NO2,zbe,METEO-PURO,2.613,4.416,-1.803,-40.82
2026-04-28,NO2,zbe,METEO-PURO,7.069,4.394,2.675,60.88
2026-04-29,NO2,zbe,METEO-PURO,6.368,3.533,2.835,80.25
2026-04-30,NO2,zbe,METEO-PURO,4.281,4.856,-0.574,-11.83
2026-05-01,NO2,zbe,METEO-PURO,6.129,3.21,2.92,90.96
2026-05-02,NO2,zbe,METEO-PURO,6.012,3.191,2.82,88.37
2026-05-03,NO2,zbe,METEO-PURO,7.721,4.266,3.456,81.01
2026-05-04,NO2,zbe,METEO-PURO,8.528,4.821,3.707,76.88
2026-05-05,NO2,zbe,METEO-PURO,7.611,5.482,2.129,38.83
2026-05-06,NO2,zbe,METEO-PURO,6.223,5.541,0.682,12.3
2026-05-07,NO2,zbe,METEO-PURO,9.288,5.793,3.495,60.34
2026-05-08,NO2,zbe,METEO-PURO,6.622,3.567,3.054,85.62
2026-05-09,NO2,zbe,METEO-PURO,5.262,3.739,1.523,40.74
2026-05-10,NO2,zbe,METEO-PURO,6.461,5.116,1.345,26.28
2026-05-11,NO2,zbe,METEO-PURO,7.184,5.617,1.567,27.9
2026-05-12,NO2,zbe,METEO-PURO,7.474,6.119,1.355,22.15
2026-05-13,NO2,zbe,METEO-PURO,8.47,6.345,2.125,33.48
2026-05-14,NO2,zbe,METEO-PURO,9.544,6.387,3.157,49.42
2026-05-15,NO2,zbe,METEO-PURO,8.099,5.147,2.952,57.36
2026-05-16,NO2,zbe,METEO-PURO,5.375,3.676,1.699,46.23
2026-05-17,NO2,zbe,METEO-PURO,8.499,6.546,1.953,29.83
2026-05-18,NO2,zbe,METEO-PURO,4.001,6.227,-2.226,-35.75
2026-05-19,NO2,zbe,METEO-PURO,4.692,5.621,-0.929,-16.53
2026-05-20,NO2,zbe,METEO-PURO,4.205,6.499,-2.294,-35.3
2026-05-21,NO2,zbe,METEO-PURO,5.31,6.159,-0.849,-13.79
2026-05-22,NO2,zbe,METEO-PURO,4.238,4.611,-0.373,-8.09
2026-05-23,NO2,zbe,METEO-PURO,2.427,4.064,-1.637,-40.28
2026-05-24,NO2,zbe,METEO-PURO,4.405,6.028,-1.623,-26.93
2026-05-25,NO2,zbe,METEO-PURO,7.105,4.648,2.457,52.87
2026-05-26,NO2,zbe,METEO-PURO,2.266,4.612,-2.347,-50.88
2026-05-27,NO2,zbe,METEO-PURO,4.276,4.802,-0.526,-10.95
2026-05-28,NO2,zbe,METEO-PURO,2.69,4.302,-1.612,-37.48
2026-05-29,NO2,zbe,METEO-PURO,1.524,3.004,-1.48,-49.27
2026-05-30,NO2,zbe,METEO-PURO,1.417,2.627,-1.21,-46.07
2026-05-31,NO2,zbe,METEO-PURO,2.006,4.054,-2.048,-50.51
2026-06-01,NO2,zbe,METEO-PURO,2.449,4.302,-1.853,-43.08
2026-06-02,NO2,zbe,METEO-PURO,1.679,3.291,-1.612,-48.98
2026-06-03,NO2,zbe,METEO-PURO,3.093,4.211,-1.118,-26.55
2026-06-04,NO2,zbe,METEO-PURO,3.828,3.177,0.651,20.49
2026-06-05,NO2,zbe,METEO-PURO,2.861,3.001,-0.139,-4.64
2026-06-06,NO2,zbe,METEO-PURO,2.173,2.811,-0.638,-22.69
2026-06-07,NO2,zbe,METEO-PURO,3.176,4.029,-0.853,-21.18
2026-06-08,NO2,zbe,METEO-PURO,4.017,3.32,0.697,20.98
2026-06-09,NO2,zbe,METEO-PURO,4.831,3.195,1.636,51.22
2026-06-10,NO2,zbe,METEO-PURO,4.418,3.612,0.806,22.31
2026-06-11,NO2,zbe,METEO-PURO,4.775,3.952,0.823,20.82
2026-06-12,NO2,zbe,METEO-PURO,5.388,3.2,2.188,68.38
2026-06-13,NO2,zbe,METEO-PURO,3.939,3.754,0.186,4.95
2026-06-14,NO2,zbe,METEO-PURO,6.945,4.534,2.411,53.17
2026-06-15,NO2,zbe,METEO-PURO,5.117,4.414,0.703,15.91
2026-06-16,NO2,zbe,METEO-PURO,5.282,4.574,0.708,15.47
2026-06-17,NO2,zbe,METEO-PURO,3.578,4.373,-0.796,-18.19
2026-06-18,NO2,zbe,METEO-PURO,5.182,3.825,1.357,35.48
2026-06-19,NO2,zbe,METEO-PURO,5.596,3.042,2.554,83.97
2026-06-20,NO2,zbe,METEO-PURO,3.977,2.882,1.095,37.99
2026-06-21,NO2,zbe,METEO-PURO,3.017,4.256,-1.239,-29.11
2026-06-22,NO2,zbe,METEO-PURO,3.552,4.05,-0.498,-12.3
2026-06-23,NO2,zbe,METEO-PURO,3.531,4.629,-1.097,-23.7
2026-06-24,NO2,zbe,METEO-PURO,2.479,4.709,-2.23,-47.35
2026-06-25,NO2,zbe,METEO-PURO,3.417,3.873,-0.456,-11.76
2026-06-26,NO2,zbe,METEO-PURO,3.451,3.971,-0.52,-13.1
2026-06-27,NO2,zbe,METEO-PURO,3.804,4.269,-0.465,-10.9
2026-06-28,NO2,zbe,METEO-PURO,5.233,3.325,1.909,57.41
2026-06-29,NO2,zbe,METEO-PURO,5.465,3.771,1.694,44.92
2026-06-30,NO2,zbe,METEO-PURO,5.136,3.955,1.181,29.86
2026-07-01,NO2,zbe,METEO-PURO,5.598,4.753,0.846,17.79
2026-07-02,NO2,zbe,METEO-PURO,4.306,4.122,0.184,4.46
2026-07-03,NO2,zbe,METEO-PURO,3.781,3.509,0.273,7.77
2026-07-04,NO2,zbe,METEO-PURO,6.529,3.61,2.919,80.86
2026-07-05,NO2,zbe,METEO-PURO,8.479,4.703,3.776,80.3
2026-07-06,NO2,zbe,METEO-PURO,7.049,4.827,2.222,46.03
2026-07-07,NO2,zbe,METEO-PURO,6.24,4.263,1.976,46.36
2026-07-08,NO2,zbe,METEO-PURO,6.058,4.504,1.554,34.5
2026-07-09,NO2,zbe,METEO-PURO,6.958,4.093,2.866,70.02
2026-07-10,NO2,zbe,METEO-PURO,4.743,2.971,1.772,59.64
2026-07-11,NO2,zbe,METEO-PURO,2.981,4.329,-1.348,-31.14
2026-07-12,NO2,zbe,METEO-PURO,5.082,4.31,0.772,17.92
2026-07-13,NO2,zbe,METEO-PURO,5.651,3.958,1.693,42.78
2026-07-14,NO2,zbe,METEO-PURO,7.354,4.232,3.122,73.79
2026-07-15,NO2,zbe,METEO-PURO,9.33,3.985,5.344,134.09
2026-07-16,NO2,zbe,METEO-PURO,8.94,4.047,4.893,120.89
2026-07-17,NO2,zbe,METEO-PURO,7.93,3.933,3.997,101.62
2026-07-18,NO2,zbe,METEO-PURO,8.049,3.352,4.697,140.14
2026-07-19,NO2,zbe,METEO-PURO,11.658,4.384,7.274,165.92
2026-07-20,NO2,zbe,METEO-PURO,9.746,4.012,5.734,142.93
2026-07-21,NO2,zbe,METEO-PURO,10.433,4.283,6.15,143.57
2026-07-22,NO2,zbe,METEO-PURO,9.824,3.882,5.942,153.04
2026-07-23,NO2,zbe,METEO-PURO,10.29,3.727,6.564,176.13
2026-07-24,NO2,zbe,METEO-PURO,8.22,3.918,4.302,109.79
2026-07-25,NO2,zbe,METEO-PURO,6.72,3.158,3.563,112.82
2026-07-26,NO2,zbe,METEO-PURO,6.441,4.212,2.229,52.92
2026-07-27,NO2,zbe,METEO-PURO,6.364,3.477,2.886,83.0
2026-07-28,NO2,zbe,METEO-PURO,8.669,4.207,4.462,106.07
2025-09-01,NO2,zbe,CON-LAGS,1.387,5.537,-4.149,-74.94
2025-09-02,NO2,zbe,CON-LAGS,2.306,5.597,-3.291,-58.79
2025-09-03,NO2,zbe,CON-LAGS,2.025,5.851,-3.826,-65.4
2025-09-04,NO2,zbe,CON-LAGS,3.095,5.651,-2.556,-45.23
2025-09-05,NO2,zbe,CON-LAGS,3.253,4.937,-1.684,-34.12
2025-09-06,NO2,zbe,CON-LAGS,2.024,5.032,-3.008,-59.78
2025-09-07,NO2,zbe,CON-LAGS,2.747,4.721,-1.974,-41.81
2025-09-08,NO2,zbe,CON-LAGS,2.343,4.452,-2.109,-47.38
2025-09-09,NO2,zbe,CON-LAGS,2.261,4.931,-2.67,-54.15
2025-09-10,NO2,zbe,CON-LAGS,1.995,5.347,-3.352,-62.69
2025-09-11,NO2,zbe,CON-LAGS,3.342,5.701,-2.359,-41.37
2025-09-12,NO2,zbe,CON-LAGS,1.283,5.062,-3.779,-74.66
2025-09-13,NO2,zbe,CON-LAGS,2.564,5.087,-2.524,-49.61
2025-09-14,NO2,zbe,CON-LAGS,2.481,5.943,-3.462,-58.26
2025-09-15,NO2,zbe,CON-LAGS,3.542,5.85,-2.308,-39.45
2025-09-16,NO2,zbe,CON-LAGS,6.175,5.956,0.219,3.67
2025-09-17,NO2,zbe,CON-LAGS,7.286,6.577,0.71,10.79
2025-09-18,NO2,zbe,CON-LAGS,5.69,6.951,-1.261,-18.14
2025-09-19,NO2,zbe,CON-LAGS,2.33,5.558,-3.229,-58.08
2025-09-20,NO2,zbe,CON-LAGS,2.097,5.347,-3.25,-60.78
2025-09-21,NO2,zbe,CON-LAGS,2.062,4.549,-2.487,-54.68
2025-09-22,NO2,zbe,CON-LAGS,3.567,5.285,-1.718,-32.51
2025-09-23,NO2,zbe,CON-LAGS,4.427,5.997,-1.57,-26.17
2025-09-24,NO2,zbe,CON-LAGS,4.113,6.201,-2.088,-33.67
2025-09-25,NO2,zbe,CON-LAGS,4.341,6.95,-2.609,-37.54
2025-09-26,NO2,zbe,CON-LAGS,4.799,5.557,-0.757,-13.63
2025-09-27,NO2,zbe,CON-LAGS,7.501,5.876,1.625,27.65
2025-09-28,NO2,zbe,CON-LAGS,5.665,6.166,-0.501,-8.13
2025-09-29,NO2,zbe,CON-LAGS,4.534,6.36,-1.826,-28.71
2025-09-30,NO2,zbe,CON-LAGS,5.379,6.492,-1.113,-17.14
2025-10-01,NO2,zbe,CON-LAGS,6.38,5.23,1.15,21.99
2025-10-02,NO2,zbe,CON-LAGS,7.182,4.446,2.737,61.56
2025-10-03,NO2,zbe,CON-LAGS,4.277,3.772,0.505,13.39
2025-10-04,NO2,zbe,CON-LAGS,2.903,4.497,-1.593,-35.44
2025-10-05,NO2,zbe,CON-LAGS,3.97,5.468,-1.498,-27.4
2025-10-06,NO2,zbe,CON-LAGS,5.764,5.513,0.251,4.55
2025-10-07,NO2,zbe,CON-LAGS,5.373,5.474,-0.101,-1.84
2025-10-08,NO2,zbe,CON-LAGS,5.25,6.018,-0.767,-12.75
2025-10-09,NO2,zbe,CON-LAGS,4.471,6.549,-2.079,-31.74
2025-10-10,NO2,zbe,CON-LAGS,3.648,4.494,-0.846,-18.82
2025-10-11,NO2,zbe,CON-LAGS,4.754,4.023,0.731,18.17
2025-10-12,NO2,zbe,CON-LAGS,7.075,4.101,2.974,72.53
2025-10-13,NO2,zbe,CON-LAGS,4.638,4.945,-0.307,-6.22
2025-10-14,NO2,zbe,CON-LAGS,3.583,5.133,-1.55,-30.2
2025-10-15,NO2,zbe,CON-LAGS,3.631,5.639,-2.008,-35.61
2025-10-16,NO2,zbe,CON-LAGS,3.228,5.43,-2.202,-40.55
2025-10-17,NO2,zbe,CON-LAGS,5.406,4.079,1.327,32.53
2025-10-18,NO2,zbe,CON-LAGS,5.228,3.762,1.466,38.96
2025-10-19,NO2,zbe,CON-LAGS,2.556,4.062,-1.506,-37.08
2025-10-20,NO2,zbe,CON-LAGS,2.11,4.685,-2.575,-54.96
2025-10-21,NO2,zbe,CON-LAGS,0.9,4.883,-3.983,-81.57
2025-10-22,NO2,zbe,CON-LAGS,2.879,5.152,-2.273,-44.12
2025-10-23,NO2,zbe,CON-LAGS,4.313,4.931,-0.619,-12.54
2025-10-24,NO2,zbe,CON-LAGS,4.869,4.33,0.539,12.44
2025-10-25,NO2,zbe,CON-LAGS,3.6,3.847,-0.247,-6.43
2025-10-26,NO2,zbe,CON-LAGS,5.885,3.727,2.158,57.9
2025-10-27,NO2,zbe,CON-LAGS,10.815,4.153,6.662,160.4
2025-10-28,NO2,zbe,CON-LAGS,6.429,4.826,1.603,33.21
2025-10-29,NO2,zbe,CON-LAGS,3.794,5.525,-1.731,-31.33
2025-10-30,NO2,zbe,CON-LAGS,3.359,4.978,-1.619,-32.52
2025-10-31,NO2,zbe,CON-LAGS,4.053,5.101,-1.048,-20.54
2025-11-01,NO2,zbe,CON-LAGS,2.413,3.802,-1.389,-36.54
2025-11-02,NO2,zbe,CON-LAGS,5.52,4.469,1.051,23.52
2025-11-03,NO2,zbe,CON-LAGS,7.857,5.625,2.232,39.67
2025-11-04,NO2,zbe,CON-LAGS,4.962,6.709,-1.747,-26.04
2025-11-05,NO2,zbe,CON-LAGS,5.594,6.499,-0.906,-13.93
2025-11-06,NO2,zbe,CON-LAGS,4.311,6.286,-1.975,-31.42
2025-11-07,NO2,zbe,CON-LAGS,5.401,4.983,0.417,8.38
2025-11-08,NO2,zbe,CON-LAGS,3.224,4.038,-0.813,-20.15
2025-11-09,NO2,zbe,CON-LAGS,3.303,5.258,-1.955,-37.19
2025-11-10,NO2,zbe,CON-LAGS,4.462,6.186,-1.724,-27.87
2025-11-11,NO2,zbe,CON-LAGS,3.553,6.555,-3.002,-45.79
2025-11-12,NO2,zbe,CON-LAGS,4.255,6.57,-2.316,-35.25
2025-11-13,NO2,zbe,CON-LAGS,4.052,6.351,-2.3,-36.21
2025-11-14,NO2,zbe,CON-LAGS,4.02,5.661,-1.641,-28.98
2025-11-15,NO2,zbe,CON-LAGS,2.983,5.032,-2.05,-40.73
2025-11-16,NO2,zbe,CON-LAGS,7.781,4.975,2.807,56.43
2025-11-17,NO2,zbe,CON-LAGS,7.245,5.62,1.625,28.91
2025-11-18,NO2,zbe,CON-LAGS,9.471,5.998,3.473,57.89
2025-11-19,NO2,zbe,CON-LAGS,8.15,6.556,1.595,24.33
2025-11-20,NO2,zbe,CON-LAGS,11.102,7.99,3.112,38.95
2025-11-21,NO2,zbe,CON-LAGS,8.511,6.77,1.74,25.71
2025-11-22,NO2,zbe,CON-LAGS,5.41,7.15,-1.741,-24.34
2025-11-23,NO2,zbe,CON-LAGS,6.619,8.544,-1.925,-22.53
2025-11-24,NO2,zbe,CON-LAGS,10.072,8.611,1.461,16.97
2025-11-25,NO2,zbe,CON-LAGS,11.348,9.434,1.914,20.29
2025-11-26,NO2,zbe,CON-LAGS,13.36,9.334,4.026,43.13
2025-11-27,NO2,zbe,CON-LAGS,14.966,9.622,5.344,55.54
2025-11-28,NO2,zbe,CON-LAGS,9.234,8.107,1.127,13.9
2025-11-29,NO2,zbe,CON-LAGS,8.452,6.432,2.02,31.4
2025-11-30,NO2,zbe,CON-LAGS,12.573,8.695,3.878,44.6
2025-12-01,NO2,zbe,CON-LAGS,8.656,8.962,-0.306,-3.42
2025-12-02,NO2,zbe,CON-LAGS,11.795,8.062,3.733,46.31
2025-12-03,NO2,zbe,CON-LAGS,9.302,8.991,0.311,3.46
2025-12-04,NO2,zbe,CON-LAGS,8.632,7.359,1.273,17.31
2025-12-05,NO2,zbe,CON-LAGS,3.969,6.794,-2.825,-41.58
2025-12-06,NO2,zbe,CON-LAGS,4.043,6.19,-2.146,-34.68
2025-12-07,NO2,zbe,CON-LAGS,6.116,8.629,-2.512,-29.11
2025-12-08,NO2,zbe,CON-LAGS,9.9,7.821,2.079,26.59
2025-12-09,NO2,zbe,CON-LAGS,10.758,7.609,3.149,41.38
2025-12-10,NO2,zbe,CON-LAGS,7.684,7.967,-0.283,-3.55
2025-12-11,NO2,zbe,CON-LAGS,10.571,7.374,3.198,43.37
2025-12-12,NO2,zbe,CON-LAGS,11.039,6.201,4.838,78.02
2025-12-13,NO2,zbe,CON-LAGS,7.652,8.111,-0.458,-5.65
2025-12-14,NO2,zbe,CON-LAGS,10.594,8.312,2.282,27.45
2025-12-15,NO2,zbe,CON-LAGS,8.385,7.184,1.201,16.72
2025-12-16,NO2,zbe,CON-LAGS,9.907,7.227,2.68,37.09
2025-12-17,NO2,zbe,CON-LAGS,4.78,7.432,-2.652,-35.69
2025-12-18,NO2,zbe,CON-LAGS,8.545,6.514,2.031,31.18
2025-12-19,NO2,zbe,CON-LAGS,5.435,6.766,-1.331,-19.68
2025-12-20,NO2,zbe,CON-LAGS,4.906,6.041,-1.134,-18.78
2025-12-21,NO2,zbe,CON-LAGS,6.307,7.923,-1.616,-20.4
2025-12-22,NO2,zbe,CON-LAGS,8.496,8.794,-0.299,-3.4
2025-12-23,NO2,zbe,CON-LAGS,5.496,6.314,-0.819,-12.97
2025-12-24,NO2,zbe,CON-LAGS,5.13,8.339,-3.209,-38.49
2025-12-25,NO2,zbe,CON-LAGS,8.982,8.791,0.191,2.17
2025-12-26,NO2,zbe,CON-LAGS,9.673,7.595,2.078,27.36
2025-12-27,NO2,zbe,CON-LAGS,9.103,6.99,2.113,30.22
2025-12-28,NO2,zbe,CON-LAGS,10.688,7.814,2.873,36.77
2025-12-29,NO2,zbe,CON-LAGS,10.224,9.521,0.703,7.38
2025-12-30,NO2,zbe,CON-LAGS,5.241,7.961,-2.721,-34.17
2025-12-31,NO2,zbe,CON-LAGS,6.781,9.508,-2.727,-28.68
2026-01-01,NO2,zbe,CON-LAGS,9.509,8.993,0.516,5.74
2026-01-02,NO2,zbe,CON-LAGS,6.729,7.702,-0.973,-12.64
2026-01-03,NO2,zbe,CON-LAGS,5.027,7.706,-2.679,-34.77
2026-01-04,NO2,zbe,CON-LAGS,9.567,8.971,0.596,6.64
2026-01-05,NO2,zbe,CON-LAGS,10.201,8.703,1.498,17.21
2026-01-06,NO2,zbe,CON-LAGS,14.78,8.105,6.676,82.37
2026-01-07,NO2,zbe,CON-LAGS,4.181,8.97,-4.789,-53.39
2026-01-08,NO2,zbe,CON-LAGS,5.79,9.347,-3.558,-38.06
2026-01-09,NO2,zbe,CON-LAGS,6.35,7.936,-1.587,-19.99
2026-01-10,NO2,zbe,CON-LAGS,6.723,8.777,-2.054,-23.4
2026-01-11,NO2,zbe,CON-LAGS,6.198,6.716,-0.518,-7.72
2026-01-12,NO2,zbe,CON-LAGS,6.166,8.47,-2.304,-27.2
2026-01-13,NO2,zbe,CON-LAGS,4.3,7.67,-3.369,-43.93
2026-01-14,NO2,zbe,CON-LAGS,4.107,8.228,-4.121,-50.08
2026-01-15,NO2,zbe,CON-LAGS,6.226,6.169,0.057,0.93
2026-01-16,NO2,zbe,CON-LAGS,8.053,5.101,2.951,57.86
2026-01-17,NO2,zbe,CON-LAGS,6.035,6.731,-0.697,-10.35
2026-01-18,NO2,zbe,CON-LAGS,6.707,7.841,-1.134,-14.47
2026-01-19,NO2,zbe,CON-LAGS,6.251,8.188,-1.936,-23.65
2026-01-20,NO2,zbe,CON-LAGS,7.27,7.852,-0.582,-7.41
2026-01-21,NO2,zbe,CON-LAGS,4.551,7.78,-3.229,-41.5
2026-01-22,NO2,zbe,CON-LAGS,5.57,8.438,-2.868,-33.99
2026-01-23,NO2,zbe,CON-LAGS,5.598,7.315,-1.717,-23.47
2026-01-24,NO2,zbe,CON-LAGS,5.463,6.579,-1.116,-16.96
2026-01-25,NO2,zbe,CON-LAGS,12.646,7.194,5.452,75.79
2026-01-26,NO2,zbe,CON-LAGS,4.581,7.435,-2.854,-38.38
2026-01-27,NO2,zbe,CON-LAGS,8.232,8.179,0.053,0.64
2026-01-28,NO2,zbe,CON-LAGS,8.746,8.949,-0.203,-2.27
2026-01-29,NO2,zbe,CON-LAGS,6.684,8.198,-1.514,-18.46
2026-01-30,NO2,zbe,CON-LAGS,9.75,7.19,2.56,35.61
2026-01-31,NO2,zbe,CON-LAGS,8.113,7.987,0.126,1.58
2026-02-01,NO2,zbe,CON-LAGS,5.818,8.513,-2.695,-31.65
2026-02-02,NO2,zbe,CON-LAGS,6.32,8.596,-2.276,-26.48
2026-02-03,NO2,zbe,CON-LAGS,6.646,8.558,-1.912,-22.35
2026-02-04,NO2,zbe,CON-LAGS,6.352,8.228,-1.875,-22.79
2026-02-05,NO2,zbe,CON-LAGS,5.348,8.184,-2.836,-34.66
2026-02-06,NO2,zbe,CON-LAGS,6.361,7.322,-0.962,-13.13
2026-02-07,NO2,zbe,CON-LAGS,7.127,7.051,0.076,1.08
2026-02-08,NO2,zbe,CON-LAGS,8.704,9.477,-0.773,-8.16
2026-02-09,NO2,zbe,CON-LAGS,2.864,8.539,-5.675,-66.46
2026-02-10,NO2,zbe,CON-LAGS,3.136,8.628,-5.492,-63.65
2026-02-11,NO2,zbe,CON-LAGS,5.175,8.042,-2.866,-35.64
2026-02-12,NO2,zbe,CON-LAGS,6.931,6.77,0.16,2.37
2026-02-13,NO2,zbe,CON-LAGS,4.263,5.416,-1.153,-21.29
2026-02-14,NO2,zbe,CON-LAGS,4.423,6.894,-2.471,-35.84
2026-02-15,NO2,zbe,CON-LAGS,5.347,6.636,-1.29,-19.43
2026-02-16,NO2,zbe,CON-LAGS,8.175,7.811,0.365,4.67
2026-02-17,NO2,zbe,CON-LAGS,3.427,7.22,-3.794,-52.54
2026-02-18,NO2,zbe,CON-LAGS,6.274,6.755,-0.481,-7.12
2026-02-19,NO2,zbe,CON-LAGS,7.96,7.645,0.315,4.12
2026-02-20,NO2,zbe,CON-LAGS,9.384,7.228,2.155,29.82
2026-02-21,NO2,zbe,CON-LAGS,7.722,6.481,1.241,19.14
2026-02-22,NO2,zbe,CON-LAGS,11.536,8.013,3.523,43.97
2026-02-23,NO2,zbe,CON-LAGS,11.501,8.408,3.093,36.78
2026-02-24,NO2,zbe,CON-LAGS,8.718,7.683,1.035,13.47
2026-02-25,NO2,zbe,CON-LAGS,6.852,7.695,-0.843,-10.96
2026-02-26,NO2,zbe,CON-LAGS,7.992,7.287,0.705,9.67
2026-02-27,NO2,zbe,CON-LAGS,3.45,6.916,-3.465,-50.11
2026-02-28,NO2,zbe,CON-LAGS,2.704,7.183,-4.48,-62.36
2026-03-01,NO2,zbe,CON-LAGS,5.145,7.678,-2.533,-32.99
2026-03-02,NO2,zbe,CON-LAGS,4.661,7.156,-2.495,-34.87
2026-03-03,NO2,zbe,CON-LAGS,7.305,6.488,0.818,12.6
2026-03-04,NO2,zbe,CON-LAGS,4.736,6.305,-1.569,-24.88
2026-03-05,NO2,zbe,CON-LAGS,4.852,6.655,-1.803,-27.1
2026-03-06,NO2,zbe,CON-LAGS,3.946,5.975,-2.028,-33.95
2026-03-07,NO2,zbe,CON-LAGS,4.848,5.211,-0.363,-6.97
2026-03-08,NO2,zbe,CON-LAGS,6.436,6.262,0.174,2.79
2026-03-09,NO2,zbe,CON-LAGS,4.196,6.498,-2.302,-35.43
2026-03-10,NO2,zbe,CON-LAGS,5.953,7.078,-1.125,-15.9
2026-03-11,NO2,zbe,CON-LAGS,3.836,7.399,-3.563,-48.15
2026-03-12,NO2,zbe,CON-LAGS,5.38,6.093,-0.714,-11.71
2026-03-13,NO2,zbe,CON-LAGS,5.829,3.968,1.862,46.93
2026-03-14,NO2,zbe,CON-LAGS,5.169,4.532,0.637,14.05
2026-03-15,NO2,zbe,CON-LAGS,6.639,5.551,1.088,19.61
2026-03-16,NO2,zbe,CON-LAGS,8.225,7.277,0.948,13.03
2026-03-17,NO2,zbe,CON-LAGS,11.756,5.864,5.892,100.47
2026-03-18,NO2,zbe,CON-LAGS,5.033,6.52,-1.487,-22.81
2026-03-19,NO2,zbe,CON-LAGS,5.792,6.809,-1.017,-14.93
2026-03-20,NO2,zbe,CON-LAGS,6.827,6.818,0.009,0.13
2026-03-21,NO2,zbe,CON-LAGS,6.242,7.512,-1.27,-16.9
2026-03-22,NO2,zbe,CON-LAGS,7.672,8.209,-0.537,-6.54
2026-03-23,NO2,zbe,CON-LAGS,9.146,8.253,0.893,10.82
2026-03-24,NO2,zbe,CON-LAGS,8.264,8.468,-0.204,-2.41
2026-03-25,NO2,zbe,CON-LAGS,6.759,8.407,-1.647,-19.6
2026-03-26,NO2,zbe,CON-LAGS,8.651,9.221,-0.57,-6.18
2026-03-27,NO2,zbe,CON-LAGS,8.034,7.825,0.209,2.67
2026-03-28,NO2,zbe,CON-LAGS,6.665,7.782,-1.117,-14.36
2026-03-29,NO2,zbe,CON-LAGS,10.162,10.038,0.124,1.24
2026-03-30,NO2,zbe,CON-LAGS,8.479,9.483,-1.004,-10.59
2026-03-31,NO2,zbe,CON-LAGS,6.386,8.477,-2.091,-24.66
2026-04-01,NO2,zbe,CON-LAGS,6.295,7.527,-1.232,-16.37
2026-04-02,NO2,zbe,CON-LAGS,6.721,7.846,-1.125,-14.34
2026-04-03,NO2,zbe,CON-LAGS,6.579,7.612,-1.033,-13.57
2026-04-04,NO2,zbe,CON-LAGS,5.175,7.542,-2.367,-31.38
2026-04-05,NO2,zbe,CON-LAGS,2.183,9.121,-6.938,-76.07
2026-04-06,NO2,zbe,CON-LAGS,5.868,8.633,-2.765,-32.03
2026-04-07,NO2,zbe,CON-LAGS,4.259,6.62,-2.362,-35.67
2026-04-08,NO2,zbe,CON-LAGS,5.073,6.754,-1.682,-24.9
2026-04-09,NO2,zbe,CON-LAGS,5.169,6.143,-0.974,-15.85
2026-04-10,NO2,zbe,CON-LAGS,3.734,4.923,-1.189,-24.16
2026-04-11,NO2,zbe,CON-LAGS,2.059,4.471,-2.411,-53.93
2026-04-12,NO2,zbe,CON-LAGS,4.531,3.349,1.182,35.29
2026-04-13,NO2,zbe,CON-LAGS,5.911,4.419,1.492,33.77
2026-04-14,NO2,zbe,CON-LAGS,2.689,4.321,-1.632,-37.76
2026-04-15,NO2,zbe,CON-LAGS,2.775,4.132,-1.356,-32.83
2026-04-16,NO2,zbe,CON-LAGS,1.914,4.944,-3.03,-61.29
2026-04-17,NO2,zbe,CON-LAGS,1.646,4.131,-2.484,-60.14
2026-04-18,NO2,zbe,CON-LAGS,1.651,3.376,-1.726,-51.11
2026-04-19,NO2,zbe,CON-LAGS,3.431,2.988,0.443,14.82
2026-04-20,NO2,zbe,CON-LAGS,3.465,4.191,-0.726,-17.33
2026-04-21,NO2,zbe,CON-LAGS,3.002,4.017,-1.015,-25.26
2026-04-22,NO2,zbe,CON-LAGS,4.125,3.932,0.193,4.9
2026-04-23,NO2,zbe,CON-LAGS,3.379,3.87,-0.491,-12.69
2026-04-24,NO2,zbe,CON-LAGS,2.051,3.158,-1.107,-35.06
2026-04-25,NO2,zbe,CON-LAGS,2.242,3.167,-0.925,-29.21
2026-04-26,NO2,zbe,CON-LAGS,4.231,3.738,0.493,13.18
2026-04-27,NO2,zbe,CON-LAGS,2.613,4.377,-1.764,-40.31
2026-04-28,NO2,zbe,CON-LAGS,7.069,4.241,2.828,66.69
2026-04-29,NO2,zbe,CON-LAGS,6.368,3.893,2.475,63.56
2026-04-30,NO2,zbe,CON-LAGS,4.281,3.833,0.448,11.69
2026-05-01,NO2,zbe,CON-LAGS,6.129,3.298,2.831,85.85
2026-05-02,NO2,zbe,CON-LAGS,6.012,4.04,1.971,48.79
2026-05-03,NO2,zbe,CON-LAGS,7.721,4.428,3.294,74.39
2026-05-04,NO2,zbe,CON-LAGS,8.528,4.615,3.913,84.79
2026-05-05,NO2,zbe,CON-LAGS,7.611,5.627,1.984,35.25
2026-05-06,NO2,zbe,CON-LAGS,6.223,6.887,-0.664,-9.64
2026-05-07,NO2,zbe,CON-LAGS,9.288,7.406,1.882,25.41
2026-05-08,NO2,zbe,CON-LAGS,6.622,5.945,0.677,11.39
2026-05-09,NO2,zbe,CON-LAGS,5.262,6.045,-0.783,-12.95
2026-05-10,NO2,zbe,CON-LAGS,6.461,7.402,-0.941,-12.71
2026-05-11,NO2,zbe,CON-LAGS,7.184,8.371,-1.188,-14.19
2026-05-12,NO2,zbe,CON-LAGS,7.474,8.158,-0.683,-8.38
2026-05-13,NO2,zbe,CON-LAGS,8.47,7.638,0.832,10.89
2026-05-14,NO2,zbe,CON-LAGS,9.544,7.249,2.295,31.66
2026-05-15,NO2,zbe,CON-LAGS,8.099,6.26,1.839,29.38
2026-05-16,NO2,zbe,CON-LAGS,5.375,6.51,-1.135,-17.43
2026-05-17,NO2,zbe,CON-LAGS,8.499,8.453,0.046,0.54
2026-05-18,NO2,zbe,CON-LAGS,4.001,9.32,-5.319,-57.08
2026-05-19,NO2,zbe,CON-LAGS,4.692,8.628,-3.936,-45.62
2026-05-20,NO2,zbe,CON-LAGS,4.205,7.286,-3.081,-42.28
2026-05-21,NO2,zbe,CON-LAGS,5.31,7.114,-1.803,-25.35
2026-05-22,NO2,zbe,CON-LAGS,4.238,6.248,-2.01,-32.17
2026-05-23,NO2,zbe,CON-LAGS,2.427,5.483,-3.056,-55.74
2026-05-24,NO2,zbe,CON-LAGS,4.405,4.89,-0.485,-9.91
2026-05-25,NO2,zbe,CON-LAGS,7.105,6.188,0.917,14.82
2026-05-26,NO2,zbe,CON-LAGS,2.266,5.841,-3.575,-61.21
2026-05-27,NO2,zbe,CON-LAGS,4.276,6.416,-2.14,-33.36
2026-05-28,NO2,zbe,CON-LAGS,2.69,6.481,-3.791,-58.5
2026-05-29,NO2,zbe,CON-LAGS,1.524,5.013,-3.489,-69.6
2026-05-30,NO2,zbe,CON-LAGS,1.417,4.159,-2.742,-65.94
2026-05-31,NO2,zbe,CON-LAGS,2.006,4.811,-2.805,-58.3
2026-06-01,NO2,zbe,CON-LAGS,2.449,5.424,-2.976,-54.86
2026-06-02,NO2,zbe,CON-LAGS,1.679,6.222,-4.543,-73.01
2026-06-03,NO2,zbe,CON-LAGS,3.093,6.449,-3.357,-52.04
2026-06-04,NO2,zbe,CON-LAGS,3.828,5.843,-2.015,-34.49
2026-06-05,NO2,zbe,CON-LAGS,2.861,5.707,-2.845,-49.86
2026-06-06,NO2,zbe,CON-LAGS,2.173,5.853,-3.679,-62.87
2026-06-07,NO2,zbe,CON-LAGS,3.176,5.462,-2.286,-41.86
2026-06-08,NO2,zbe,CON-LAGS,4.017,5.957,-1.94,-32.57
2026-06-09,NO2,zbe,CON-LAGS,4.831,5.49,-0.659,-12.01
2026-06-10,NO2,zbe,CON-LAGS,4.418,5.364,-0.946,-17.64
2026-06-11,NO2,zbe,CON-LAGS,4.775,5.559,-0.785,-14.12
2026-06-12,NO2,zbe,CON-LAGS,5.388,5.555,-0.167,-3.01
2026-06-13,NO2,zbe,CON-LAGS,3.939,5.847,-1.907,-32.62
2026-06-14,NO2,zbe,CON-LAGS,6.945,6.177,0.767,12.42
2026-06-15,NO2,zbe,CON-LAGS,5.117,7.107,-1.99,-28.0
2026-06-16,NO2,zbe,CON-LAGS,5.282,7.513,-2.231,-29.69
2026-06-17,NO2,zbe,CON-LAGS,3.578,6.331,-2.754,-43.5
2026-06-18,NO2,zbe,CON-LAGS,5.182,5.761,-0.579,-10.05
2026-06-19,NO2,zbe,CON-LAGS,5.596,4.588,1.008,21.97
2026-06-20,NO2,zbe,CON-LAGS,3.977,4.454,-0.476,-10.7
2026-06-21,NO2,zbe,CON-LAGS,3.017,4.309,-1.292,-29.97
2026-06-22,NO2,zbe,CON-LAGS,3.552,4.903,-1.351,-27.56
2026-06-23,NO2,zbe,CON-LAGS,3.531,4.852,-1.32,-27.21
2026-06-24,NO2,zbe,CON-LAGS,2.479,4.723,-2.244,-47.51
2026-06-25,NO2,zbe,CON-LAGS,3.417,4.481,-1.064,-23.74
2026-06-26,NO2,zbe,CON-LAGS,3.451,3.989,-0.538,-13.49
2026-06-27,NO2,zbe,CON-LAGS,3.804,3.851,-0.047,-1.22
2026-06-28,NO2,zbe,CON-LAGS,5.233,3.834,1.399,36.49
2026-06-29,NO2,zbe,CON-LAGS,5.465,3.91,1.555,39.77
2026-06-30,NO2,zbe,CON-LAGS,5.136,3.959,1.177,29.72
2026-07-01,NO2,zbe,CON-LAGS,5.598,5.041,0.558,11.06
2026-07-02,NO2,zbe,CON-LAGS,4.306,4.861,-0.555,-11.41
2026-07-03,NO2,zbe,CON-LAGS,3.781,4.608,-0.826,-17.93
2026-07-04,NO2,zbe,CON-LAGS,6.529,4.665,1.864,39.96
2026-07-05,NO2,zbe,CON-LAGS,8.479,6.074,2.405,39.59
2026-07-06,NO2,zbe,CON-LAGS,7.049,6.016,1.033,17.17
2026-07-07,NO2,zbe,CON-LAGS,6.24,6.669,-0.429,-6.44
2026-07-08,NO2,zbe,CON-LAGS,6.058,6.751,-0.693,-10.26
2026-07-09,NO2,zbe,CON-LAGS,6.958,5.791,1.167,20.16
2026-07-10,NO2,zbe,CON-LAGS,4.743,4.891,-0.147,-3.01
2026-07-11,NO2,zbe,CON-LAGS,2.981,5.764,-2.783,-48.28
2026-07-12,NO2,zbe,CON-LAGS,5.082,6.88,-1.797,-26.12
2026-07-13,NO2,zbe,CON-LAGS,5.651,5.453,0.198,3.63
2026-07-14,NO2,zbe,CON-LAGS,7.354,5.096,2.258,44.31
2026-07-15,NO2,zbe,CON-LAGS,9.33,5.111,4.218,82.52
2026-07-16,NO2,zbe,CON-LAGS,8.94,5.128,3.811,74.32
2026-07-17,NO2,zbe,CON-LAGS,7.93,4.532,3.398,74.97
2026-07-18,NO2,zbe,CON-LAGS,8.049,5.533,2.515,45.46
2026-07-19,NO2,zbe,CON-LAGS,11.658,6.424,5.234,81.47
2026-07-20,NO2,zbe,CON-LAGS,9.746,6.291,3.454,54.91
2026-07-21,NO2,zbe,CON-LAGS,10.433,6.431,4.001,62.22
2026-07-22,NO2,zbe,CON-LAGS,9.824,5.962,3.862,64.78
2026-07-23,NO2,zbe,CON-LAGS,10.29,5.714,4.576,80.08
2026-07-24,NO2,zbe,CON-LAGS,8.22,6.086,2.134,35.07
2026-07-25,NO2,zbe,CON-LAGS,6.72,6.093,0.628,10.3
2026-07-26,NO2,zbe,CON-LAGS,6.441,6.534,-0.093,-1.43
2026-07-27,NO2,zbe,CON-LAGS,6.364,6.597,-0.233,-3.53
2026-07-28,NO2,zbe,CON-LAGS,8.669,5.915,2.754,46.57
2025-09-01,NO2,out,METEO-PURO,1.706,6.74,-5.034,-74.69
2025-09-02,NO2,out,METEO-PURO,3.185,6.659,-3.475,-52.18
2025-09-03,NO2,out,METEO-PURO,2.155,5.978,-3.823,-63.95
2025-09-04,NO2,out,METEO-PURO,3.105,5.776,-2.67,-46.24
2025-09-05,NO2,out,METEO-PURO,3.783,6.485,-2.701,-41.66
2025-09-06,NO2,out,METEO-PURO,1.223,5.065,-3.842,-75.86
2025-09-07,NO2,out,METEO-PURO,2.984,5.48,-2.496,-45.55
2025-09-08,NO2,out,METEO-PURO,2.936,5.225,-2.289,-43.8
2025-09-09,NO2,out,METEO-PURO,3.195,5.489,-2.294,-41.79
2025-09-10,NO2,out,METEO-PURO,2.504,5.918,-3.414,-57.69
2025-09-11,NO2,out,METEO-PURO,3.738,5.947,-2.209,-37.14
2025-09-12,NO2,out,METEO-PURO,1.418,4.984,-3.565,-71.54
2025-09-13,NO2,out,METEO-PURO,2.854,4.899,-2.045,-41.73
2025-09-14,NO2,out,METEO-PURO,2.333,7.906,-5.573,-70.49
2025-09-15,NO2,out,METEO-PURO,3.072,5.217,-2.145,-41.12
2025-09-16,NO2,out,METEO-PURO,5.34,5.784,-0.444,-7.67
2025-09-17,NO2,out,METEO-PURO,7.938,8.403,-0.465,-5.53
2025-09-18,NO2,out,METEO-PURO,7.037,8.049,-1.013,-12.58
2025-09-19,NO2,out,METEO-PURO,2.168,6.82,-4.652,-68.2
2025-09-20,NO2,out,METEO-PURO,2.145,5.407,-3.261,-60.32
2025-09-21,NO2,out,METEO-PURO,3.279,6.562,-3.283,-50.03
2025-09-22,NO2,out,METEO-PURO,5.032,5.804,-0.772,-13.3
2025-09-23,NO2,out,METEO-PURO,6.482,6.687,-0.205,-3.06
2025-09-24,NO2,out,METEO-PURO,5.608,7.174,-1.566,-21.83
2025-09-25,NO2,out,METEO-PURO,5.911,7.032,-1.121,-15.94
2025-09-26,NO2,out,METEO-PURO,6.991,7.607,-0.616,-8.09
2025-09-27,NO2,out,METEO-PURO,8.063,6.43,1.633,25.4
2025-09-28,NO2,out,METEO-PURO,5.869,7.182,-1.312,-18.27
2025-09-29,NO2,out,METEO-PURO,5.764,7.71,-1.946,-25.24
2025-09-30,NO2,out,METEO-PURO,6.33,8.381,-2.051,-24.47
2025-10-01,NO2,out,METEO-PURO,8.383,8.52,-0.137,-1.61
2025-10-02,NO2,out,METEO-PURO,9.878,8.68,1.198,13.81
2025-10-03,NO2,out,METEO-PURO,5.324,5.791,-0.467,-8.07
2025-10-04,NO2,out,METEO-PURO,2.763,5.252,-2.489,-47.4
2025-10-05,NO2,out,METEO-PURO,6.022,6.672,-0.651,-9.76
2025-10-06,NO2,out,METEO-PURO,7.764,7.59,0.174,2.29
2025-10-07,NO2,out,METEO-PURO,6.95,6.886,0.064,0.92
2025-10-08,NO2,out,METEO-PURO,5.609,8.773,-3.164,-36.07
2025-10-09,NO2,out,METEO-PURO,5.669,5.534,0.135,2.44
2025-10-10,NO2,out,METEO-PURO,4.89,6.415,-1.524,-23.76
2025-10-11,NO2,out,METEO-PURO,5.383,7.46,-2.077,-27.84
2025-10-12,NO2,out,METEO-PURO,8.116,9.372,-1.256,-13.4
2025-10-13,NO2,out,METEO-PURO,6.637,9.105,-2.468,-27.1
2025-10-14,NO2,out,METEO-PURO,4.794,8.626,-3.832,-44.43
2025-10-15,NO2,out,METEO-PURO,4.947,7.453,-2.506,-33.62
2025-10-16,NO2,out,METEO-PURO,4.636,7.635,-3.0,-39.28
2025-10-17,NO2,out,METEO-PURO,5.614,6.577,-0.963,-14.64
2025-10-18,NO2,out,METEO-PURO,5.466,5.9,-0.434,-7.36
2025-10-19,NO2,out,METEO-PURO,3.438,5.614,-2.176,-38.76
2025-10-20,NO2,out,METEO-PURO,1.964,5.654,-3.69,-65.26
2025-10-21,NO2,out,METEO-PURO,0.805,7.553,-6.749,-89.35
2025-10-22,NO2,out,METEO-PURO,3.464,7.053,-3.589,-50.89
2025-10-23,NO2,out,METEO-PURO,7.124,7.898,-0.774,-9.8
2025-10-24,NO2,out,METEO-PURO,7.258,7.775,-0.517,-6.65
2025-10-25,NO2,out,METEO-PURO,4.676,5.998,-1.322,-22.04
2025-10-26,NO2,out,METEO-PURO,8.09,7.342,0.748,10.19
2025-10-27,NO2,out,METEO-PURO,10.858,9.097,1.761,19.36
2025-10-28,NO2,out,METEO-PURO,8.171,7.517,0.654,8.7
2025-10-29,NO2,out,METEO-PURO,5.113,7.799,-2.686,-34.44
2025-10-30,NO2,out,METEO-PURO,3.257,7.633,-4.376,-57.33
2025-10-31,NO2,out,METEO-PURO,4.642,7.18,-2.538,-35.34
2025-11-01,NO2,out,METEO-PURO,3.178,6.321,-3.144,-49.73
2025-11-02,NO2,out,METEO-PURO,7.304,8.883,-1.578,-17.77
2025-11-03,NO2,out,METEO-PURO,10.638,9.592,1.046,10.91
2025-11-04,NO2,out,METEO-PURO,4.465,9.191,-4.726,-51.42
2025-11-05,NO2,out,METEO-PURO,7.294,6.38,0.915,14.34
2025-11-06,NO2,out,METEO-PURO,6.363,7.71,-1.348,-17.48
2025-11-07,NO2,out,METEO-PURO,6.518,6.972,-0.454,-6.51
2025-11-08,NO2,out,METEO-PURO,4.556,7.295,-2.739,-37.55
2025-11-09,NO2,out,METEO-PURO,5.211,7.108,-1.897,-26.68
2025-11-10,NO2,out,METEO-PURO,6.046,8.175,-2.128,-26.04
2025-11-11,NO2,out,METEO-PURO,4.763,7.789,-3.026,-38.85
2025-11-12,NO2,out,METEO-PURO,5.388,8.181,-2.793,-34.14
2025-11-13,NO2,out,METEO-PURO,6.213,7.633,-1.42,-18.61
2025-11-14,NO2,out,METEO-PURO,5.574,8.312,-2.738,-32.94
2025-11-15,NO2,out,METEO-PURO,4.837,7.156,-2.319,-32.41
2025-11-16,NO2,out,METEO-PURO,8.712,8.862,-0.15,-1.69
2025-11-17,NO2,out,METEO-PURO,8.047,9.452,-1.405,-14.86
2025-11-18,NO2,out,METEO-PURO,10.357,10.344,0.013,0.13
2025-11-19,NO2,out,METEO-PURO,10.275,9.289,0.986,10.61
2025-11-20,NO2,out,METEO-PURO,13.308,9.676,3.632,37.54
2025-11-21,NO2,out,METEO-PURO,8.349,9.453,-1.103,-11.67
2025-11-22,NO2,out,METEO-PURO,3.588,10.675,-7.087,-66.39
2025-11-23,NO2,out,METEO-PURO,6.478,7.166,-0.688,-9.6
2025-11-24,NO2,out,METEO-PURO,11.502,10.452,1.05,10.04
2025-11-25,NO2,out,METEO-PURO,12.864,13.009,-0.146,-1.12
2025-11-26,NO2,out,METEO-PURO,13.167,14.249,-1.082,-7.59
2025-11-27,NO2,out,METEO-PURO,12.393,12.301,0.092,0.75
2025-11-28,NO2,out,METEO-PURO,6.239,10.309,-4.07,-39.48
2025-11-29,NO2,out,METEO-PURO,7.809,8.782,-0.974,-11.09
2025-11-30,NO2,out,METEO-PURO,10.879,14.082,-3.203,-22.75
2025-12-01,NO2,out,METEO-PURO,8.922,13.453,-4.53,-33.68
2025-12-02,NO2,out,METEO-PURO,10.41,11.786,-1.376,-11.67
2025-12-03,NO2,out,METEO-PURO,9.266,13.054,-3.788,-29.02
2025-12-04,NO2,out,METEO-PURO,8.597,7.883,0.714,9.06
2025-12-05,NO2,out,METEO-PURO,3.32,7.458,-4.138,-55.49
2025-12-06,NO2,out,METEO-PURO,2.757,5.302,-2.545,-48.01
2025-12-07,NO2,out,METEO-PURO,4.926,7.256,-2.33,-32.11
2025-12-08,NO2,out,METEO-PURO,9.639,10.255,-0.615,-6.0
2025-12-09,NO2,out,METEO-PURO,12.054,10.302,1.752,17.0
2025-12-10,NO2,out,METEO-PURO,8.109,8.692,-0.583,-6.71
2025-12-11,NO2,out,METEO-PURO,10.035,9.81,0.225,2.29
2025-12-12,NO2,out,METEO-PURO,9.506,7.765,1.741,22.42
2025-12-13,NO2,out,METEO-PURO,6.704,9.028,-2.325,-25.75
2025-12-14,NO2,out,METEO-PURO,9.885,12.677,-2.792,-22.03
2025-12-15,NO2,out,METEO-PURO,8.937,10.277,-1.34,-13.04
2025-12-16,NO2,out,METEO-PURO,11.94,9.16,2.78,30.35
2025-12-17,NO2,out,METEO-PURO,4.147,9.365,-5.217,-55.71
2025-12-18,NO2,out,METEO-PURO,10.057,8.698,1.36,15.63
2025-12-19,NO2,out,METEO-PURO,5.564,7.687,-2.123,-27.62
2025-12-20,NO2,out,METEO-PURO,4.93,8.677,-3.747,-43.19
2025-12-21,NO2,out,METEO-PURO,7.753,9.193,-1.44,-15.66
2025-12-22,NO2,out,METEO-PURO,8.986,9.234,-0.248,-2.69
2025-12-23,NO2,out,METEO-PURO,5.95,8.265,-2.315,-28.01
2025-12-24,NO2,out,METEO-PURO,5.379,10.446,-5.067,-48.5
2025-12-25,NO2,out,METEO-PURO,8.765,13.825,-5.059,-36.6
2025-12-26,NO2,out,METEO-PURO,8.802,9.085,-0.283,-3.12
2025-12-27,NO2,out,METEO-PURO,9.141,8.573,0.568,6.63
2025-12-28,NO2,out,METEO-PURO,10.433,8.561,1.873,21.88
2025-12-29,NO2,out,METEO-PURO,9.374,10.359,-0.985,-9.51
2025-12-30,NO2,out,METEO-PURO,6.246,8.372,-2.126,-25.39
2025-12-31,NO2,out,METEO-PURO,6.702,12.33,-5.628,-45.64
2026-01-01,NO2,out,METEO-PURO,9.288,11.357,-2.068,-18.21
2026-01-02,NO2,out,METEO-PURO,8.035,8.31,-0.275,-3.31
2026-01-03,NO2,out,METEO-PURO,8.258,9.838,-1.581,-16.07
2026-01-04,NO2,out,METEO-PURO,12.839,10.869,1.969,18.12
2026-01-05,NO2,out,METEO-PURO,14.034,11.287,2.747,24.34
2026-01-06,NO2,out,METEO-PURO,17.246,9.074,8.172,90.07
2026-01-07,NO2,out,METEO-PURO,6.574,10.078,-3.504,-34.77
2026-01-08,NO2,out,METEO-PURO,8.227,6.668,1.559,23.38
2026-01-09,NO2,out,METEO-PURO,10.276,9.742,0.534,5.48
2026-01-10,NO2,out,METEO-PURO,8.31,9.077,-0.767,-8.45
2026-01-11,NO2,out,METEO-PURO,8.07,8.347,-0.277,-3.31
2026-01-12,NO2,out,METEO-PURO,8.094,7.736,0.358,4.62
2026-01-13,NO2,out,METEO-PURO,7.778,10.711,-2.932,-27.38
2026-01-14,NO2,out,METEO-PURO,8.332,12.859,-4.527,-35.2
2026-01-15,NO2,out,METEO-PURO,9.796,7.823,1.972,25.21
2026-01-16,NO2,out,METEO-PURO,10.606,9.83,0.776,7.9
2026-01-17,NO2,out,METEO-PURO,8.486,11.287,-2.802,-24.82
2026-01-18,NO2,out,METEO-PURO,10.517,12.245,-1.729,-14.12
2026-01-19,NO2,out,METEO-PURO,9.368,15.156,-5.788,-38.19
2026-01-20,NO2,out,METEO-PURO,9.923,13.726,-3.803,-27.71
2026-01-21,NO2,out,METEO-PURO,7.586,8.528,-0.942,-11.04
2026-01-22,NO2,out,METEO-PURO,8.555,10.521,-1.966,-18.69
2026-01-23,NO2,out,METEO-PURO,8.244,7.896,0.348,4.4
2026-01-24,NO2,out,METEO-PURO,7.99,8.253,-0.264,-3.19
2026-01-25,NO2,out,METEO-PURO,16.714,10.897,5.817,53.38
2026-01-26,NO2,out,METEO-PURO,7.839,9.191,-1.351,-14.7
2026-01-27,NO2,out,METEO-PURO,12.726,8.567,4.159,48.55
2026-01-28,NO2,out,METEO-PURO,12.464,8.696,3.767,43.32
2026-01-29,NO2,out,METEO-PURO,9.726,6.274,3.452,55.01
2026-01-30,NO2,out,METEO-PURO,12.985,7.997,4.988,62.37
2026-01-31,NO2,out,METEO-PURO,9.115,9.086,0.029,0.32
2026-02-01,NO2,out,METEO-PURO,8.185,11.361,-3.177,-27.96
2026-02-02,NO2,out,METEO-PURO,9.984,7.848,2.135,27.21
2026-02-03,NO2,out,METEO-PURO,9.736,10.139,-0.403,-3.98
2026-02-04,NO2,out,METEO-PURO,9.091,9.181,-0.091,-0.99
2026-02-05,NO2,out,METEO-PURO,8.236,9.206,-0.971,-10.54
2026-02-06,NO2,out,METEO-PURO,8.446,9.249,-0.803,-8.68
2026-02-07,NO2,out,METEO-PURO,9.834,7.855,1.979,25.19
2026-02-08,NO2,out,METEO-PURO,12.707,10.941,1.766,16.14
2026-02-09,NO2,out,METEO-PURO,3.213,7.989,-4.775,-59.78
2026-02-10,NO2,out,METEO-PURO,5.325,8.784,-3.458,-39.37
2026-02-11,NO2,out,METEO-PURO,8.788,8.496,0.292,3.44
2026-02-12,NO2,out,METEO-PURO,10.312,10.53,-0.218,-2.07
2026-02-13,NO2,out,METEO-PURO,5.03,8.149,-3.119,-38.27
2026-02-14,NO2,out,METEO-PURO,4.213,10.846,-6.633,-61.16
2026-02-15,NO2,out,METEO-PURO,6.754,10.788,-4.034,-37.39
2026-02-16,NO2,out,METEO-PURO,10.164,10.993,-0.829,-7.54
2026-02-17,NO2,out,METEO-PURO,4.452,12.312,-7.86,-63.84
2026-02-18,NO2,out,METEO-PURO,7.96,8.019,-0.059,-0.74
2026-02-19,NO2,out,METEO-PURO,9.819,14.864,-5.044,-33.94
2026-02-20,NO2,out,METEO-PURO,9.381,10.439,-1.057,-10.13
2026-02-21,NO2,out,METEO-PURO,8.231,9.996,-1.765,-17.66
2026-02-22,NO2,out,METEO-PURO,10.278,9.781,0.497,5.08
2026-02-23,NO2,out,METEO-PURO,11.493,11.555,-0.062,-0.54
2026-02-24,NO2,out,METEO-PURO,8.287,10.118,-1.831,-18.1
2026-02-25,NO2,out,METEO-PURO,8.128,10.548,-2.42,-22.94
2026-02-26,NO2,out,METEO-PURO,7.562,10.118,-2.556,-25.26
2026-02-27,NO2,out,METEO-PURO,4.174,9.241,-5.067,-54.83
2026-02-28,NO2,out,METEO-PURO,3.631,9.054,-5.424,-59.9
2026-03-01,NO2,out,METEO-PURO,5.6,11.007,-5.406,-49.12
2026-03-02,NO2,out,METEO-PURO,6.674,8.812,-2.138,-24.27
2026-03-03,NO2,out,METEO-PURO,7.419,10.286,-2.866,-27.87
2026-03-04,NO2,out,METEO-PURO,6.571,9.652,-3.082,-31.93
2026-03-05,NO2,out,METEO-PURO,6.866,8.783,-1.917,-21.83
2026-03-06,NO2,out,METEO-PURO,4.463,9.263,-4.799,-51.81
2026-03-07,NO2,out,METEO-PURO,4.668,7.507,-2.839,-37.81
2026-03-08,NO2,out,METEO-PURO,6.421,10.774,-4.353,-40.4
2026-03-09,NO2,out,METEO-PURO,5.389,12.715,-7.326,-57.61
2026-03-10,NO2,out,METEO-PURO,6.395,12.232,-5.837,-47.72
2026-03-11,NO2,out,METEO-PURO,4.576,11.921,-7.345,-61.62
2026-03-12,NO2,out,METEO-PURO,6.075,10.081,-4.006,-39.74
2026-03-13,NO2,out,METEO-PURO,7.87,9.224,-1.354,-14.68
2026-03-14,NO2,out,METEO-PURO,6.63,10.441,-3.811,-36.5
2026-03-15,NO2,out,METEO-PURO,7.904,12.393,-4.489,-36.22
2026-03-16,NO2,out,METEO-PURO,9.5,12.743,-3.243,-25.45
2026-03-17,NO2,out,METEO-PURO,11.42,11.856,-0.437,-3.68
2026-03-18,NO2,out,METEO-PURO,6.174,10.304,-4.129,-40.08
2026-03-19,NO2,out,METEO-PURO,6.723,7.143,-0.42,-5.88
2026-03-20,NO2,out,METEO-PURO,7.904,6.839,1.065,15.57
2026-03-21,NO2,out,METEO-PURO,7.892,10.618,-2.726,-25.68
2026-03-22,NO2,out,METEO-PURO,9.841,14.181,-4.34,-30.61
2026-03-23,NO2,out,METEO-PURO,10.855,12.122,-1.267,-10.45
2026-03-24,NO2,out,METEO-PURO,11.232,13.631,-2.4,-17.61
2026-03-25,NO2,out,METEO-PURO,8.905,14.09,-5.185,-36.8
2026-03-26,NO2,out,METEO-PURO,11.043,13.118,-2.074,-15.81
2026-03-27,NO2,out,METEO-PURO,10.186,10.442,-0.256,-2.45
2026-03-28,NO2,out,METEO-PURO,7.983,7.832,0.152,1.93
2026-03-29,NO2,out,METEO-PURO,13.237,14.689,-1.451,-9.88
2026-03-30,NO2,out,METEO-PURO,10.298,12.685,-2.386,-18.81
2026-03-31,NO2,out,METEO-PURO,8.266,10.725,-2.459,-22.93
2026-04-01,NO2,out,METEO-PURO,7.659,11.15,-3.491,-31.31
2026-04-02,NO2,out,METEO-PURO,7.329,10.892,-3.563,-32.71
2026-04-03,NO2,out,METEO-PURO,7.304,11.096,-3.792,-34.17
2026-04-04,NO2,out,METEO-PURO,5.822,9.08,-3.258,-35.88
2026-04-05,NO2,out,METEO-PURO,2.927,12.061,-9.135,-75.73
2026-04-06,NO2,out,METEO-PURO,4.488,9.687,-5.199,-53.67
2026-04-07,NO2,out,METEO-PURO,5.416,9.955,-4.539,-45.6
2026-04-08,NO2,out,METEO-PURO,6.128,10.078,-3.949,-39.19
2026-04-09,NO2,out,METEO-PURO,6.099,10.215,-4.115,-40.29
2026-04-10,NO2,out,METEO-PURO,5.046,3.568,1.478,41.41
2026-04-11,NO2,out,METEO-PURO,3.029,3.058,-0.028,-0.93
2026-04-12,NO2,out,METEO-PURO,6.744,4.413,2.331,52.82
2026-04-13,NO2,out,METEO-PURO,6.893,8.335,-1.443,-17.31
2026-04-14,NO2,out,METEO-PURO,3.677,5.958,-2.28,-38.27
2026-04-15,NO2,out,METEO-PURO,3.585,3.77,-0.185,-4.9
2026-04-16,NO2,out,METEO-PURO,3.031,4.146,-1.115,-26.89
2026-04-17,NO2,out,METEO-PURO,2.763,3.825,-1.062,-27.75
2026-04-18,NO2,out,METEO-PURO,2.695,2.344,0.351,14.96
2026-04-19,NO2,out,METEO-PURO,3.171,3.726,-0.555,-14.9
2026-04-20,NO2,out,METEO-PURO,4.344,6.248,-1.904,-30.47
2026-04-21,NO2,out,METEO-PURO,3.86,5.026,-1.166,-23.2
2026-04-22,NO2,out,METEO-PURO,4.252,2.965,1.287,43.42
2026-04-23,NO2,out,METEO-PURO,5.305,4.097,1.208,29.48
2026-04-24,NO2,out,METEO-PURO,2.683,2.409,0.274,11.38
2026-04-25,NO2,out,METEO-PURO,2.933,2.077,0.855,41.18
2026-04-26,NO2,out,METEO-PURO,5.804,4.367,1.437,32.91
2026-04-27,NO2,out,METEO-PURO,3.415,4.152,-0.737,-17.75
2026-04-28,NO2,out,METEO-PURO,9.519,3.662,5.857,159.97
2026-04-29,NO2,out,METEO-PURO,8.656,2.814,5.842,207.57
2026-04-30,NO2,out,METEO-PURO,5.151,3.772,1.379,36.56
2026-05-01,NO2,out,METEO-PURO,7.757,2.42,5.337,220.52
2026-05-02,NO2,out,METEO-PURO,7.226,1.759,5.467,310.82
2026-05-03,NO2,out,METEO-PURO,11.021,4.001,7.02,175.48
2026-05-04,NO2,out,METEO-PURO,11.749,5.793,5.956,102.81
2026-05-05,NO2,out,METEO-PURO,10.312,7.303,3.009,41.2
2026-05-06,NO2,out,METEO-PURO,7.836,5.79,2.046,35.34
2026-05-07,NO2,out,METEO-PURO,11.149,6.27,4.878,77.8
2026-05-08,NO2,out,METEO-PURO,7.706,3.757,3.949,105.1
2026-05-09,NO2,out,METEO-PURO,7.05,1.879,5.171,275.15
2026-05-10,NO2,out,METEO-PURO,9.032,5.284,3.748,70.92
2026-05-11,NO2,out,METEO-PURO,9.884,5.999,3.885,64.76
2026-05-12,NO2,out,METEO-PURO,10.042,7.228,2.814,38.93
2026-05-13,NO2,out,METEO-PURO,11.334,6.766,4.568,67.51
2026-05-14,NO2,out,METEO-PURO,12.488,6.209,6.279,101.12
2026-05-15,NO2,out,METEO-PURO,10.12,5.243,4.877,93.03
2026-05-16,NO2,out,METEO-PURO,6.674,2.916,3.758,128.86
2026-05-17,NO2,out,METEO-PURO,9.851,7.51,2.341,31.17
2026-05-18,NO2,out,METEO-PURO,6.122,6.389,-0.267,-4.18
2026-05-19,NO2,out,METEO-PURO,5.691,4.481,1.21,27.0
2026-05-20,NO2,out,METEO-PURO,4.55,6.806,-2.256,-33.15
2026-05-21,NO2,out,METEO-PURO,7.347,6.806,0.541,7.95
2026-05-22,NO2,out,METEO-PURO,4.6,4.868,-0.268,-5.51
2026-05-23,NO2,out,METEO-PURO,6.855,2.458,4.396,178.84
2026-05-24,NO2,out,METEO-PURO,7.672,6.914,0.758,10.96
2026-05-25,NO2,out,METEO-PURO,8.931,4.724,4.207,89.05
2026-05-26,NO2,out,METEO-PURO,9.008,4.729,4.279,90.49
2026-05-27,NO2,out,METEO-PURO,12.152,6.182,5.971,96.59
2026-05-28,NO2,out,METEO-PURO,6.509,6.833,-0.324,-4.74
2026-05-29,NO2,out,METEO-PURO,3.547,2.452,1.095,44.67
2026-05-30,NO2,out,METEO-PURO,3.404,1.601,1.803,112.63
2026-05-31,NO2,out,METEO-PURO,4.065,3.899,0.165,4.24
2026-06-01,NO2,out,METEO-PURO,4.153,6.424,-2.271,-35.36
2026-06-02,NO2,out,METEO-PURO,2.935,3.152,-0.217,-6.88
2026-06-03,NO2,out,METEO-PURO,4.895,4.77,0.125,2.61
2026-06-04,NO2,out,METEO-PURO,5.411,3.195,2.216,69.34
2026-06-05,NO2,out,METEO-PURO,4.132,3.095,1.037,33.51
2026-06-06,NO2,out,METEO-PURO,3.673,2.049,1.624,79.25
2026-06-07,NO2,out,METEO-PURO,5.185,4.357,0.828,19.01
2026-06-08,NO2,out,METEO-PURO,6.056,3.06,2.995,97.87
2026-06-09,NO2,out,METEO-PURO,6.323,2.877,3.446,119.75
2026-06-10,NO2,out,METEO-PURO,4.902,3.742,1.16,31.01
2026-06-11,NO2,out,METEO-PURO,5.493,4.07,1.423,34.96
2026-06-12,NO2,out,METEO-PURO,6.611,3.101,3.51,113.19
2026-06-13,NO2,out,METEO-PURO,6.335,3.506,2.829,80.69
2026-06-14,NO2,out,METEO-PURO,9.809,5.124,4.685,91.44
2026-06-15,NO2,out,METEO-PURO,5.867,4.451,1.416,31.82
2026-06-16,NO2,out,METEO-PURO,9.071,6.18,2.891,46.77
2026-06-17,NO2,out,METEO-PURO,8.11,6.873,1.236,17.99
2026-06-18,NO2,out,METEO-PURO,8.388,5.879,2.508,42.67
2026-06-19,NO2,out,METEO-PURO,6.205,2.622,3.584,136.69
2026-06-20,NO2,out,METEO-PURO,9.386,2.608,6.778,259.89
2026-06-21,NO2,out,METEO-PURO,21.623,5.101,16.522,323.89
2026-06-22,NO2,out,METEO-PURO,24.055,4.929,19.125,388.0
2026-06-23,NO2,out,METEO-PURO,17.941,6.319,11.623,183.94
2026-06-24,NO2,out,METEO-PURO,8.405,6.784,1.621,23.89
2026-06-25,NO2,out,METEO-PURO,5.985,4.994,0.991,19.84
2026-06-26,NO2,out,METEO-PURO,5.518,3.081,2.437,79.11
2026-06-27,NO2,out,METEO-PURO,3.382,3.694,-0.312,-8.45
2026-06-28,NO2,out,METEO-PURO,3.677,3.484,0.193,5.54
2026-06-29,NO2,out,METEO-PURO,4.43,4.009,0.421,10.49
2026-06-30,NO2,out,METEO-PURO,4.818,3.786,1.033,27.28
2026-07-01,NO2,out,METEO-PURO,5.314,4.569,0.745,16.3
2026-07-02,NO2,out,METEO-PURO,4.064,3.717,0.346,9.32
2026-07-03,NO2,out,METEO-PURO,3.569,1.639,1.93,117.73
2026-07-04,NO2,out,METEO-PURO,9.215,1.931,7.284,377.25
2026-07-05,NO2,out,METEO-PURO,17.225,5.34,11.885,222.57
2026-07-06,NO2,out,METEO-PURO,16.695,7.022,9.673,137.74
2026-07-07,NO2,out,METEO-PURO,8.68,6.539,2.141,32.75
2026-07-08,NO2,out,METEO-PURO,8.942,5.477,3.465,63.27
2026-07-09,NO2,out,METEO-PURO,8.011,3.983,4.028,101.14
2026-07-10,NO2,out,METEO-PURO,9.591,2.155,7.436,345.02
2026-07-11,NO2,out,METEO-PURO,8.515,3.929,4.586,116.72
2026-07-12,NO2,out,METEO-PURO,6.944,5.803,1.141,19.66
2026-07-13,NO2,out,METEO-PURO,9.372,4.24,5.133,121.06
2026-07-14,NO2,out,METEO-PURO,9.212,5.028,4.184,83.22
2026-07-15,NO2,out,METEO-PURO,10.281,2.9,7.381,254.5
2026-07-16,NO2,out,METEO-PURO,9.484,3.067,6.416,209.17
2026-07-17,NO2,out,METEO-PURO,8.225,2.094,6.131,292.72
2026-07-18,NO2,out,METEO-PURO,9.058,1.375,7.683,558.69
2026-07-19,NO2,out,METEO-PURO,13.658,2.604,11.054,424.44
2026-07-20,NO2,out,METEO-PURO,11.79,3.256,8.533,262.05
2026-07-21,NO2,out,METEO-PURO,15.175,3.331,11.844,355.57
2026-07-22,NO2,out,METEO-PURO,15.419,4.315,11.104,257.31
2026-07-23,NO2,out,METEO-PURO,14.342,3.69,10.652,288.72
2026-07-24,NO2,out,METEO-PURO,8.969,3.159,5.81,183.91
2026-07-25,NO2,out,METEO-PURO,6.39,1.826,4.564,249.92
2026-07-26,NO2,out,METEO-PURO,6.689,3.441,3.248,94.38
2026-07-27,NO2,out,METEO-PURO,11.354,3.698,7.655,207.0
2026-07-28,NO2,out,METEO-PURO,17.845,5.359,12.486,233.01
2025-09-01,NO2,out,CON-LAGS,1.706,4.463,-2.758,-61.79
2025-09-02,NO2,out,CON-LAGS,3.185,3.84,-0.655,-17.06
2025-09-03,NO2,out,CON-LAGS,2.155,3.774,-1.619,-42.91
2025-09-04,NO2,out,CON-LAGS,3.105,3.93,-0.825,-20.99
2025-09-05,NO2,out,CON-LAGS,3.783,4.751,-0.968,-20.37
2025-09-06,NO2,out,CON-LAGS,1.223,3.898,-2.675,-68.63
2025-09-07,NO2,out,CON-LAGS,2.984,4.353,-1.369,-31.44
2025-09-08,NO2,out,CON-LAGS,2.936,4.607,-1.67,-36.26
2025-09-09,NO2,out,CON-LAGS,3.195,4.855,-1.66,-34.19
2025-09-10,NO2,out,CON-LAGS,2.504,4.979,-2.475,-49.71
2025-09-11,NO2,out,CON-LAGS,3.738,5.351,-1.613,-30.14
2025-09-12,NO2,out,CON-LAGS,1.418,4.144,-2.726,-65.77
2025-09-13,NO2,out,CON-LAGS,2.854,4.009,-1.155,-28.8
2025-09-14,NO2,out,CON-LAGS,2.333,5.45,-3.117,-57.19
2025-09-15,NO2,out,CON-LAGS,3.072,5.814,-2.742,-47.17
2025-09-16,NO2,out,CON-LAGS,5.34,5.731,-0.39,-6.81
2025-09-17,NO2,out,CON-LAGS,7.938,5.955,1.982,33.29
2025-09-18,NO2,out,CON-LAGS,7.037,5.65,1.386,24.54
2025-09-19,NO2,out,CON-LAGS,2.168,4.34,-2.171,-50.03
2025-09-20,NO2,out,CON-LAGS,2.145,3.914,-1.769,-45.19
2025-09-21,NO2,out,CON-LAGS,3.279,4.271,-0.991,-23.21
2025-09-22,NO2,out,CON-LAGS,5.032,4.789,0.243,5.08
2025-09-23,NO2,out,CON-LAGS,6.482,6.109,0.373,6.11
2025-09-24,NO2,out,CON-LAGS,5.608,6.178,-0.57,-9.22
2025-09-25,NO2,out,CON-LAGS,5.911,6.672,-0.761,-11.41
2025-09-26,NO2,out,CON-LAGS,6.991,6.021,0.97,16.1
2025-09-27,NO2,out,CON-LAGS,8.063,5.196,2.867,55.18
2025-09-28,NO2,out,CON-LAGS,5.869,6.357,-0.487,-7.67
2025-09-29,NO2,out,CON-LAGS,5.764,6.518,-0.754,-11.57
2025-09-30,NO2,out,CON-LAGS,6.33,7.308,-0.978,-13.38
2025-10-01,NO2,out,CON-LAGS,8.383,7.177,1.206,16.81
2025-10-02,NO2,out,CON-LAGS,9.878,7.0,2.878,41.12
2025-10-03,NO2,out,CON-LAGS,5.324,5.842,-0.519,-8.88
2025-10-04,NO2,out,CON-LAGS,2.763,5.615,-2.852,-50.8
2025-10-05,NO2,out,CON-LAGS,6.022,5.944,0.078,1.31
2025-10-06,NO2,out,CON-LAGS,7.764,6.429,1.335,20.76
2025-10-07,NO2,out,CON-LAGS,6.95,7.046,-0.097,-1.37
2025-10-08,NO2,out,CON-LAGS,5.609,7.002,-1.393,-19.9
2025-10-09,NO2,out,CON-LAGS,5.669,6.762,-1.093,-16.17
2025-10-10,NO2,out,CON-LAGS,4.89,6.199,-1.309,-21.11
2025-10-11,NO2,out,CON-LAGS,5.383,4.512,0.871,19.29
2025-10-12,NO2,out,CON-LAGS,8.116,5.258,2.858,54.36
2025-10-13,NO2,out,CON-LAGS,6.637,6.305,0.332,5.27
2025-10-14,NO2,out,CON-LAGS,4.794,6.617,-1.823,-27.56
2025-10-15,NO2,out,CON-LAGS,4.947,7.135,-2.188,-30.66
2025-10-16,NO2,out,CON-LAGS,4.636,6.407,-1.771,-27.65
2025-10-17,NO2,out,CON-LAGS,5.614,5.074,0.54,10.65
2025-10-18,NO2,out,CON-LAGS,5.466,4.324,1.142,26.42
2025-10-19,NO2,out,CON-LAGS,3.438,4.964,-1.526,-30.74
2025-10-20,NO2,out,CON-LAGS,1.964,5.166,-3.202,-61.98
2025-10-21,NO2,out,CON-LAGS,0.805,5.3,-4.496,-84.82
2025-10-22,NO2,out,CON-LAGS,3.464,5.583,-2.119,-37.96
2025-10-23,NO2,out,CON-LAGS,7.124,5.458,1.666,30.52
2025-10-24,NO2,out,CON-LAGS,7.258,5.115,2.143,41.89
2025-10-25,NO2,out,CON-LAGS,4.676,4.749,-0.073,-1.54
2025-10-26,NO2,out,CON-LAGS,8.09,5.421,2.669,49.23
2025-10-27,NO2,out,CON-LAGS,10.858,5.622,5.236,93.12
2025-10-28,NO2,out,CON-LAGS,8.171,6.488,1.682,25.93
2025-10-29,NO2,out,CON-LAGS,5.113,6.551,-1.438,-21.95
2025-10-30,NO2,out,CON-LAGS,3.257,6.356,-3.099,-48.76
2025-10-31,NO2,out,CON-LAGS,4.642,5.301,-0.659,-12.43
2025-11-01,NO2,out,CON-LAGS,3.178,4.833,-1.655,-34.24
2025-11-02,NO2,out,CON-LAGS,7.304,6.01,1.295,21.54
2025-11-03,NO2,out,CON-LAGS,10.638,6.79,3.848,56.67
2025-11-04,NO2,out,CON-LAGS,4.465,6.788,-2.323,-34.22
2025-11-05,NO2,out,CON-LAGS,7.294,5.831,1.463,25.09
2025-11-06,NO2,out,CON-LAGS,6.363,5.626,0.737,13.1
2025-11-07,NO2,out,CON-LAGS,6.518,4.832,1.687,34.91
2025-11-08,NO2,out,CON-LAGS,4.556,4.562,-0.007,-0.15
2025-11-09,NO2,out,CON-LAGS,5.211,6.576,-1.364,-20.75
2025-11-10,NO2,out,CON-LAGS,6.046,6.807,-0.761,-11.17
2025-11-11,NO2,out,CON-LAGS,4.763,6.428,-1.665,-25.91
2025-11-12,NO2,out,CON-LAGS,5.388,6.818,-1.43,-20.97
2025-11-13,NO2,out,CON-LAGS,6.213,6.333,-0.12,-1.9
2025-11-14,NO2,out,CON-LAGS,5.574,5.721,-0.147,-2.57
2025-11-15,NO2,out,CON-LAGS,4.837,5.727,-0.89,-15.54
2025-11-16,NO2,out,CON-LAGS,8.712,6.664,2.048,30.73
2025-11-17,NO2,out,CON-LAGS,8.047,7.295,0.752,10.3
2025-11-18,NO2,out,CON-LAGS,10.357,9.491,0.866,9.12
2025-11-19,NO2,out,CON-LAGS,10.275,9.988,0.287,2.87
2025-11-20,NO2,out,CON-LAGS,13.308,9.93,3.378,34.02
2025-11-21,NO2,out,CON-LAGS,8.349,8.498,-0.149,-1.75
2025-11-22,NO2,out,CON-LAGS,3.588,10.505,-6.917,-65.85
2025-11-23,NO2,out,CON-LAGS,6.478,8.797,-2.319,-26.36
2025-11-24,NO2,out,CON-LAGS,11.502,10.091,1.411,13.99
2025-11-25,NO2,out,CON-LAGS,12.864,13.232,-0.368,-2.78
2025-11-26,NO2,out,CON-LAGS,13.167,13.278,-0.111,-0.84
2025-11-27,NO2,out,CON-LAGS,12.393,14.026,-1.633,-11.64
2025-11-28,NO2,out,CON-LAGS,6.239,11.833,-5.594,-47.28
2025-11-29,NO2,out,CON-LAGS,7.809,10.519,-2.71,-25.76
2025-11-30,NO2,out,CON-LAGS,10.879,13.558,-2.68,-19.76
2025-12-01,NO2,out,CON-LAGS,8.922,13.05,-4.127,-31.63
2025-12-02,NO2,out,CON-LAGS,10.41,12.592,-2.182,-17.33
2025-12-03,NO2,out,CON-LAGS,9.266,13.052,-3.786,-29.01
2025-12-04,NO2,out,CON-LAGS,8.597,11.096,-2.499,-22.52
2025-12-05,NO2,out,CON-LAGS,3.32,8.862,-5.542,-62.54
2025-12-06,NO2,out,CON-LAGS,2.757,6.57,-3.813,-58.04
2025-12-07,NO2,out,CON-LAGS,4.926,8.063,-3.137,-38.91
2025-12-08,NO2,out,CON-LAGS,9.639,9.635,0.005,0.05
2025-12-09,NO2,out,CON-LAGS,12.054,9.593,2.461,25.66
2025-12-10,NO2,out,CON-LAGS,8.109,11.71,-3.601,-30.75
2025-12-11,NO2,out,CON-LAGS,10.035,10.858,-0.823,-7.58
2025-12-12,NO2,out,CON-LAGS,9.506,11.305,-1.799,-15.91
2025-12-13,NO2,out,CON-LAGS,6.704,11.24,-4.536,-40.36
2025-12-14,NO2,out,CON-LAGS,9.885,12.642,-2.757,-21.81
2025-12-15,NO2,out,CON-LAGS,8.937,8.428,0.509,6.04
2025-12-16,NO2,out,CON-LAGS,11.94,9.426,2.514,26.68
2025-12-17,NO2,out,CON-LAGS,4.147,9.488,-5.341,-56.29
2025-12-18,NO2,out,CON-LAGS,10.057,7.196,2.862,39.77
2025-12-19,NO2,out,CON-LAGS,5.564,8.361,-2.797,-33.45
2025-12-20,NO2,out,CON-LAGS,4.93,7.374,-2.444,-33.15
2025-12-21,NO2,out,CON-LAGS,7.753,8.859,-1.106,-12.48
2025-12-22,NO2,out,CON-LAGS,8.986,9.334,-0.349,-3.73
2025-12-23,NO2,out,CON-LAGS,5.95,9.365,-3.415,-36.47
2025-12-24,NO2,out,CON-LAGS,5.379,11.518,-6.139,-53.3
2025-12-25,NO2,out,CON-LAGS,8.765,12.78,-4.015,-31.41
2025-12-26,NO2,out,CON-LAGS,8.802,9.616,-0.813,-8.46
2025-12-27,NO2,out,CON-LAGS,9.141,8.986,0.156,1.73
2025-12-28,NO2,out,CON-LAGS,10.433,9.769,0.665,6.8
2025-12-29,NO2,out,CON-LAGS,9.374,12.04,-2.667,-22.15
2025-12-30,NO2,out,CON-LAGS,6.246,11.693,-5.447,-46.58
2025-12-31,NO2,out,CON-LAGS,6.702,14.048,-7.346,-52.29
2026-01-01,NO2,out,CON-LAGS,9.288,12.883,-3.595,-27.91
2026-01-02,NO2,out,CON-LAGS,8.035,10.13,-2.095,-20.68
2026-01-03,NO2,out,CON-LAGS,8.258,10.813,-2.555,-23.63
2026-01-04,NO2,out,CON-LAGS,12.839,11.116,1.723,15.5
2026-01-05,NO2,out,CON-LAGS,14.034,11.417,2.616,22.91
2026-01-06,NO2,out,CON-LAGS,17.246,10.635,6.611,62.17
2026-01-07,NO2,out,CON-LAGS,6.574,12.175,-5.602,-46.01
2026-01-08,NO2,out,CON-LAGS,8.227,9.825,-1.598,-16.26
2026-01-09,NO2,out,CON-LAGS,10.276,10.614,-0.338,-3.19
2026-01-10,NO2,out,CON-LAGS,8.31,10.476,-2.165,-20.67
2026-01-11,NO2,out,CON-LAGS,8.07,9.959,-1.889,-18.97
2026-01-12,NO2,out,CON-LAGS,8.094,8.184,-0.09,-1.1
2026-01-13,NO2,out,CON-LAGS,7.778,9.894,-2.116,-21.38
2026-01-14,NO2,out,CON-LAGS,8.332,12.832,-4.5,-35.07
2026-01-15,NO2,out,CON-LAGS,9.796,8.884,0.912,10.26
2026-01-16,NO2,out,CON-LAGS,10.606,10.687,-0.081,-0.76
2026-01-17,NO2,out,CON-LAGS,8.486,11.257,-2.771,-24.61
2026-01-18,NO2,out,CON-LAGS,10.517,12.24,-1.723,-14.08
2026-01-19,NO2,out,CON-LAGS,9.368,14.248,-4.881,-34.25
2026-01-20,NO2,out,CON-LAGS,9.923,11.923,-2.0,-16.78
2026-01-21,NO2,out,CON-LAGS,7.586,8.766,-1.18,-13.46
2026-01-22,NO2,out,CON-LAGS,8.555,11.326,-2.771,-24.47
2026-01-23,NO2,out,CON-LAGS,8.244,7.936,0.308,3.89
2026-01-24,NO2,out,CON-LAGS,7.99,9.069,-1.079,-11.9
2026-01-25,NO2,out,CON-LAGS,16.714,11.814,4.9,41.47
2026-01-26,NO2,out,CON-LAGS,7.839,9.898,-2.059,-20.8
2026-01-27,NO2,out,CON-LAGS,12.726,8.347,4.378,52.45
2026-01-28,NO2,out,CON-LAGS,12.464,10.009,2.455,24.53
2026-01-29,NO2,out,CON-LAGS,9.726,8.127,1.599,19.67
2026-01-30,NO2,out,CON-LAGS,12.985,8.058,4.927,61.14
2026-01-31,NO2,out,CON-LAGS,9.115,11.422,-2.307,-20.2
2026-02-01,NO2,out,CON-LAGS,8.185,12.748,-4.563,-35.79
2026-02-02,NO2,out,CON-LAGS,9.984,8.358,1.625,19.45
2026-02-03,NO2,out,CON-LAGS,9.736,9.335,0.401,4.29
2026-02-04,NO2,out,CON-LAGS,9.091,9.52,-0.429,-4.51
2026-02-05,NO2,out,CON-LAGS,8.236,7.905,0.331,4.18
2026-02-06,NO2,out,CON-LAGS,8.446,7.061,1.385,19.61
2026-02-07,NO2,out,CON-LAGS,9.834,7.546,2.287,30.31
2026-02-08,NO2,out,CON-LAGS,12.707,11.976,0.731,6.11
2026-02-09,NO2,out,CON-LAGS,3.213,8.502,-5.289,-62.21
2026-02-10,NO2,out,CON-LAGS,5.325,7.901,-2.575,-32.6
2026-02-11,NO2,out,CON-LAGS,8.788,7.478,1.31,17.52
2026-02-12,NO2,out,CON-LAGS,10.312,9.564,0.748,7.82
2026-02-13,NO2,out,CON-LAGS,5.03,7.452,-2.422,-32.5
2026-02-14,NO2,out,CON-LAGS,4.213,10.661,-6.449,-60.49
2026-02-15,NO2,out,CON-LAGS,6.754,12.765,-6.011,-47.09
2026-02-16,NO2,out,CON-LAGS,10.164,11.49,-1.325,-11.53
2026-02-17,NO2,out,CON-LAGS,4.452,11.429,-6.977,-61.05
2026-02-18,NO2,out,CON-LAGS,7.96,7.645,0.314,4.11
2026-02-19,NO2,out,CON-LAGS,9.819,13.318,-3.499,-26.27
2026-02-20,NO2,out,CON-LAGS,9.381,10.981,-1.599,-14.56
2026-02-21,NO2,out,CON-LAGS,8.231,10.855,-2.624,-24.17
2026-02-22,NO2,out,CON-LAGS,10.278,11.392,-1.115,-9.78
2026-02-23,NO2,out,CON-LAGS,11.493,11.936,-0.443,-3.71
2026-02-24,NO2,out,CON-LAGS,8.287,10.702,-2.415,-22.56
2026-02-25,NO2,out,CON-LAGS,8.128,10.099,-1.972,-19.52
2026-02-26,NO2,out,CON-LAGS,7.562,9.337,-1.775,-19.01
2026-02-27,NO2,out,CON-LAGS,4.174,9.443,-5.269,-55.79
2026-02-28,NO2,out,CON-LAGS,3.631,9.309,-5.678,-61.0
2026-03-01,NO2,out,CON-LAGS,5.6,10.214,-4.613,-45.17
2026-03-02,NO2,out,CON-LAGS,6.674,7.784,-1.111,-14.27
2026-03-03,NO2,out,CON-LAGS,7.419,8.98,-1.561,-17.38
2026-03-04,NO2,out,CON-LAGS,6.571,8.409,-1.839,-21.87
2026-03-05,NO2,out,CON-LAGS,6.866,8.205,-1.339,-16.32
2026-03-06,NO2,out,CON-LAGS,4.463,8.446,-3.983,-47.16
2026-03-07,NO2,out,CON-LAGS,4.668,7.677,-3.009,-39.19
2026-03-08,NO2,out,CON-LAGS,6.421,9.352,-2.931,-31.34
2026-03-09,NO2,out,CON-LAGS,5.389,10.068,-4.679,-46.47
2026-03-10,NO2,out,CON-LAGS,6.395,9.869,-3.474,-35.2
2026-03-11,NO2,out,CON-LAGS,4.576,11.383,-6.807,-59.8
2026-03-12,NO2,out,CON-LAGS,6.075,8.757,-2.681,-30.62
2026-03-13,NO2,out,CON-LAGS,7.87,7.625,0.245,3.22
2026-03-14,NO2,out,CON-LAGS,6.63,8.734,-2.104,-24.09
2026-03-15,NO2,out,CON-LAGS,7.904,11.498,-3.594,-31.26
2026-03-16,NO2,out,CON-LAGS,9.5,9.838,-0.337,-3.43
2026-03-17,NO2,out,CON-LAGS,11.42,9.639,1.78,18.47
2026-03-18,NO2,out,CON-LAGS,6.174,9.039,-2.865,-31.69
2026-03-19,NO2,out,CON-LAGS,6.723,7.608,-0.885,-11.63
2026-03-20,NO2,out,CON-LAGS,7.904,7.186,0.718,9.99
2026-03-21,NO2,out,CON-LAGS,7.892,9.917,-2.025,-20.42
2026-03-22,NO2,out,CON-LAGS,9.841,12.199,-2.358,-19.33
2026-03-23,NO2,out,CON-LAGS,10.855,10.114,0.742,7.33
2026-03-24,NO2,out,CON-LAGS,11.232,11.534,-0.302,-2.62
2026-03-25,NO2,out,CON-LAGS,8.905,11.573,-2.668,-23.05
2026-03-26,NO2,out,CON-LAGS,11.043,11.697,-0.654,-5.59
2026-03-27,NO2,out,CON-LAGS,10.186,10.396,-0.209,-2.01
2026-03-28,NO2,out,CON-LAGS,7.983,9.125,-1.142,-12.51
2026-03-29,NO2,out,CON-LAGS,13.237,12.567,0.671,5.34
2026-03-30,NO2,out,CON-LAGS,10.298,12.402,-2.104,-16.96
2026-03-31,NO2,out,CON-LAGS,8.266,10.516,-2.251,-21.4
2026-04-01,NO2,out,CON-LAGS,7.659,9.753,-2.094,-21.47
2026-04-02,NO2,out,CON-LAGS,7.329,9.642,-2.312,-23.98
2026-04-03,NO2,out,CON-LAGS,7.304,9.61,-2.306,-23.99
2026-04-04,NO2,out,CON-LAGS,5.822,8.677,-2.855,-32.9
2026-04-05,NO2,out,CON-LAGS,2.927,10.719,-7.793,-72.7
2026-04-06,NO2,out,CON-LAGS,4.488,8.379,-3.891,-46.44
2026-04-07,NO2,out,CON-LAGS,5.416,9.644,-4.229,-43.84
2026-04-08,NO2,out,CON-LAGS,6.128,10.343,-4.215,-40.75
2026-04-09,NO2,out,CON-LAGS,6.099,10.607,-4.508,-42.5
2026-04-10,NO2,out,CON-LAGS,5.046,4.966,0.08,1.61
2026-04-11,NO2,out,CON-LAGS,3.029,4.689,-1.66,-35.4
2026-04-12,NO2,out,CON-LAGS,6.744,4.936,1.807,36.61
2026-04-13,NO2,out,CON-LAGS,6.893,6.942,-0.049,-0.71
2026-04-14,NO2,out,CON-LAGS,3.677,5.218,-1.54,-29.52
2026-04-15,NO2,out,CON-LAGS,3.585,4.13,-0.545,-13.19
2026-04-16,NO2,out,CON-LAGS,3.031,4.951,-1.92,-38.78
2026-04-17,NO2,out,CON-LAGS,2.763,3.593,-0.829,-23.08
2026-04-18,NO2,out,CON-LAGS,2.695,2.923,-0.229,-7.82
2026-04-19,NO2,out,CON-LAGS,3.171,3.298,-0.127,-3.84
2026-04-20,NO2,out,CON-LAGS,4.344,4.923,-0.579,-11.75
2026-04-21,NO2,out,CON-LAGS,3.86,5.122,-1.262,-24.65
2026-04-22,NO2,out,CON-LAGS,4.252,3.376,0.876,25.95
2026-04-23,NO2,out,CON-LAGS,5.305,4.271,1.034,24.21
2026-04-24,NO2,out,CON-LAGS,2.683,3.166,-0.483,-15.25
2026-04-25,NO2,out,CON-LAGS,2.933,3.218,-0.286,-8.88
2026-04-26,NO2,out,CON-LAGS,5.804,4.633,1.171,25.27
2026-04-27,NO2,out,CON-LAGS,3.415,4.26,-0.845,-19.84
2026-04-28,NO2,out,CON-LAGS,9.519,4.193,5.326,127.04
2026-04-29,NO2,out,CON-LAGS,8.656,3.195,5.462,170.96
2026-04-30,NO2,out,CON-LAGS,5.151,4.097,1.054,25.74
2026-05-01,NO2,out,CON-LAGS,7.757,2.881,4.876,169.25
2026-05-02,NO2,out,CON-LAGS,7.226,3.063,4.163,135.91
2026-05-03,NO2,out,CON-LAGS,11.021,5.064,5.957,117.62
2026-05-04,NO2,out,CON-LAGS,11.749,6.166,5.583,90.54
2026-05-05,NO2,out,CON-LAGS,10.312,5.992,4.32,72.1
2026-05-06,NO2,out,CON-LAGS,7.836,6.653,1.183,17.78
2026-05-07,NO2,out,CON-LAGS,11.149,6.197,4.952,79.91
2026-05-08,NO2,out,CON-LAGS,7.706,4.409,3.297,74.77
2026-05-09,NO2,out,CON-LAGS,7.05,3.774,3.276,86.8
2026-05-10,NO2,out,CON-LAGS,9.032,6.023,3.008,49.95
2026-05-11,NO2,out,CON-LAGS,9.884,6.843,3.041,44.44
2026-05-12,NO2,out,CON-LAGS,10.042,7.137,2.905,40.7
2026-05-13,NO2,out,CON-LAGS,11.334,7.058,4.276,60.59
2026-05-14,NO2,out,CON-LAGS,12.488,7.149,5.339,74.67
2026-05-15,NO2,out,CON-LAGS,10.12,5.257,4.863,92.49
2026-05-16,NO2,out,CON-LAGS,6.674,4.608,2.067,44.85
2026-05-17,NO2,out,CON-LAGS,9.851,7.494,2.357,31.45
2026-05-18,NO2,out,CON-LAGS,6.122,7.288,-1.166,-16.0
2026-05-19,NO2,out,CON-LAGS,5.691,7.255,-1.564,-21.56
2026-05-20,NO2,out,CON-LAGS,4.55,6.795,-2.245,-33.04
2026-05-21,NO2,out,CON-LAGS,7.347,6.6,0.748,11.33
2026-05-22,NO2,out,CON-LAGS,4.6,5.127,-0.526,-10.27
2026-05-23,NO2,out,CON-LAGS,6.855,5.297,1.558,29.41
2026-05-24,NO2,out,CON-LAGS,7.672,6.202,1.47,23.7
2026-05-25,NO2,out,CON-LAGS,8.931,6.411,2.52,39.32
2026-05-26,NO2,out,CON-LAGS,9.008,5.543,3.465,62.5
2026-05-27,NO2,out,CON-LAGS,12.152,5.634,6.518,115.68
2026-05-28,NO2,out,CON-LAGS,6.509,6.308,0.202,3.2
2026-05-29,NO2,out,CON-LAGS,3.547,5.357,-1.81,-33.79
2026-05-30,NO2,out,CON-LAGS,3.404,4.873,-1.469,-30.15
2026-05-31,NO2,out,CON-LAGS,4.065,5.807,-1.742,-30.0
2026-06-01,NO2,out,CON-LAGS,4.153,5.544,-1.391,-25.09
2026-06-02,NO2,out,CON-LAGS,2.935,5.489,-2.554,-46.53
2026-06-03,NO2,out,CON-LAGS,4.895,5.605,-0.71,-12.67
2026-06-04,NO2,out,CON-LAGS,5.411,5.752,-0.342,-5.94
2026-06-05,NO2,out,CON-LAGS,4.132,4.209,-0.077,-1.84
2026-06-06,NO2,out,CON-LAGS,3.673,3.523,0.15,4.26
2026-06-07,NO2,out,CON-LAGS,5.185,4.61,0.575,12.47
2026-06-08,NO2,out,CON-LAGS,6.056,5.147,0.909,17.66
2026-06-09,NO2,out,CON-LAGS,6.323,4.441,1.882,42.38
2026-06-10,NO2,out,CON-LAGS,4.902,4.353,0.55,12.63
2026-06-11,NO2,out,CON-LAGS,5.493,4.966,0.527,10.61
2026-06-12,NO2,out,CON-LAGS,6.611,4.307,2.303,53.48
2026-06-13,NO2,out,CON-LAGS,6.335,3.955,2.38,60.17
2026-06-14,NO2,out,CON-LAGS,9.809,5.411,4.398,81.27
2026-06-15,NO2,out,CON-LAGS,5.867,6.024,-0.158,-2.62
2026-06-16,NO2,out,CON-LAGS,9.071,7.122,1.949,27.36
2026-06-17,NO2,out,CON-LAGS,8.11,6.554,1.556,23.74
2026-06-18,NO2,out,CON-LAGS,8.388,6.208,2.18,35.12
2026-06-19,NO2,out,CON-LAGS,6.205,5.04,1.165,23.12
2026-06-20,NO2,out,CON-LAGS,9.386,4.753,4.633,97.46
2026-06-21,NO2,out,CON-LAGS,21.623,5.897,15.726,266.69
2026-06-22,NO2,out,CON-LAGS,24.055,6.446,17.608,273.15
2026-06-23,NO2,out,CON-LAGS,17.941,5.545,12.397,223.59
2026-06-24,NO2,out,CON-LAGS,8.405,5.506,2.899,52.64
2026-06-25,NO2,out,CON-LAGS,5.985,5.428,0.557,10.27
2026-06-26,NO2,out,CON-LAGS,5.518,4.345,1.174,27.02
2026-06-27,NO2,out,CON-LAGS,3.382,3.436,-0.055,-1.59
2026-06-28,NO2,out,CON-LAGS,3.677,4.81,-1.133,-23.56
2026-06-29,NO2,out,CON-LAGS,4.43,4.785,-0.355,-7.41
2026-06-30,NO2,out,CON-LAGS,4.818,5.173,-0.354,-6.85
2026-07-01,NO2,out,CON-LAGS,5.314,5.38,-0.067,-1.24
2026-07-02,NO2,out,CON-LAGS,4.064,5.447,-1.383,-25.39
2026-07-03,NO2,out,CON-LAGS,3.569,3.72,-0.151,-4.05
2026-07-04,NO2,out,CON-LAGS,9.215,3.923,5.292,134.89
2026-07-05,NO2,out,CON-LAGS,17.225,6.222,11.003,176.86
2026-07-06,NO2,out,CON-LAGS,16.695,6.38,10.315,161.69
2026-07-07,NO2,out,CON-LAGS,8.68,6.633,2.047,30.87
2026-07-08,NO2,out,CON-LAGS,8.942,6.578,2.364,35.93
2026-07-09,NO2,out,CON-LAGS,8.011,5.655,2.357,41.67
2026-07-10,NO2,out,CON-LAGS,9.591,4.464,5.127,114.84
2026-07-11,NO2,out,CON-LAGS,8.515,4.297,4.218,98.16
2026-07-12,NO2,out,CON-LAGS,6.944,5.717,1.227,21.47
2026-07-13,NO2,out,CON-LAGS,9.372,6.175,3.198,51.79
2026-07-14,NO2,out,CON-LAGS,9.212,6.027,3.185,52.85
2026-07-15,NO2,out,CON-LAGS,10.281,5.275,5.006,94.89
2026-07-16,NO2,out,CON-LAGS,9.484,5.232,4.252,81.27
2026-07-17,NO2,out,CON-LAGS,8.225,4.903,3.322,67.74
2026-07-18,NO2,out,CON-LAGS,9.058,4.489,4.569,101.78
2026-07-19,NO2,out,CON-LAGS,13.658,5.454,8.204,150.42
2026-07-20,NO2,out,CON-LAGS,11.79,5.759,6.031,104.73
2026-07-21,NO2,out,CON-LAGS,15.175,5.497,9.678,176.05
2026-07-22,NO2,out,CON-LAGS,15.419,4.922,10.496,213.24
2026-07-23,NO2,out,CON-LAGS,14.342,5.374,8.968,166.85
2026-07-24,NO2,out,CON-LAGS,8.969,5.052,3.918,77.56
2026-07-25,NO2,out,CON-LAGS,6.39,4.99,1.4,28.06
2026-07-26,NO2,out,CON-LAGS,6.689,4.543,2.147,47.26
2026-07-27,NO2,out,CON-LAGS,11.354,5.179,6.175,119.23
2026-07-28,NO2,out,CON-LAGS,17.845,5.353,12.492,233.35
2025-09-01,PM10,zbe,METEO-PURO,10.006,8.227,1.779,21.62
2025-09-02,PM10,zbe,METEO-PURO,8.445,9.091,-0.646,-7.11
2025-09-03,PM10,zbe,METEO-PURO,15.685,7.818,7.868,100.64
2025-09-04,PM10,zbe,METEO-PURO,11.757,10.466,1.291,12.33
2025-09-05,PM10,zbe,METEO-PURO,12.088,10.008,2.08,20.78
2025-09-06,PM10,zbe,METEO-PURO,12.106,7.751,4.354,56.18
2025-09-07,PM10,zbe,METEO-PURO,9.484,7.495,1.988,26.53
2025-09-08,PM10,zbe,METEO-PURO,5.766,6.775,-1.009,-14.89
2025-09-09,PM10,zbe,METEO-PURO,9.552,9.499,0.054,0.57
2025-09-10,PM10,zbe,METEO-PURO,11.588,7.077,4.511,63.74
2025-09-11,PM10,zbe,METEO-PURO,10.081,10.264,-0.183,-1.78
2025-09-12,PM10,zbe,METEO-PURO,8.83,9.69,-0.86,-8.87
2025-09-13,PM10,zbe,METEO-PURO,9.476,9.115,0.361,3.96
2025-09-14,PM10,zbe,METEO-PURO,6.629,9.941,-3.312,-33.32
2025-09-15,PM10,zbe,METEO-PURO,8.287,9.036,-0.749,-8.29
2025-09-16,PM10,zbe,METEO-PURO,12.304,10.611,1.693,15.95
2025-09-17,PM10,zbe,METEO-PURO,14.989,12.255,2.734,22.31
2025-09-18,PM10,zbe,METEO-PURO,16.759,10.76,5.999,55.75
2025-09-19,PM10,zbe,METEO-PURO,12.388,9.79,2.598,26.53
2025-09-20,PM10,zbe,METEO-PURO,7.839,7.487,0.352,4.7
2025-09-21,PM10,zbe,METEO-PURO,3.977,8.088,-4.111,-50.83
2025-09-22,PM10,zbe,METEO-PURO,3.878,9.422,-5.545,-58.85
2025-09-23,PM10,zbe,METEO-PURO,6.542,8.999,-2.458,-27.31
2025-09-24,PM10,zbe,METEO-PURO,7.475,10.323,-2.848,-27.59
2025-09-25,PM10,zbe,METEO-PURO,14.64,11.985,2.655,22.15
2025-09-26,PM10,zbe,METEO-PURO,18.967,12.599,6.369,50.55
2025-09-27,PM10,zbe,METEO-PURO,12.781,10.651,2.13,20.0
2025-09-28,PM10,zbe,METEO-PURO,12.916,9.769,3.147,32.21
2025-09-29,PM10,zbe,METEO-PURO,14.215,11.821,2.395,20.26
2025-09-30,PM10,zbe,METEO-PURO,14.999,12.631,2.368,18.75
2025-10-01,PM10,zbe,METEO-PURO,18.374,14.624,3.749,25.64
2025-10-02,PM10,zbe,METEO-PURO,18.316,13.879,4.437,31.97
2025-10-03,PM10,zbe,METEO-PURO,17.209,13.155,4.054,30.82
2025-10-04,PM10,zbe,METEO-PURO,11.026,9.837,1.189,12.09
2025-10-05,PM10,zbe,METEO-PURO,12.047,9.492,2.555,26.91
2025-10-06,PM10,zbe,METEO-PURO,13.403,13.788,-0.385,-2.79
2025-10-07,PM10,zbe,METEO-PURO,11.216,14.251,-3.035,-21.29
2025-10-08,PM10,zbe,METEO-PURO,13.976,13.184,0.792,6.01
2025-10-09,PM10,zbe,METEO-PURO,12.674,8.869,3.805,42.9
2025-10-10,PM10,zbe,METEO-PURO,14.968,10.762,4.206,39.08
2025-10-11,PM10,zbe,METEO-PURO,13.856,10.309,3.547,34.41
2025-10-12,PM10,zbe,METEO-PURO,8.043,10.792,-2.749,-25.47
2025-10-13,PM10,zbe,METEO-PURO,10.896,12.385,-1.489,-12.02
2025-10-14,PM10,zbe,METEO-PURO,21.77,12.23,9.54,78.01
2025-10-15,PM10,zbe,METEO-PURO,21.781,12.576,9.205,73.2
2025-10-16,PM10,zbe,METEO-PURO,25.083,13.443,11.64,86.59
2025-10-17,PM10,zbe,METEO-PURO,20.539,11.826,8.713,73.68
2025-10-18,PM10,zbe,METEO-PURO,17.448,11.504,5.944,51.67
2025-10-19,PM10,zbe,METEO-PURO,9.23,6.233,2.997,48.09
2025-10-20,PM10,zbe,METEO-PURO,3.683,9.727,-6.044,-62.13
2025-10-21,PM10,zbe,METEO-PURO,3.291,8.02,-4.729,-58.97
2025-10-22,PM10,zbe,METEO-PURO,6.017,10.44,-4.423,-42.37
2025-10-23,PM10,zbe,METEO-PURO,15.386,8.395,6.991,83.28
2025-10-24,PM10,zbe,METEO-PURO,13.876,9.387,4.489,47.82
2025-10-25,PM10,zbe,METEO-PURO,8.238,8.515,-0.277,-3.26
2025-10-26,PM10,zbe,METEO-PURO,7.474,9.12,-1.646,-18.05
2025-10-27,PM10,zbe,METEO-PURO,12.83,12.546,0.283,2.26
2025-10-28,PM10,zbe,METEO-PURO,11.117,13.852,-2.735,-19.74
2025-10-29,PM10,zbe,METEO-PURO,6.351,9.031,-2.681,-29.68
2025-10-30,PM10,zbe,METEO-PURO,4.59,12.858,-8.268,-64.3
2025-10-31,PM10,zbe,METEO-PURO,3.698,9.429,-5.731,-60.78
2025-11-01,PM10,zbe,METEO-PURO,4.797,8.523,-3.726,-43.72
2025-11-02,PM10,zbe,METEO-PURO,7.377,12.015,-4.638,-38.6
2025-11-03,PM10,zbe,METEO-PURO,8.906,17.091,-8.185,-47.89
2025-11-04,PM10,zbe,METEO-PURO,8.535,15.382,-6.847,-44.51
2025-11-05,PM10,zbe,METEO-PURO,4.181,11.307,-7.127,-63.03
2025-11-06,PM10,zbe,METEO-PURO,4.812,10.241,-5.429,-53.01
2025-11-07,PM10,zbe,METEO-PURO,5.136,9.992,-4.857,-48.6
2025-11-08,PM10,zbe,METEO-PURO,8.441,9.285,-0.843,-9.08
2025-11-09,PM10,zbe,METEO-PURO,5.803,15.313,-9.51,-62.1
2025-11-10,PM10,zbe,METEO-PURO,4.521,18.575,-14.054,-75.66
2025-11-11,PM10,zbe,METEO-PURO,8.403,17.767,-9.364,-52.7
2025-11-12,PM10,zbe,METEO-PURO,17.154,16.612,0.542,3.26
2025-11-13,PM10,zbe,METEO-PURO,27.015,14.867,12.147,81.71
2025-11-14,PM10,zbe,METEO-PURO,7.56,9.276,-1.716,-18.5
2025-11-15,PM10,zbe,METEO-PURO,5.964,9.377,-3.412,-36.39
2025-11-16,PM10,zbe,METEO-PURO,6.081,15.12,-9.039,-59.78
2025-11-17,PM10,zbe,METEO-PURO,13.898,10.371,3.528,34.02
2025-11-18,PM10,zbe,METEO-PURO,12.306,13.219,-0.913,-6.91
2025-11-19,PM10,zbe,METEO-PURO,8.254,9.335,-1.082,-11.59
2025-11-20,PM10,zbe,METEO-PURO,9.379,9.398,-0.019,-0.2
2025-11-21,PM10,zbe,METEO-PURO,9.605,9.986,-0.38,-3.81
2025-11-22,PM10,zbe,METEO-PURO,6.766,11.838,-5.072,-42.84
2025-11-23,PM10,zbe,METEO-PURO,4.407,9.793,-5.385,-54.99
2025-11-24,PM10,zbe,METEO-PURO,8.327,9.477,-1.15,-12.14
2025-11-25,PM10,zbe,METEO-PURO,17.248,10.821,6.427,59.39
2025-11-26,PM10,zbe,METEO-PURO,12.887,13.041,-0.154,-1.18
2025-11-27,PM10,zbe,METEO-PURO,12.806,14.81,-2.004,-13.53
2025-11-29,PM10,zbe,METEO-PURO,8.236,10.884,-2.648,-24.33
2025-11-30,PM10,zbe,METEO-PURO,10.278,11.395,-1.117,-9.8
2025-12-01,PM10,zbe,METEO-PURO,5.627,16.457,-10.83,-65.81
2025-12-02,PM10,zbe,METEO-PURO,8.841,9.94,-1.099,-11.06
2025-12-03,PM10,zbe,METEO-PURO,7.657,14.48,-6.824,-47.12
2025-12-04,PM10,zbe,METEO-PURO,10.806,9.482,1.324,13.96
2025-12-05,PM10,zbe,METEO-PURO,8.178,8.831,-0.653,-7.39
2025-12-06,PM10,zbe,METEO-PURO,3.127,13.124,-9.997,-76.17
2025-12-07,PM10,zbe,METEO-PURO,3.037,14.729,-11.692,-79.38
2025-12-08,PM10,zbe,METEO-PURO,6.957,17.847,-10.89,-61.02
2025-12-09,PM10,zbe,METEO-PURO,13.957,11.895,2.063,17.34
2025-12-10,PM10,zbe,METEO-PURO,15.176,9.657,5.519,57.15
2025-12-11,PM10,zbe,METEO-PURO,23.903,15.277,8.626,56.47
2025-12-12,PM10,zbe,METEO-PURO,33.397,14.148,19.249,136.06
2025-12-13,PM10,zbe,METEO-PURO,32.447,15.567,16.88,108.44
2025-12-14,PM10,zbe,METEO-PURO,31.57,13.651,17.92,131.27
2025-12-15,PM10,zbe,METEO-PURO,15.482,11.064,4.418,39.93
2025-12-16,PM10,zbe,METEO-PURO,15.478,8.805,6.672,75.77
2025-12-17,PM10,zbe,METEO-PURO,12.655,14.642,-1.987,-13.57
2025-12-18,PM10,zbe,METEO-PURO,11.56,15.777,-4.217,-26.73
2025-12-19,PM10,zbe,METEO-PURO,15.917,9.24,6.677,72.26
2025-12-20,PM10,zbe,METEO-PURO,11.374,13.24,-1.866,-14.09
2025-12-21,PM10,zbe,METEO-PURO,4.127,8.824,-4.697,-53.23
2025-12-22,PM10,zbe,METEO-PURO,4.428,11.4,-6.972,-61.16
2025-12-23,PM10,zbe,METEO-PURO,7.707,13.626,-5.919,-43.44
2025-12-24,PM10,zbe,METEO-PURO,11.823,11.125,0.697,6.27
2025-12-25,PM10,zbe,METEO-PURO,11.322,12.796,-1.473,-11.51
2025-12-26,PM10,zbe,METEO-PURO,11.831,12.512,-0.681,-5.44
2025-12-27,PM10,zbe,METEO-PURO,6.131,12.784,-6.653,-52.04
2025-12-28,PM10,zbe,METEO-PURO,10.364,12.118,-1.754,-14.48
2025-12-29,PM10,zbe,METEO-PURO,14.591,17.017,-2.426,-14.25
2025-12-30,PM10,zbe,METEO-PURO,16.595,13.91,2.685,19.3
2025-12-31,PM10,zbe,METEO-PURO,23.794,12.546,11.248,89.66
2026-01-01,PM10,zbe,METEO-PURO,19.023,15.319,3.704,24.18
2026-01-02,PM10,zbe,METEO-PURO,17.46,15.072,2.387,15.84
2026-01-03,PM10,zbe,METEO-PURO,9.502,12.92,-3.417,-26.45
2026-01-04,PM10,zbe,METEO-PURO,8.72,11.021,-2.301,-20.87
2026-01-05,PM10,zbe,METEO-PURO,10.971,13.558,-2.587,-19.08
2026-01-06,PM10,zbe,METEO-PURO,13.249,11.259,1.99,17.67
2026-01-07,PM10,zbe,METEO-PURO,9.151,13.365,-4.214,-31.53
2026-01-08,PM10,zbe,METEO-PURO,5.961,11.458,-5.497,-47.97
2026-01-09,PM10,zbe,METEO-PURO,7.775,10.774,-2.998,-27.83
2026-01-10,PM10,zbe,METEO-PURO,11.24,9.746,1.494,15.33
2026-01-11,PM10,zbe,METEO-PURO,5.51,11.562,-6.052,-52.34
2026-01-12,PM10,zbe,METEO-PURO,10.073,10.56,-0.487,-4.61
2026-01-13,PM10,zbe,METEO-PURO,14.469,11.814,2.655,22.47
2026-01-14,PM10,zbe,METEO-PURO,20.068,13.015,7.053,54.19
2026-01-15,PM10,zbe,METEO-PURO,19.586,10.618,8.968,84.46
2026-01-16,PM10,zbe,METEO-PURO,18.366,13.461,4.905,36.44
2026-01-17,PM10,zbe,METEO-PURO,11.158,10.317,0.841,8.15
2026-01-18,PM10,zbe,METEO-PURO,8.753,12.486,-3.733,-29.89
2026-01-19,PM10,zbe,METEO-PURO,13.078,13.501,-0.423,-3.13
2026-01-20,PM10,zbe,METEO-PURO,11.794,14.694,-2.899,-19.73
2026-01-21,PM10,zbe,METEO-PURO,10.224,8.609,1.616,18.77
2026-01-22,PM10,zbe,METEO-PURO,9.666,8.413,1.253,14.9
2026-01-23,PM10,zbe,METEO-PURO,5.701,6.962,-1.261,-18.11
2026-01-24,PM10,zbe,METEO-PURO,5.442,8.818,-3.376,-38.28
2026-01-25,PM10,zbe,METEO-PURO,10.829,8.936,1.893,21.18
2026-01-26,PM10,zbe,METEO-PURO,8.771,7.356,1.415,19.24
2026-01-27,PM10,zbe,METEO-PURO,6.213,6.877,-0.665,-9.66
2026-01-28,PM10,zbe,METEO-PURO,9.592,9.965,-0.373,-3.74
2026-01-29,PM10,zbe,METEO-PURO,14.516,9.09,5.426,59.69
2026-01-30,PM10,zbe,METEO-PURO,13.596,8.091,5.505,68.03
2026-01-31,PM10,zbe,METEO-PURO,14.936,8.032,6.905,85.96
2026-02-01,PM10,zbe,METEO-PURO,8.54,9.141,-0.6,-6.57
2026-02-02,PM10,zbe,METEO-PURO,5.397,8.011,-2.614,-32.63
2026-02-03,PM10,zbe,METEO-PURO,5.126,9.575,-4.449,-46.47
2026-02-04,PM10,zbe,METEO-PURO,7.067,9.212,-2.146,-23.29
2026-02-05,PM10,zbe,METEO-PURO,6.495,8.119,-1.623,-20.0
2026-02-06,PM10,zbe,METEO-PURO,8.829,13.126,-4.297,-32.74
2026-02-07,PM10,zbe,METEO-PURO,5.631,9.069,-3.438,-37.91
2026-02-08,PM10,zbe,METEO-PURO,15.561,9.214,6.347,68.89
2026-02-09,PM10,zbe,METEO-PURO,13.319,9.055,4.264,47.1
2026-02-10,PM10,zbe,METEO-PURO,13.087,11.007,2.08,18.9
2026-02-11,PM10,zbe,METEO-PURO,18.67,10.133,8.537,84.25
2026-02-12,PM10,zbe,METEO-PURO,18.084,11.98,6.104,50.95
2026-02-13,PM10,zbe,METEO-PURO,11.056,8.534,2.522,29.56
2026-02-14,PM10,zbe,METEO-PURO,16.283,10.074,6.208,61.63
2026-02-15,PM10,zbe,METEO-PURO,6.032,9.13,-3.098,-33.93
2026-02-16,PM10,zbe,METEO-PURO,5.392,9.511,-4.119,-43.31
2026-02-17,PM10,zbe,METEO-PURO,13.005,10.748,2.257,21.0
2026-02-18,PM10,zbe,METEO-PURO,7.522,9.574,-2.052,-21.43
2026-02-19,PM10,zbe,METEO-PURO,14.727,10.308,4.419,42.87
2026-02-20,PM10,zbe,METEO-PURO,24.508,12.148,12.36,101.75
2026-02-21,PM10,zbe,METEO-PURO,17.406,14.757,2.649,17.95
2026-02-22,PM10,zbe,METEO-PURO,18.538,13.968,4.57,32.72
2026-02-23,PM10,zbe,METEO-PURO,21.929,15.892,6.037,37.98
2026-02-24,PM10,zbe,METEO-PURO,24.038,16.218,7.82,48.22
2026-02-25,PM10,zbe,METEO-PURO,29.509,16.683,12.826,76.88
2026-02-26,PM10,zbe,METEO-PURO,32.548,15.723,16.826,107.02
2026-02-27,PM10,zbe,METEO-PURO,27.053,13.311,13.742,103.24
2026-02-28,PM10,zbe,METEO-PURO,35.376,11.251,24.124,214.42
2026-03-01,PM10,zbe,METEO-PURO,26.524,10.383,16.141,155.45
2026-03-02,PM10,zbe,METEO-PURO,22.524,11.829,10.695,90.41
2026-03-03,PM10,zbe,METEO-PURO,27.766,13.192,14.575,110.48
2026-03-04,PM10,zbe,METEO-PURO,47.235,12.714,34.521,271.53
2026-03-05,PM10,zbe,METEO-PURO,27.609,9.746,17.863,183.29
2026-03-06,PM10,zbe,METEO-PURO,5.499,9.186,-3.687,-40.14
2026-03-07,PM10,zbe,METEO-PURO,7.946,10.38,-2.434,-23.45
2026-03-08,PM10,zbe,METEO-PURO,10.298,11.254,-0.956,-8.49
2026-03-09,PM10,zbe,METEO-PURO,16.726,9.17,7.556,82.4
2026-03-10,PM10,zbe,METEO-PURO,22.986,13.135,9.85,74.99
2026-03-11,PM10,zbe,METEO-PURO,23.283,13.706,9.577,69.87
2026-03-12,PM10,zbe,METEO-PURO,20.22,13.739,6.481,47.17
2026-03-13,PM10,zbe,METEO-PURO,10.696,7.969,2.727,34.22
2026-03-14,PM10,zbe,METEO-PURO,6.443,9.288,-2.844,-30.63
2026-03-15,PM10,zbe,METEO-PURO,10.214,9.823,0.391,3.98
2026-03-16,PM10,zbe,METEO-PURO,15.285,12.959,2.327,17.96
2026-03-17,PM10,zbe,METEO-PURO,15.987,15.032,0.955,6.36
2026-03-18,PM10,zbe,METEO-PURO,19.403,14.667,4.735,32.29
2026-03-19,PM10,zbe,METEO-PURO,20.042,11.858,8.183,69.01
2026-03-20,PM10,zbe,METEO-PURO,20.201,10.51,9.691,92.21
2026-03-21,PM10,zbe,METEO-PURO,21.869,12.526,9.342,74.58
2026-03-22,PM10,zbe,METEO-PURO,40.592,9.888,30.704,310.5
2026-03-23,PM10,zbe,METEO-PURO,34.727,12.015,22.713,189.04
2026-03-24,PM10,zbe,METEO-PURO,26.819,14.166,12.653,89.32
2026-03-25,PM10,zbe,METEO-PURO,22.248,13.511,8.737,64.66
2026-03-26,PM10,zbe,METEO-PURO,16.677,12.728,3.949,31.02
2026-03-27,PM10,zbe,METEO-PURO,19.353,10.44,8.914,85.38
2026-03-28,PM10,zbe,METEO-PURO,17.09,10.691,6.399,59.85
2026-03-29,PM10,zbe,METEO-PURO,19.39,11.384,8.005,70.32
2026-03-30,PM10,zbe,METEO-PURO,16.009,10.491,5.519,52.61
2026-03-31,PM10,zbe,METEO-PURO,25.68,11.187,14.493,129.55
2026-04-01,PM10,zbe,METEO-PURO,7.38,10.878,-3.498,-32.15
2026-04-02,PM10,zbe,METEO-PURO,7.645,11.023,-3.378,-30.65
2026-04-03,PM10,zbe,METEO-PURO,10.203,13.518,-3.315,-24.52
2026-04-04,PM10,zbe,METEO-PURO,13.297,14.594,-1.297,-8.88
2026-04-05,PM10,zbe,METEO-PURO,19.149,14.912,4.237,28.42
2026-04-06,PM10,zbe,METEO-PURO,22.441,12.529,9.912,79.11
2026-04-07,PM10,zbe,METEO-PURO,26.591,11.168,15.423,138.1
2026-04-08,PM10,zbe,METEO-PURO,39.352,11.458,27.894,243.45
2026-04-09,PM10,zbe,METEO-PURO,30.521,15.475,15.046,97.23
2026-04-10,PM10,zbe,METEO-PURO,33.744,13.173,20.571,156.17
2026-04-11,PM10,zbe,METEO-PURO,29.896,9.521,20.375,213.99
2026-04-12,PM10,zbe,METEO-PURO,14.432,7.753,6.678,86.14
2026-04-13,PM10,zbe,METEO-PURO,9.41,9.962,-0.553,-5.55
2026-04-14,PM10,zbe,METEO-PURO,12.396,11.109,1.287,11.59
2026-04-15,PM10,zbe,METEO-PURO,14.497,12.922,1.575,12.19
2026-04-16,PM10,zbe,METEO-PURO,18.902,13.266,5.635,42.48
2026-04-17,PM10,zbe,METEO-PURO,18.883,12.862,6.021,46.81
2026-04-18,PM10,zbe,METEO-PURO,14.723,11.439,3.284,28.7
2026-04-19,PM10,zbe,METEO-PURO,18.698,12.339,6.359,51.54
2026-04-20,PM10,zbe,METEO-PURO,26.848,14.756,12.092,81.95
2026-04-21,PM10,zbe,METEO-PURO,29.372,11.223,18.15,161.72
2026-04-22,PM10,zbe,METEO-PURO,29.838,13.782,16.056,116.5
2026-04-23,PM10,zbe,METEO-PURO,34.979,13.748,21.231,154.43
2026-04-24,PM10,zbe,METEO-PURO,21.382,6.614,14.768,223.29
2026-04-25,PM10,zbe,METEO-PURO,21.915,11.149,10.766,96.56
2026-04-26,PM10,zbe,METEO-PURO,19.761,10.757,9.004,83.71
2026-04-27,PM10,zbe,METEO-PURO,21.142,11.104,10.038,90.39
2026-04-28,PM10,zbe,METEO-PURO,23.046,11.619,11.427,98.35
2026-04-29,PM10,zbe,METEO-PURO,16.047,7.365,8.683,117.9
2026-04-30,PM10,zbe,METEO-PURO,12.498,13.758,-1.261,-9.16
2026-05-01,PM10,zbe,METEO-PURO,17.738,8.152,9.587,117.6
2026-05-02,PM10,zbe,METEO-PURO,9.847,6.658,3.188,47.89
2026-05-03,PM10,zbe,METEO-PURO,14.056,6.897,7.159,103.8
2026-05-04,PM10,zbe,METEO-PURO,7.983,7.54,0.443,5.87
2026-05-05,PM10,zbe,METEO-PURO,6.52,9.457,-2.937,-31.05
2026-05-06,PM10,zbe,METEO-PURO,12.844,14.103,-1.259,-8.93
2026-05-07,PM10,zbe,METEO-PURO,13.503,12.969,0.534,4.12
2026-05-08,PM10,zbe,METEO-PURO,9.02,9.048,-0.028,-0.31
2026-05-09,PM10,zbe,METEO-PURO,8.963,8.561,0.402,4.69
2026-05-10,PM10,zbe,METEO-PURO,6.698,9.741,-3.043,-31.24
2026-05-11,PM10,zbe,METEO-PURO,27.753,10.17,17.584,172.9
2026-05-12,PM10,zbe,METEO-PURO,18.225,9.095,9.13,100.38
2026-05-13,PM10,zbe,METEO-PURO,9.841,14.112,-4.271,-30.27
2026-05-14,PM10,zbe,METEO-PURO,7.447,9.156,-1.709,-18.66
2026-05-15,PM10,zbe,METEO-PURO,6.714,9.214,-2.5,-27.13
2026-05-16,PM10,zbe,METEO-PURO,8.16,8.853,-0.694,-7.84
2026-05-17,PM10,zbe,METEO-PURO,12.196,11.351,0.845,7.45
2026-05-18,PM10,zbe,METEO-PURO,11.707,13.164,-1.457,-11.07
2026-05-19,PM10,zbe,METEO-PURO,10.328,14.48,-4.152,-28.67
2026-05-20,PM10,zbe,METEO-PURO,16.782,15.686,1.096,6.99
2026-05-21,PM10,zbe,METEO-PURO,14.201,14.458,-0.258,-1.78
2026-05-22,PM10,zbe,METEO-PURO,15.28,13.729,1.551,11.3
2026-05-23,PM10,zbe,METEO-PURO,17.088,14.32,2.769,19.33
2026-05-24,PM10,zbe,METEO-PURO,12.11,14.161,-2.051,-14.48
2026-05-25,PM10,zbe,METEO-PURO,14.134,11.931,2.203,18.46
2026-05-26,PM10,zbe,METEO-PURO,15.073,12.626,2.447,19.38
2026-05-27,PM10,zbe,METEO-PURO,15.916,15.649,0.268,1.71
2026-05-28,PM10,zbe,METEO-PURO,19.834,15.018,4.816,32.07
2026-05-29,PM10,zbe,METEO-PURO,24.808,14.0,10.808,77.2
2026-05-30,PM10,zbe,METEO-PURO,21.191,11.08,10.111,91.25
2026-05-31,PM10,zbe,METEO-PURO,10.045,13.877,-3.832,-27.62
2026-06-01,PM10,zbe,METEO-PURO,10.359,14.425,-4.065,-28.18
2026-06-02,PM10,zbe,METEO-PURO,13.264,12.027,1.237,10.28
2026-06-03,PM10,zbe,METEO-PURO,10.0,15.044,-5.043,-33.52
2026-06-04,PM10,zbe,METEO-PURO,12.684,8.763,3.92,44.74
2026-06-05,PM10,zbe,METEO-PURO,11.029,11.355,-0.326,-2.87
2026-06-06,PM10,zbe,METEO-PURO,20.673,10.39,10.283,98.97
2026-06-07,PM10,zbe,METEO-PURO,20.33,13.493,6.837,50.67
2026-06-08,PM10,zbe,METEO-PURO,17.775,11.259,6.516,57.87
2026-06-09,PM10,zbe,METEO-PURO,12.093,9.788,2.305,23.55
2026-06-10,PM10,zbe,METEO-PURO,9.968,13.198,-3.231,-24.48
2026-06-11,PM10,zbe,METEO-PURO,9.195,16.64,-7.445,-44.74
2026-06-12,PM10,zbe,METEO-PURO,9.828,16.109,-6.281,-38.99
2026-06-13,PM10,zbe,METEO-PURO,9.762,15.853,-6.091,-38.42
2026-06-14,PM10,zbe,METEO-PURO,10.665,16.029,-5.364,-33.47
2026-06-15,PM10,zbe,METEO-PURO,20.844,16.637,4.207,25.29
2026-06-16,PM10,zbe,METEO-PURO,20.519,16.907,3.612,21.36
2026-06-17,PM10,zbe,METEO-PURO,17.635,15.188,2.447,16.11
2026-06-18,PM10,zbe,METEO-PURO,19.312,13.669,5.642,41.28
2026-06-19,PM10,zbe,METEO-PURO,16.032,11.254,4.779,42.47
2026-06-20,PM10,zbe,METEO-PURO,16.869,13.181,3.688,27.98
2026-06-21,PM10,zbe,METEO-PURO,22.369,14.65,7.719,52.69
2026-06-22,PM10,zbe,METEO-PURO,30.181,14.987,15.194,101.39
2026-06-23,PM10,zbe,METEO-PURO,29.585,16.16,13.425,83.07
2026-06-24,PM10,zbe,METEO-PURO,23.306,15.242,8.064,52.9
2026-06-25,PM10,zbe,METEO-PURO,26.716,8.368,18.348,219.26
2026-06-26,PM10,zbe,METEO-PURO,22.343,15.985,6.358,39.77
2026-06-27,PM10,zbe,METEO-PURO,13.112,14.931,-1.819,-12.18
2026-06-28,PM10,zbe,METEO-PURO,5.921,6.912,-0.991,-14.34
2026-06-29,PM10,zbe,METEO-PURO,7.899,11.147,-3.248,-29.14
2026-06-30,PM10,zbe,METEO-PURO,8.16,11.292,-3.132,-27.74
2026-07-01,PM10,zbe,METEO-PURO,7.226,13.41,-6.183,-46.11
2026-07-02,PM10,zbe,METEO-PURO,8.802,11.519,-2.718,-23.59
2026-07-03,PM10,zbe,METEO-PURO,5.335,10.727,-5.392,-50.26
2026-07-04,PM10,zbe,METEO-PURO,8.645,9.738,-1.093,-11.22
2026-07-05,PM10,zbe,METEO-PURO,11.345,14.918,-3.573,-23.95
2026-07-06,PM10,zbe,METEO-PURO,13.778,15.611,-1.833,-11.74
2026-07-07,PM10,zbe,METEO-PURO,20.291,13.07,7.221,55.25
2026-07-08,PM10,zbe,METEO-PURO,23.542,14.794,8.748,59.13
2026-07-09,PM10,zbe,METEO-PURO,20.601,11.95,8.65,72.39
2026-07-10,PM10,zbe,METEO-PURO,23.314,12.892,10.421,80.83
2026-07-11,PM10,zbe,METEO-PURO,18.628,14.352,4.276,29.8
2026-07-12,PM10,zbe,METEO-PURO,23.374,9.651,13.723,142.19
2026-07-13,PM10,zbe,METEO-PURO,21.699,12.393,9.306,75.09
2026-07-14,PM10,zbe,METEO-PURO,21.394,12.555,8.839,70.4
2026-07-15,PM10,zbe,METEO-PURO,21.15,15.113,6.037,39.94
2026-07-16,PM10,zbe,METEO-PURO,17.954,13.747,4.207,30.6
2026-07-17,PM10,zbe,METEO-PURO,13.294,14.001,-0.708,-5.05
2026-07-18,PM10,zbe,METEO-PURO,13.575,10.629,2.946,27.72
2026-07-19,PM10,zbe,METEO-PURO,21.335,14.028,7.308,52.1
2026-07-20,PM10,zbe,METEO-PURO,24.776,14.443,10.333,71.54
2026-07-21,PM10,zbe,METEO-PURO,16.246,14.177,2.069,14.59
2026-07-22,PM10,zbe,METEO-PURO,15.139,14.794,0.345,2.33
2026-07-23,PM10,zbe,METEO-PURO,19.538,14.912,4.626,31.02
2026-07-24,PM10,zbe,METEO-PURO,21.637,14.543,7.094,48.78
2026-07-25,PM10,zbe,METEO-PURO,13.6,13.29,0.31,2.33
2026-07-26,PM10,zbe,METEO-PURO,9.364,13.458,-4.093,-30.42
2026-07-27,PM10,zbe,METEO-PURO,11.22,14.183,-2.963,-20.89
2026-07-28,PM10,zbe,METEO-PURO,19.418,15.712,3.706,23.58
2025-09-01,PM10,zbe,CON-LAGS,10.006,9.705,0.302,3.11
2025-09-02,PM10,zbe,CON-LAGS,8.445,10.755,-2.31,-21.48
2025-09-03,PM10,zbe,CON-LAGS,15.685,10.476,5.209,49.72
2025-09-04,PM10,zbe,CON-LAGS,11.757,13.216,-1.459,-11.04
2025-09-05,PM10,zbe,CON-LAGS,12.088,14.873,-2.785,-18.72
2025-09-06,PM10,zbe,CON-LAGS,12.106,10.58,1.526,14.42
2025-09-07,PM10,zbe,CON-LAGS,9.484,11.327,-1.843,-16.27
2025-09-08,PM10,zbe,CON-LAGS,5.766,9.722,-3.956,-40.69
2025-09-09,PM10,zbe,CON-LAGS,9.552,13.176,-3.623,-27.5
2025-09-10,PM10,zbe,CON-LAGS,11.588,11.363,0.225,1.98
2025-09-11,PM10,zbe,CON-LAGS,10.081,13.409,-3.327,-24.82
2025-09-12,PM10,zbe,CON-LAGS,8.83,13.616,-4.786,-35.15
2025-09-13,PM10,zbe,CON-LAGS,9.476,12.07,-2.594,-21.49
2025-09-14,PM10,zbe,CON-LAGS,6.629,13.383,-6.754,-50.47
2025-09-15,PM10,zbe,CON-LAGS,8.287,13.369,-5.082,-38.01
2025-09-16,PM10,zbe,CON-LAGS,12.304,13.234,-0.93,-7.03
2025-09-17,PM10,zbe,CON-LAGS,14.989,15.272,-0.283,-1.85
2025-09-18,PM10,zbe,CON-LAGS,16.759,13.413,3.346,24.94
2025-09-19,PM10,zbe,CON-LAGS,12.388,11.966,0.422,3.53
2025-09-20,PM10,zbe,CON-LAGS,7.839,8.332,-0.494,-5.93
2025-09-21,PM10,zbe,CON-LAGS,3.977,8.488,-4.511,-53.15
2025-09-22,PM10,zbe,CON-LAGS,3.878,11.167,-7.289,-65.28
2025-09-23,PM10,zbe,CON-LAGS,6.542,10.319,-3.778,-36.61
2025-09-24,PM10,zbe,CON-LAGS,7.475,13.18,-5.704,-43.28
2025-09-25,PM10,zbe,CON-LAGS,14.64,13.701,0.939,6.85
2025-09-26,PM10,zbe,CON-LAGS,18.967,14.968,4.0,26.72
2025-09-27,PM10,zbe,CON-LAGS,12.781,12.52,0.261,2.09
2025-09-28,PM10,zbe,CON-LAGS,12.916,11.392,1.524,13.38
2025-09-29,PM10,zbe,CON-LAGS,14.215,11.661,2.554,21.9
2025-09-30,PM10,zbe,CON-LAGS,14.999,13.202,1.797,13.61
2025-10-01,PM10,zbe,CON-LAGS,18.374,14.756,3.618,24.52
2025-10-02,PM10,zbe,CON-LAGS,18.316,16.515,1.801,10.91
2025-10-03,PM10,zbe,CON-LAGS,17.209,16.346,0.863,5.28
2025-10-04,PM10,zbe,CON-LAGS,11.026,12.029,-1.004,-8.34
2025-10-05,PM10,zbe,CON-LAGS,12.047,9.987,2.06,20.63
2025-10-06,PM10,zbe,CON-LAGS,13.403,13.709,-0.306,-2.23
2025-10-07,PM10,zbe,CON-LAGS,11.216,13.801,-2.585,-18.73
2025-10-08,PM10,zbe,CON-LAGS,13.976,13.1,0.877,6.69
2025-10-09,PM10,zbe,CON-LAGS,12.674,11.082,1.592,14.36
2025-10-10,PM10,zbe,CON-LAGS,14.968,11.749,3.219,27.4
2025-10-11,PM10,zbe,CON-LAGS,13.856,13.142,0.714,5.43
2025-10-12,PM10,zbe,CON-LAGS,8.043,14.463,-6.42,-44.39
2025-10-13,PM10,zbe,CON-LAGS,10.896,14.053,-3.157,-22.46
2025-10-14,PM10,zbe,CON-LAGS,21.77,14.224,7.546,53.05
2025-10-15,PM10,zbe,CON-LAGS,21.781,14.551,7.23,49.69
2025-10-16,PM10,zbe,CON-LAGS,25.083,15.852,9.232,58.24
2025-10-17,PM10,zbe,CON-LAGS,20.539,16.34,4.199,25.7
2025-10-18,PM10,zbe,CON-LAGS,17.448,15.063,2.385,15.83
2025-10-19,PM10,zbe,CON-LAGS,9.23,7.791,1.44,18.48
2025-10-20,PM10,zbe,CON-LAGS,3.683,12.472,-8.789,-70.47
2025-10-21,PM10,zbe,CON-LAGS,3.291,10.406,-7.115,-68.38
2025-10-22,PM10,zbe,CON-LAGS,6.017,11.817,-5.8,-49.08
2025-10-23,PM10,zbe,CON-LAGS,15.386,9.354,6.032,64.48
2025-10-24,PM10,zbe,CON-LAGS,13.876,13.16,0.715,5.43
2025-10-25,PM10,zbe,CON-LAGS,8.238,11.094,-2.856,-25.75
2025-10-26,PM10,zbe,CON-LAGS,7.474,10.211,-2.737,-26.8
2025-10-27,PM10,zbe,CON-LAGS,12.83,14.442,-1.612,-11.16
2025-10-28,PM10,zbe,CON-LAGS,11.117,15.765,-4.648,-29.48
2025-10-29,PM10,zbe,CON-LAGS,6.351,10.082,-3.731,-37.01
2025-10-30,PM10,zbe,CON-LAGS,4.59,12.5,-7.91,-63.28
2025-10-31,PM10,zbe,CON-LAGS,3.698,7.974,-4.276,-53.62
2025-11-01,PM10,zbe,CON-LAGS,4.797,7.608,-2.811,-36.95
2025-11-02,PM10,zbe,CON-LAGS,7.377,11.816,-4.439,-37.57
2025-11-03,PM10,zbe,CON-LAGS,8.906,15.79,-6.884,-43.6
2025-11-04,PM10,zbe,CON-LAGS,8.535,11.477,-2.942,-25.63
2025-11-05,PM10,zbe,CON-LAGS,4.181,10.224,-6.043,-59.11
2025-11-06,PM10,zbe,CON-LAGS,4.812,9.489,-4.676,-49.28
2025-11-07,PM10,zbe,CON-LAGS,5.136,8.574,-3.438,-40.1
2025-11-08,PM10,zbe,CON-LAGS,8.441,9.115,-0.674,-7.4
2025-11-09,PM10,zbe,CON-LAGS,5.803,13.23,-7.427,-56.14
2025-11-10,PM10,zbe,CON-LAGS,4.521,13.19,-8.669,-65.72
2025-11-11,PM10,zbe,CON-LAGS,8.403,12.923,-4.519,-34.97
2025-11-12,PM10,zbe,CON-LAGS,17.154,11.357,5.797,51.05
2025-11-13,PM10,zbe,CON-LAGS,27.015,11.943,15.071,126.19
2025-11-14,PM10,zbe,CON-LAGS,7.56,9.974,-2.414,-24.21
2025-11-15,PM10,zbe,CON-LAGS,5.964,9.533,-3.569,-37.43
2025-11-16,PM10,zbe,CON-LAGS,6.081,13.219,-7.138,-54.0
2025-11-17,PM10,zbe,CON-LAGS,13.898,11.322,2.576,22.75
2025-11-18,PM10,zbe,CON-LAGS,12.306,14.451,-2.146,-14.85
2025-11-19,PM10,zbe,CON-LAGS,8.254,10.497,-2.244,-21.37
2025-11-20,PM10,zbe,CON-LAGS,9.379,9.767,-0.388,-3.97
2025-11-21,PM10,zbe,CON-LAGS,9.605,9.68,-0.074,-0.77
2025-11-22,PM10,zbe,CON-LAGS,6.766,11.94,-5.174,-43.33
2025-11-23,PM10,zbe,CON-LAGS,4.407,9.114,-4.707,-51.64
2025-11-24,PM10,zbe,CON-LAGS,8.327,8.708,-0.381,-4.38
2025-11-25,PM10,zbe,CON-LAGS,17.248,9.962,7.286,73.13
2025-11-26,PM10,zbe,CON-LAGS,12.887,12.268,0.619,5.05
2025-11-27,PM10,zbe,CON-LAGS,12.806,14.634,-1.828,-12.49
2025-11-29,PM10,zbe,CON-LAGS,8.236,11.337,-3.101,-27.35
2025-11-30,PM10,zbe,CON-LAGS,10.278,9.27,1.008,10.88
2025-12-01,PM10,zbe,CON-LAGS,5.627,13.836,-8.21,-59.33
2025-12-02,PM10,zbe,CON-LAGS,8.841,8.896,-0.056,-0.63
2025-12-03,PM10,zbe,CON-LAGS,7.657,12.613,-4.957,-39.3
2025-12-04,PM10,zbe,CON-LAGS,10.806,10.192,0.613,6.02
2025-12-05,PM10,zbe,CON-LAGS,8.178,9.815,-1.637,-16.68
2025-12-06,PM10,zbe,CON-LAGS,3.127,10.964,-7.838,-71.48
2025-12-07,PM10,zbe,CON-LAGS,3.037,10.281,-7.244,-70.46
2025-12-08,PM10,zbe,CON-LAGS,6.957,11.843,-4.886,-41.26
2025-12-09,PM10,zbe,CON-LAGS,13.957,10.301,3.657,35.5
2025-12-10,PM10,zbe,CON-LAGS,15.176,11.158,4.019,36.02
2025-12-11,PM10,zbe,CON-LAGS,23.903,14.302,9.602,67.14
2025-12-12,PM10,zbe,CON-LAGS,33.397,16.159,17.238,106.67
2025-12-13,PM10,zbe,CON-LAGS,32.447,15.912,16.535,103.92
2025-12-14,PM10,zbe,CON-LAGS,31.57,14.776,16.794,113.66
2025-12-15,PM10,zbe,CON-LAGS,15.482,10.088,5.394,53.47
2025-12-16,PM10,zbe,CON-LAGS,15.478,9.127,6.35,69.57
2025-12-17,PM10,zbe,CON-LAGS,12.655,14.211,-1.557,-10.95
2025-12-18,PM10,zbe,CON-LAGS,11.56,12.151,-0.592,-4.87
2025-12-19,PM10,zbe,CON-LAGS,15.917,9.197,6.72,73.06
2025-12-20,PM10,zbe,CON-LAGS,11.374,9.691,1.682,17.36
2025-12-21,PM10,zbe,CON-LAGS,4.127,7.577,-3.449,-45.53
2025-12-22,PM10,zbe,CON-LAGS,4.428,8.444,-4.016,-47.56
2025-12-23,PM10,zbe,CON-LAGS,7.707,10.595,-2.888,-27.26
2025-12-24,PM10,zbe,CON-LAGS,11.823,9.723,2.1,21.6
2025-12-25,PM10,zbe,CON-LAGS,11.322,12.755,-1.433,-11.23
2025-12-26,PM10,zbe,CON-LAGS,11.831,13.001,-1.17,-9.0
2025-12-27,PM10,zbe,CON-LAGS,6.131,10.648,-4.517,-42.42
2025-12-28,PM10,zbe,CON-LAGS,10.364,10.641,-0.278,-2.61
2025-12-29,PM10,zbe,CON-LAGS,14.591,14.309,0.282,1.97
2025-12-30,PM10,zbe,CON-LAGS,16.595,12.213,4.381,35.88
2025-12-31,PM10,zbe,CON-LAGS,23.794,13.289,10.504,79.05
2026-01-01,PM10,zbe,CON-LAGS,19.023,15.44,3.583,23.2
2026-01-02,PM10,zbe,CON-LAGS,17.46,12.947,4.512,34.85
2026-01-03,PM10,zbe,CON-LAGS,9.502,10.315,-0.813,-7.88
2026-01-04,PM10,zbe,CON-LAGS,8.72,8.115,0.605,7.46
2026-01-05,PM10,zbe,CON-LAGS,10.971,11.13,-0.159,-1.43
2026-01-06,PM10,zbe,CON-LAGS,13.249,9.137,4.112,45.0
2026-01-07,PM10,zbe,CON-LAGS,9.151,14.276,-5.124,-35.9
2026-01-08,PM10,zbe,CON-LAGS,5.961,15.7,-9.738,-62.03
2026-01-09,PM10,zbe,CON-LAGS,7.775,11.649,-3.874,-33.25
2026-01-10,PM10,zbe,CON-LAGS,11.24,9.542,1.698,17.79
2026-01-11,PM10,zbe,CON-LAGS,5.51,10.766,-5.255,-48.82
2026-01-12,PM10,zbe,CON-LAGS,10.073,11.539,-1.466,-12.71
2026-01-13,PM10,zbe,CON-LAGS,14.469,11.723,2.746,23.42
2026-01-14,PM10,zbe,CON-LAGS,20.068,11.927,8.141,68.26
2026-01-15,PM10,zbe,CON-LAGS,19.586,7.868,11.718,148.92
2026-01-16,PM10,zbe,CON-LAGS,18.366,15.062,3.305,21.94
2026-01-17,PM10,zbe,CON-LAGS,11.158,9.734,1.424,14.63
2026-01-18,PM10,zbe,CON-LAGS,8.753,11.845,-3.091,-26.1
2026-01-19,PM10,zbe,CON-LAGS,13.078,11.779,1.299,11.03
2026-01-20,PM10,zbe,CON-LAGS,11.794,12.74,-0.945,-7.42
2026-01-21,PM10,zbe,CON-LAGS,10.224,9.739,0.486,4.99
2026-01-22,PM10,zbe,CON-LAGS,9.666,10.107,-0.442,-4.37
2026-01-23,PM10,zbe,CON-LAGS,5.701,8.028,-2.326,-28.98
2026-01-24,PM10,zbe,CON-LAGS,5.442,8.784,-3.341,-38.04
2026-01-25,PM10,zbe,CON-LAGS,10.829,7.614,3.214,42.22
2026-01-26,PM10,zbe,CON-LAGS,8.771,7.584,1.187,15.65
2026-01-27,PM10,zbe,CON-LAGS,6.213,11.058,-4.846,-43.82
2026-01-28,PM10,zbe,CON-LAGS,9.592,11.16,-1.568,-14.05
2026-01-29,PM10,zbe,CON-LAGS,14.516,9.39,5.127,54.6
2026-01-30,PM10,zbe,CON-LAGS,13.596,8.31,5.286,63.61
2026-01-31,PM10,zbe,CON-LAGS,14.936,9.189,5.747,62.54
2026-02-01,PM10,zbe,CON-LAGS,8.54,9.871,-1.33,-13.48
2026-02-02,PM10,zbe,CON-LAGS,5.397,9.262,-3.865,-41.73
2026-02-03,PM10,zbe,CON-LAGS,5.126,9.489,-4.363,-45.98
2026-02-04,PM10,zbe,CON-LAGS,7.067,8.068,-1.001,-12.41
2026-02-05,PM10,zbe,CON-LAGS,6.495,7.162,-0.667,-9.31
2026-02-06,PM10,zbe,CON-LAGS,8.829,11.066,-2.238,-20.22
2026-02-07,PM10,zbe,CON-LAGS,5.631,10.536,-4.905,-46.55
2026-02-08,PM10,zbe,CON-LAGS,15.561,9.258,6.304,68.09
2026-02-09,PM10,zbe,CON-LAGS,13.319,8.859,4.46,50.35
2026-02-10,PM10,zbe,CON-LAGS,13.087,9.25,3.837,41.48
2026-02-11,PM10,zbe,CON-LAGS,18.67,9.431,9.24,97.97
2026-02-12,PM10,zbe,CON-LAGS,18.084,9.19,8.894,96.78
2026-02-13,PM10,zbe,CON-LAGS,11.056,7.041,4.015,57.03
2026-02-14,PM10,zbe,CON-LAGS,16.283,8.035,8.248,102.65
2026-02-15,PM10,zbe,CON-LAGS,6.032,8.037,-2.004,-24.94
2026-02-16,PM10,zbe,CON-LAGS,5.392,8.433,-3.041,-36.06
2026-02-17,PM10,zbe,CON-LAGS,13.005,8.74,4.265,48.79
2026-02-18,PM10,zbe,CON-LAGS,7.522,7.468,0.054,0.72
2026-02-19,PM10,zbe,CON-LAGS,14.727,9.538,5.189,54.4
2026-02-20,PM10,zbe,CON-LAGS,24.508,10.497,14.011,133.47
2026-02-21,PM10,zbe,CON-LAGS,17.406,14.411,2.995,20.79
2026-02-22,PM10,zbe,CON-LAGS,18.538,14.778,3.761,25.45
2026-02-23,PM10,zbe,CON-LAGS,21.929,15.959,5.97,37.41
2026-02-24,PM10,zbe,CON-LAGS,24.038,15.803,8.235,52.11
2026-02-25,PM10,zbe,CON-LAGS,29.509,16.407,13.103,79.86
2026-02-26,PM10,zbe,CON-LAGS,32.548,16.314,16.235,99.52
2026-02-27,PM10,zbe,CON-LAGS,27.053,12.19,14.863,121.92
2026-02-28,PM10,zbe,CON-LAGS,35.376,9.454,25.921,274.18
2026-03-01,PM10,zbe,CON-LAGS,26.524,12.109,14.416,119.06
2026-03-02,PM10,zbe,CON-LAGS,22.524,10.9,11.624,106.65
2026-03-03,PM10,zbe,CON-LAGS,27.766,10.918,16.849,154.32
2026-03-04,PM10,zbe,CON-LAGS,47.235,11.35,35.885,316.18
2026-03-05,PM10,zbe,CON-LAGS,27.609,9.016,18.592,206.21
2026-03-06,PM10,zbe,CON-LAGS,5.499,8.602,-3.103,-36.07
2026-03-07,PM10,zbe,CON-LAGS,7.946,9.025,-1.079,-11.95
2026-03-08,PM10,zbe,CON-LAGS,10.298,11.597,-1.299,-11.2
2026-03-09,PM10,zbe,CON-LAGS,16.726,10.403,6.324,60.79
2026-03-10,PM10,zbe,CON-LAGS,22.986,11.868,11.118,93.68
2026-03-11,PM10,zbe,CON-LAGS,23.283,12.745,10.539,82.69
2026-03-12,PM10,zbe,CON-LAGS,20.22,13.96,6.26,44.84
2026-03-13,PM10,zbe,CON-LAGS,10.696,8.698,1.998,22.98
2026-03-14,PM10,zbe,CON-LAGS,6.443,8.905,-2.462,-27.64
2026-03-15,PM10,zbe,CON-LAGS,10.214,8.272,1.942,23.47
2026-03-16,PM10,zbe,CON-LAGS,15.285,11.732,3.553,30.29
2026-03-17,PM10,zbe,CON-LAGS,15.987,14.146,1.842,13.02
2026-03-18,PM10,zbe,CON-LAGS,19.403,15.465,3.938,25.46
2026-03-19,PM10,zbe,CON-LAGS,20.042,12.276,7.766,63.26
2026-03-20,PM10,zbe,CON-LAGS,20.201,11.971,8.23,68.75
2026-03-21,PM10,zbe,CON-LAGS,21.869,12.552,9.317,74.23
2026-03-22,PM10,zbe,CON-LAGS,40.592,12.147,28.445,234.18
2026-03-23,PM10,zbe,CON-LAGS,34.727,10.862,23.865,219.71
2026-03-24,PM10,zbe,CON-LAGS,26.819,16.097,10.722,66.61
2026-03-25,PM10,zbe,CON-LAGS,22.248,10.774,11.474,106.5
2026-03-26,PM10,zbe,CON-LAGS,16.677,10.606,6.07,57.23
2026-03-27,PM10,zbe,CON-LAGS,19.353,9.804,9.549,97.4
2026-03-28,PM10,zbe,CON-LAGS,17.09,8.532,8.558,100.3
2026-03-29,PM10,zbe,CON-LAGS,19.39,8.511,10.878,127.81
2026-03-30,PM10,zbe,CON-LAGS,16.009,8.282,7.728,93.31
2026-03-31,PM10,zbe,CON-LAGS,25.68,8.97,16.711,186.3
2026-04-01,PM10,zbe,CON-LAGS,7.38,9.708,-2.328,-23.98
2026-04-02,PM10,zbe,CON-LAGS,7.645,9.36,-1.716,-18.33
2026-04-03,PM10,zbe,CON-LAGS,10.203,11.662,-1.459,-12.51
2026-04-04,PM10,zbe,CON-LAGS,13.297,15.422,-2.125,-13.78
2026-04-05,PM10,zbe,CON-LAGS,19.149,15.556,3.593,23.1
2026-04-06,PM10,zbe,CON-LAGS,22.441,11.884,10.556,88.82
2026-04-07,PM10,zbe,CON-LAGS,26.591,11.757,14.834,126.16
2026-04-08,PM10,zbe,CON-LAGS,39.352,13.01,26.342,202.47
2026-04-09,PM10,zbe,CON-LAGS,30.521,13.958,16.563,118.67
2026-04-10,PM10,zbe,CON-LAGS,33.744,15.87,17.874,112.63
2026-04-11,PM10,zbe,CON-LAGS,29.896,8.927,20.969,234.89
2026-04-12,PM10,zbe,CON-LAGS,14.432,7.319,7.112,97.17
2026-04-13,PM10,zbe,CON-LAGS,9.41,9.074,0.335,3.7
2026-04-14,PM10,zbe,CON-LAGS,12.396,12.596,-0.2,-1.59
2026-04-15,PM10,zbe,CON-LAGS,14.497,12.795,1.702,13.3
2026-04-16,PM10,zbe,CON-LAGS,18.902,12.648,6.254,49.45
2026-04-17,PM10,zbe,CON-LAGS,18.883,12.152,6.731,55.39
2026-04-18,PM10,zbe,CON-LAGS,14.723,12.321,2.402,19.5
2026-04-19,PM10,zbe,CON-LAGS,18.698,11.77,6.928,58.86
2026-04-20,PM10,zbe,CON-LAGS,26.848,13.356,13.492,101.02
2026-04-21,PM10,zbe,CON-LAGS,29.372,12.347,17.025,137.89
2026-04-22,PM10,zbe,CON-LAGS,29.838,15.129,14.709,97.23
2026-04-23,PM10,zbe,CON-LAGS,34.979,14.684,20.294,138.21
2026-04-24,PM10,zbe,CON-LAGS,21.382,8.424,12.958,153.82
2026-04-25,PM10,zbe,CON-LAGS,21.915,12.795,9.12,71.28
2026-04-26,PM10,zbe,CON-LAGS,19.761,11.806,7.955,67.38
2026-04-27,PM10,zbe,CON-LAGS,21.142,13.514,7.629,56.45
2026-04-28,PM10,zbe,CON-LAGS,23.046,15.315,7.73,50.47
2026-04-29,PM10,zbe,CON-LAGS,16.047,9.928,6.12,61.64
2026-04-30,PM10,zbe,CON-LAGS,12.498,13.6,-1.102,-8.11
2026-05-01,PM10,zbe,CON-LAGS,17.738,10.757,6.981,64.89
2026-05-02,PM10,zbe,CON-LAGS,9.847,7.798,2.049,26.27
2026-05-03,PM10,zbe,CON-LAGS,14.056,8.296,5.76,69.43
2026-05-04,PM10,zbe,CON-LAGS,7.983,8.332,-0.349,-4.19
2026-05-05,PM10,zbe,CON-LAGS,6.52,10.354,-3.833,-37.02
2026-05-06,PM10,zbe,CON-LAGS,12.844,13.226,-0.382,-2.89
2026-05-07,PM10,zbe,CON-LAGS,13.503,11.514,1.989,17.28
2026-05-08,PM10,zbe,CON-LAGS,9.02,10.568,-1.548,-14.64
2026-05-09,PM10,zbe,CON-LAGS,8.963,9.388,-0.425,-4.53
2026-05-10,PM10,zbe,CON-LAGS,6.698,9.943,-3.245,-32.64
2026-05-11,PM10,zbe,CON-LAGS,27.753,11.042,16.712,151.35
2026-05-12,PM10,zbe,CON-LAGS,18.225,10.226,7.999,78.21
2026-05-13,PM10,zbe,CON-LAGS,9.841,14.687,-4.846,-33.0
2026-05-14,PM10,zbe,CON-LAGS,7.447,11.803,-4.356,-36.91
2026-05-15,PM10,zbe,CON-LAGS,6.714,9.484,-2.77,-29.21
2026-05-16,PM10,zbe,CON-LAGS,8.16,10.093,-1.933,-19.16
2026-05-17,PM10,zbe,CON-LAGS,12.196,10.223,1.973,19.3
2026-05-18,PM10,zbe,CON-LAGS,11.707,13.81,-2.102,-15.22
2026-05-19,PM10,zbe,CON-LAGS,10.328,14.154,-3.826,-27.03
2026-05-20,PM10,zbe,CON-LAGS,16.782,14.778,2.004,13.56
2026-05-21,PM10,zbe,CON-LAGS,14.201,14.806,-0.606,-4.09
2026-05-22,PM10,zbe,CON-LAGS,15.28,14.535,0.745,5.13
2026-05-23,PM10,zbe,CON-LAGS,17.088,13.693,3.395,24.8
2026-05-24,PM10,zbe,CON-LAGS,12.11,14.983,-2.874,-19.18
2026-05-25,PM10,zbe,CON-LAGS,14.134,14.243,-0.109,-0.77
2026-05-26,PM10,zbe,CON-LAGS,15.073,12.987,2.085,16.06
2026-05-27,PM10,zbe,CON-LAGS,15.916,15.801,0.116,0.73
2026-05-28,PM10,zbe,CON-LAGS,19.834,15.372,4.463,29.03
2026-05-29,PM10,zbe,CON-LAGS,24.808,15.507,9.301,59.98
2026-05-30,PM10,zbe,CON-LAGS,21.191,13.63,7.561,55.48
2026-05-31,PM10,zbe,CON-LAGS,10.045,13.871,-3.826,-27.59
2026-06-01,PM10,zbe,CON-LAGS,10.359,15.464,-5.104,-33.01
2026-06-02,PM10,zbe,CON-LAGS,13.264,11.034,2.23,20.21
2026-06-03,PM10,zbe,CON-LAGS,10.0,12.898,-2.898,-22.47
2026-06-04,PM10,zbe,CON-LAGS,12.684,10.146,2.538,25.01
2026-06-05,PM10,zbe,CON-LAGS,11.029,11.163,-0.134,-1.2
2026-06-06,PM10,zbe,CON-LAGS,20.673,9.718,10.954,112.72
2026-06-07,PM10,zbe,CON-LAGS,20.33,12.639,7.691,60.85
2026-06-08,PM10,zbe,CON-LAGS,17.775,12.155,5.62,46.24
2026-06-09,PM10,zbe,CON-LAGS,12.093,12.054,0.039,0.32
2026-06-10,PM10,zbe,CON-LAGS,9.968,12.92,-2.952,-22.85
2026-06-11,PM10,zbe,CON-LAGS,9.195,14.041,-4.847,-34.52
2026-06-12,PM10,zbe,CON-LAGS,9.828,13.527,-3.699,-27.35
2026-06-13,PM10,zbe,CON-LAGS,9.762,14.85,-5.088,-34.26
2026-06-14,PM10,zbe,CON-LAGS,10.665,13.187,-2.522,-19.13
2026-06-15,PM10,zbe,CON-LAGS,20.844,12.964,7.88,60.78
2026-06-16,PM10,zbe,CON-LAGS,20.519,15.31,5.209,34.02
2026-06-17,PM10,zbe,CON-LAGS,17.635,14.138,3.497,24.74
2026-06-18,PM10,zbe,CON-LAGS,19.312,15.064,4.247,28.2
2026-06-19,PM10,zbe,CON-LAGS,16.032,13.484,2.549,18.9
2026-06-20,PM10,zbe,CON-LAGS,16.869,14.687,2.181,14.85
2026-06-21,PM10,zbe,CON-LAGS,22.369,14.154,8.214,58.03
2026-06-22,PM10,zbe,CON-LAGS,30.181,15.405,14.777,95.92
2026-06-23,PM10,zbe,CON-LAGS,29.585,17.891,11.694,65.36
2026-06-24,PM10,zbe,CON-LAGS,23.306,19.196,4.11,21.41
2026-06-25,PM10,zbe,CON-LAGS,26.716,14.456,12.26,84.81
2026-06-26,PM10,zbe,CON-LAGS,22.343,17.049,5.294,31.05
2026-06-27,PM10,zbe,CON-LAGS,13.112,16.485,-3.373,-20.46
2026-06-28,PM10,zbe,CON-LAGS,5.921,9.069,-3.149,-34.72
2026-06-29,PM10,zbe,CON-LAGS,7.899,12.368,-4.469,-36.13
2026-06-30,PM10,zbe,CON-LAGS,8.16,11.974,-3.814,-31.86
2026-07-01,PM10,zbe,CON-LAGS,7.226,12.61,-5.384,-42.69
2026-07-02,PM10,zbe,CON-LAGS,8.802,10.997,-2.196,-19.97
2026-07-03,PM10,zbe,CON-LAGS,5.335,10.391,-5.056,-48.66
2026-07-04,PM10,zbe,CON-LAGS,8.645,10.069,-1.425,-14.15
2026-07-05,PM10,zbe,CON-LAGS,11.345,14.614,-3.268,-22.37
2026-07-06,PM10,zbe,CON-LAGS,13.778,16.047,-2.269,-14.14
2026-07-07,PM10,zbe,CON-LAGS,20.291,16.805,3.486,20.74
2026-07-08,PM10,zbe,CON-LAGS,23.542,17.348,6.194,35.71
2026-07-09,PM10,zbe,CON-LAGS,20.601,16.476,4.124,25.03
2026-07-10,PM10,zbe,CON-LAGS,23.314,14.893,8.421,56.54
2026-07-11,PM10,zbe,CON-LAGS,18.628,15.901,2.727,17.15
2026-07-12,PM10,zbe,CON-LAGS,23.374,12.0,11.374,94.78
2026-07-13,PM10,zbe,CON-LAGS,21.699,14.148,7.551,53.37
2026-07-14,PM10,zbe,CON-LAGS,21.394,13.406,7.988,59.59
2026-07-15,PM10,zbe,CON-LAGS,21.15,14.086,7.063,50.14
2026-07-16,PM10,zbe,CON-LAGS,17.954,15.565,2.388,15.34
2026-07-17,PM10,zbe,CON-LAGS,13.294,15.565,-2.272,-14.59
2026-07-18,PM10,zbe,CON-LAGS,13.575,14.006,-0.432,-3.08
2026-07-19,PM10,zbe,CON-LAGS,21.335,13.801,7.534,54.59
2026-07-20,PM10,zbe,CON-LAGS,24.776,13.084,11.692,89.36
2026-07-21,PM10,zbe,CON-LAGS,16.246,16.34,-0.095,-0.58
2026-07-22,PM10,zbe,CON-LAGS,15.139,17.162,-2.023,-11.79
2026-07-23,PM10,zbe,CON-LAGS,19.538,18.445,1.093,5.92
2026-07-24,PM10,zbe,CON-LAGS,21.637,18.983,2.654,13.98
2026-07-25,PM10,zbe,CON-LAGS,13.6,18.575,-4.975,-26.78
2026-07-26,PM10,zbe,CON-LAGS,9.364,17.215,-7.85,-45.6
2026-07-27,PM10,zbe,CON-LAGS,11.22,15.319,-4.099,-26.76
2026-07-28,PM10,zbe,CON-LAGS,19.418,13.897,5.521,39.73
2025-09-01,PM10,out,METEO-PURO,10.233,7.878,2.355,29.9
2025-09-02,PM10,out,METEO-PURO,8.29,8.081,0.209,2.58
2025-09-03,PM10,out,METEO-PURO,14.429,7.366,7.063,95.88
2025-09-04,PM10,out,METEO-PURO,11.729,8.845,2.885,32.61
2025-09-05,PM10,out,METEO-PURO,11.5,7.316,4.184,57.19
2025-09-06,PM10,out,METEO-PURO,11.33,5.827,5.503,94.43
2025-09-07,PM10,out,METEO-PURO,8.842,5.2,3.642,70.05
2025-09-08,PM10,out,METEO-PURO,5.266,5.187,0.079,1.53
2025-09-09,PM10,out,METEO-PURO,9.656,7.893,1.763,22.34
2025-09-10,PM10,out,METEO-PURO,11.715,6.036,5.679,94.08
2025-09-11,PM10,out,METEO-PURO,10.089,8.086,2.003,24.77
2025-09-12,PM10,out,METEO-PURO,8.81,6.243,2.566,41.11
2025-09-13,PM10,out,METEO-PURO,9.779,6.589,3.19,48.41
2025-09-14,PM10,out,METEO-PURO,6.695,7.059,-0.364,-5.16
2025-09-15,PM10,out,METEO-PURO,8.401,7.332,1.07,14.59
2025-09-16,PM10,out,METEO-PURO,13.21,7.939,5.271,66.39
2025-09-17,PM10,out,METEO-PURO,15.088,9.271,5.817,62.75
2025-09-18,PM10,out,METEO-PURO,15.764,8.188,7.576,92.52
2025-09-19,PM10,out,METEO-PURO,11.492,6.994,4.498,64.32
2025-09-20,PM10,out,METEO-PURO,7.284,6.566,0.718,10.94
2025-09-21,PM10,out,METEO-PURO,3.955,6.658,-2.702,-40.59
2025-09-22,PM10,out,METEO-PURO,4.139,7.895,-3.756,-47.58
2025-09-23,PM10,out,METEO-PURO,6.862,7.641,-0.779,-10.2
2025-09-24,PM10,out,METEO-PURO,8.062,9.441,-1.378,-14.6
2025-09-25,PM10,out,METEO-PURO,8.781,8.611,0.17,1.97
2025-09-26,PM10,out,METEO-PURO,9.468,8.778,0.69,7.87
2025-09-27,PM10,out,METEO-PURO,9.607,8.313,1.294,15.56
2025-09-28,PM10,out,METEO-PURO,9.844,8.748,1.096,12.53
2025-09-29,PM10,out,METEO-PURO,11.394,9.933,1.461,14.71
2025-09-30,PM10,out,METEO-PURO,12.071,9.559,2.512,26.28
2025-10-01,PM10,out,METEO-PURO,14.523,10.192,4.331,42.49
2025-10-02,PM10,out,METEO-PURO,12.134,9.982,2.153,21.57
2025-10-03,PM10,out,METEO-PURO,16.673,8.57,8.102,94.54
2025-10-04,PM10,out,METEO-PURO,11.188,7.561,3.627,47.97
2025-10-05,PM10,out,METEO-PURO,11.867,6.736,5.131,76.18
2025-10-06,PM10,out,METEO-PURO,10.528,10.526,0.003,0.03
2025-10-07,PM10,out,METEO-PURO,8.998,10.326,-1.328,-12.86
2025-10-08,PM10,out,METEO-PURO,14.547,10.346,4.2,40.6
2025-10-09,PM10,out,METEO-PURO,12.254,7.191,5.062,70.4
2025-10-10,PM10,out,METEO-PURO,14.398,7.65,6.748,88.2
2025-10-11,PM10,out,METEO-PURO,13.125,7.858,5.267,67.03
2025-10-12,PM10,out,METEO-PURO,8.341,7.394,0.947,12.81
2025-10-13,PM10,out,METEO-PURO,11.469,8.602,2.867,33.33
2025-10-14,PM10,out,METEO-PURO,24.336,9.025,15.311,169.66
2025-10-15,PM10,out,METEO-PURO,23.04,8.982,14.058,156.51
2025-10-16,PM10,out,METEO-PURO,23.227,8.855,14.371,162.29
2025-10-17,PM10,out,METEO-PURO,20.94,7.685,13.255,172.49
2025-10-18,PM10,out,METEO-PURO,16.581,7.794,8.787,112.73
2025-10-19,PM10,out,METEO-PURO,9.077,4.921,4.156,84.44
2025-10-20,PM10,out,METEO-PURO,3.422,7.537,-4.115,-54.6
2025-10-21,PM10,out,METEO-PURO,3.054,7.472,-4.418,-59.12
2025-10-22,PM10,out,METEO-PURO,5.86,7.726,-1.867,-24.16
2025-10-23,PM10,out,METEO-PURO,15.714,7.848,7.866,100.23
2025-10-24,PM10,out,METEO-PURO,14.447,7.139,7.308,102.36
2025-10-25,PM10,out,METEO-PURO,8.687,6.041,2.646,43.81
2025-10-26,PM10,out,METEO-PURO,7.309,7.089,0.22,3.11
2025-10-27,PM10,out,METEO-PURO,10.351,8.829,1.522,17.24
2025-10-28,PM10,out,METEO-PURO,8.98,10.419,-1.439,-13.81
2025-10-29,PM10,out,METEO-PURO,6.677,6.878,-0.202,-2.93
2025-10-30,PM10,out,METEO-PURO,4.505,7.804,-3.299,-42.27
2025-10-31,PM10,out,METEO-PURO,3.009,6.72,-3.71,-55.22
2025-11-01,PM10,out,METEO-PURO,4.676,4.848,-0.173,-3.57
2025-11-02,PM10,out,METEO-PURO,7.233,9.973,-2.74,-27.47
2025-11-03,PM10,out,METEO-PURO,7.908,11.521,-3.613,-31.36
2025-11-04,PM10,out,METEO-PURO,8.573,10.443,-1.87,-17.91
2025-11-05,PM10,out,METEO-PURO,4.284,6.45,-2.166,-33.58
2025-11-06,PM10,out,METEO-PURO,4.892,8.321,-3.429,-41.21
2025-11-07,PM10,out,METEO-PURO,5.027,7.292,-2.265,-31.07
2025-11-08,PM10,out,METEO-PURO,7.631,7.667,-0.037,-0.48
2025-11-09,PM10,out,METEO-PURO,5.253,9.653,-4.4,-45.58
2025-11-10,PM10,out,METEO-PURO,4.241,11.037,-6.796,-61.57
2025-11-11,PM10,out,METEO-PURO,6.049,9.913,-3.864,-38.98
2025-11-12,PM10,out,METEO-PURO,9.434,10.181,-0.747,-7.33
2025-11-13,PM10,out,METEO-PURO,12.609,8.221,4.389,53.38
2025-11-14,PM10,out,METEO-PURO,3.316,6.538,-3.222,-49.28
2025-11-15,PM10,out,METEO-PURO,2.943,5.947,-3.003,-50.5
2025-11-16,PM10,out,METEO-PURO,3.994,10.487,-6.493,-61.92
2025-11-17,PM10,out,METEO-PURO,7.085,9.59,-2.505,-26.12
2025-11-18,PM10,out,METEO-PURO,7.498,9.596,-2.097,-21.86
2025-11-19,PM10,out,METEO-PURO,4.271,6.168,-1.897,-30.76
2025-11-20,PM10,out,METEO-PURO,2.493,5.859,-3.366,-57.45
2025-11-21,PM10,out,METEO-PURO,4.351,7.194,-2.843,-39.52
2025-11-22,PM10,out,METEO-PURO,3.764,9.314,-5.55,-59.59
2025-11-23,PM10,out,METEO-PURO,2.492,7.153,-4.661,-65.16
2025-11-24,PM10,out,METEO-PURO,3.304,8.221,-4.917,-59.81
2025-11-25,PM10,out,METEO-PURO,7.141,8.459,-1.317,-15.58
2025-11-26,PM10,out,METEO-PURO,7.681,10.54,-2.859,-27.13
2025-11-27,PM10,out,METEO-PURO,9.016,11.619,-2.602,-22.4
2025-11-29,PM10,out,METEO-PURO,5.73,8.45,-2.72,-32.19
2025-11-30,PM10,out,METEO-PURO,10.05,9.228,0.821,8.9
2025-12-01,PM10,out,METEO-PURO,4.092,14.498,-10.407,-71.78
2025-12-02,PM10,out,METEO-PURO,5.748,10.319,-4.571,-44.3
2025-12-03,PM10,out,METEO-PURO,4.77,12.544,-7.774,-61.97
2025-12-04,PM10,out,METEO-PURO,3.671,9.476,-5.805,-61.26
2025-12-05,PM10,out,METEO-PURO,3.909,7.777,-3.868,-49.73
2025-12-06,PM10,out,METEO-PURO,1.511,8.779,-7.268,-82.79
2025-12-07,PM10,out,METEO-PURO,1.702,13.359,-11.657,-87.26
2025-12-08,PM10,out,METEO-PURO,4.671,16.626,-11.955,-71.9
2025-12-09,PM10,out,METEO-PURO,10.004,11.655,-1.651,-14.16
2025-12-10,PM10,out,METEO-PURO,11.255,6.114,5.141,84.08
2025-12-11,PM10,out,METEO-PURO,18.071,10.859,7.212,66.41
2025-12-12,PM10,out,METEO-PURO,27.254,10.006,17.248,172.37
2025-12-13,PM10,out,METEO-PURO,20.846,12.372,8.474,68.49
2025-12-14,PM10,out,METEO-PURO,23.621,11.01,12.611,114.54
2025-12-15,PM10,out,METEO-PURO,11.44,9.786,1.654,16.91
2025-12-16,PM10,out,METEO-PURO,12.563,5.99,6.572,109.72
2025-12-17,PM10,out,METEO-PURO,9.311,10.212,-0.901,-8.82
2025-12-18,PM10,out,METEO-PURO,7.664,9.893,-2.229,-22.53
2025-12-19,PM10,out,METEO-PURO,11.672,7.872,3.8,48.28
2025-12-20,PM10,out,METEO-PURO,8.318,11.479,-3.162,-27.54
2025-12-21,PM10,out,METEO-PURO,2.206,7.477,-5.271,-70.49
2025-12-22,PM10,out,METEO-PURO,2.349,8.636,-6.287,-72.8
2025-12-23,PM10,out,METEO-PURO,4.436,11.407,-6.97,-61.11
2025-12-24,PM10,out,METEO-PURO,7.021,12.083,-5.062,-41.89
2025-12-25,PM10,out,METEO-PURO,7.091,14.6,-7.509,-51.43
2025-12-26,PM10,out,METEO-PURO,9.349,11.639,-2.29,-19.68
2025-12-27,PM10,out,METEO-PURO,4.165,12.158,-7.993,-65.74
2025-12-28,PM10,out,METEO-PURO,7.194,12.746,-5.551,-43.55
2025-12-29,PM10,out,METEO-PURO,10.754,15.632,-4.878,-31.2
2025-12-30,PM10,out,METEO-PURO,12.273,13.321,-1.048,-7.87
2025-12-31,PM10,out,METEO-PURO,14.453,12.142,2.311,19.03
2026-01-01,PM10,out,METEO-PURO,13.395,14.707,-1.312,-8.92
2026-01-02,PM10,out,METEO-PURO,13.021,14.203,-1.183,-8.33
2026-01-03,PM10,out,METEO-PURO,6.184,13.051,-6.867,-52.62
2026-01-04,PM10,out,METEO-PURO,5.896,10.839,-4.943,-45.6
2026-01-05,PM10,out,METEO-PURO,6.78,12.021,-5.242,-43.6
2026-01-06,PM10,out,METEO-PURO,8.01,10.513,-2.504,-23.81
2026-01-07,PM10,out,METEO-PURO,5.327,12.751,-7.424,-58.22
2026-01-08,PM10,out,METEO-PURO,3.334,9.253,-5.919,-63.97
2026-01-09,PM10,out,METEO-PURO,4.01,10.891,-6.881,-63.18
2026-01-10,PM10,out,METEO-PURO,6.596,9.568,-2.972,-31.06
2026-01-11,PM10,out,METEO-PURO,3.065,11.099,-8.034,-72.38
2026-01-12,PM10,out,METEO-PURO,5.945,8.998,-3.053,-33.93
2026-01-13,PM10,out,METEO-PURO,8.404,12.392,-3.988,-32.18
2026-01-14,PM10,out,METEO-PURO,3.913,15.387,-11.475,-74.57
2026-01-15,PM10,out,METEO-PURO,4.353,11.404,-7.051,-61.83
2026-01-16,PM10,out,METEO-PURO,13.229,15.124,-1.895,-12.53
2026-01-17,PM10,out,METEO-PURO,6.84,12.175,-5.336,-43.82
2026-01-18,PM10,out,METEO-PURO,3.985,12.587,-8.602,-68.34
2026-01-19,PM10,out,METEO-PURO,6.996,14.589,-7.593,-52.05
2026-01-20,PM10,out,METEO-PURO,4.553,16.849,-12.296,-72.98
2026-01-21,PM10,out,METEO-PURO,3.757,7.17,-3.414,-47.61
2026-01-22,PM10,out,METEO-PURO,5.016,10.164,-5.149,-50.65
2026-01-23,PM10,out,METEO-PURO,2.899,6.174,-3.275,-53.04
2026-01-24,PM10,out,METEO-PURO,3.149,9.524,-6.375,-66.93
2026-01-25,PM10,out,METEO-PURO,6.258,8.867,-2.61,-29.43
2026-01-26,PM10,out,METEO-PURO,4.875,7.801,-2.925,-37.5
2026-01-27,PM10,out,METEO-PURO,2.446,6.16,-3.713,-60.28
2026-01-28,PM10,out,METEO-PURO,4.114,12.747,-8.633,-67.73
2026-01-29,PM10,out,METEO-PURO,8.04,7.692,0.348,4.52
2026-01-30,PM10,out,METEO-PURO,6.764,6.46,0.304,4.71
2026-01-31,PM10,out,METEO-PURO,9.189,8.125,1.064,13.1
2026-02-01,PM10,out,METEO-PURO,5.192,7.685,-2.493,-32.44
2026-02-02,PM10,out,METEO-PURO,2.262,6.898,-4.636,-67.21
2026-02-03,PM10,out,METEO-PURO,2.308,9.795,-7.487,-76.44
2026-02-04,PM10,out,METEO-PURO,4.001,9.881,-5.88,-59.51
2026-02-05,PM10,out,METEO-PURO,3.12,6.595,-3.475,-52.69
2026-02-06,PM10,out,METEO-PURO,3.758,10.994,-7.237,-65.82
2026-02-07,PM10,out,METEO-PURO,3.096,4.971,-1.875,-37.73
2026-02-08,PM10,out,METEO-PURO,4.088,11.196,-7.108,-63.48
2026-02-09,PM10,out,METEO-PURO,3.45,8.882,-5.432,-61.16
2026-02-10,PM10,out,METEO-PURO,5.102,12.905,-7.803,-60.47
2026-02-11,PM10,out,METEO-PURO,9.493,8.684,0.809,9.32
2026-02-12,PM10,out,METEO-PURO,9.983,13.101,-3.118,-23.8
2026-02-13,PM10,out,METEO-PURO,5.043,7.053,-2.01,-28.5
2026-02-14,PM10,out,METEO-PURO,8.965,9.476,-0.512,-5.4
2026-02-15,PM10,out,METEO-PURO,3.459,8.036,-4.577,-56.96
2026-02-16,PM10,out,METEO-PURO,2.379,10.003,-7.624,-76.22
2026-02-17,PM10,out,METEO-PURO,7.889,11.841,-3.952,-33.37
2026-02-18,PM10,out,METEO-PURO,4.496,8.638,-4.142,-47.95
2026-02-19,PM10,out,METEO-PURO,7.759,9.49,-1.732,-18.25
2026-02-20,PM10,out,METEO-PURO,15.609,11.115,4.494,40.43
2026-02-21,PM10,out,METEO-PURO,11.323,14.467,-3.144,-21.73
2026-02-22,PM10,out,METEO-PURO,10.591,13.729,-3.138,-22.86
2026-02-23,PM10,out,METEO-PURO,11.903,15.343,-3.44,-22.42
2026-02-24,PM10,out,METEO-PURO,15.765,15.486,0.278,1.8
2026-02-25,PM10,out,METEO-PURO,19.078,16.066,3.012,18.75
2026-02-26,PM10,out,METEO-PURO,21.854,16.276,5.578,34.27
2026-02-27,PM10,out,METEO-PURO,16.92,14.0,2.92,20.86
2026-02-28,PM10,out,METEO-PURO,12.7,12.12,0.58,4.78
2026-03-01,PM10,out,METEO-PURO,11.698,9.212,2.485,26.98
2026-03-02,PM10,out,METEO-PURO,15.334,14.607,0.727,4.98
2026-03-03,PM10,out,METEO-PURO,19.324,16.224,3.1,19.11
2026-03-04,PM10,out,METEO-PURO,29.919,13.427,16.492,122.83
2026-03-05,PM10,out,METEO-PURO,15.698,8.717,6.981,80.08
2026-03-06,PM10,out,METEO-PURO,2.144,10.455,-8.311,-79.5
2026-03-07,PM10,out,METEO-PURO,5.963,10.271,-4.308,-41.94
2026-03-08,PM10,out,METEO-PURO,6.562,12.283,-5.72,-46.57
2026-03-09,PM10,out,METEO-PURO,10.379,8.596,1.783,20.74
2026-03-10,PM10,out,METEO-PURO,18.419,12.863,5.556,43.2
2026-03-11,PM10,out,METEO-PURO,18.524,12.975,5.549,42.77
2026-03-12,PM10,out,METEO-PURO,12.05,13.639,-1.589,-11.65
2026-03-13,PM10,out,METEO-PURO,4.677,8.683,-4.006,-46.13
2026-03-14,PM10,out,METEO-PURO,2.223,9.307,-7.084,-76.11
2026-03-15,PM10,out,METEO-PURO,6.706,9.852,-3.146,-31.93
2026-03-16,PM10,out,METEO-PURO,12.126,12.751,-0.625,-4.9
2026-03-17,PM10,out,METEO-PURO,11.059,15.3,-4.241,-27.72
2026-03-18,PM10,out,METEO-PURO,10.128,14.157,-4.029,-28.46
2026-03-19,PM10,out,METEO-PURO,13.165,12.78,0.386,3.02
2026-03-20,PM10,out,METEO-PURO,13.618,11.921,1.697,14.23
2026-03-21,PM10,out,METEO-PURO,15.767,12.137,3.63,29.91
2026-03-22,PM10,out,METEO-PURO,32.211,9.854,22.358,226.89
2026-03-23,PM10,out,METEO-PURO,27.725,10.755,16.97,157.8
2026-03-24,PM10,out,METEO-PURO,19.987,13.95,6.037,43.28
2026-03-25,PM10,out,METEO-PURO,12.949,13.966,-1.017,-7.28
2026-03-26,PM10,out,METEO-PURO,9.478,12.57,-3.092,-24.6
2026-03-27,PM10,out,METEO-PURO,11.659,10.921,0.738,6.76
2026-03-28,PM10,out,METEO-PURO,9.295,12.284,-2.989,-24.34
2026-03-29,PM10,out,METEO-PURO,11.507,11.882,-0.375,-3.16
2026-03-30,PM10,out,METEO-PURO,9.381,11.208,-1.827,-16.3
2026-03-31,PM10,out,METEO-PURO,16.589,12.376,4.213,34.05
2026-04-01,PM10,out,METEO-PURO,4.71,10.183,-5.473,-53.75
2026-04-02,PM10,out,METEO-PURO,4.579,10.843,-6.264,-57.77
2026-04-03,PM10,out,METEO-PURO,6.329,16.886,-10.557,-62.52
2026-04-04,PM10,out,METEO-PURO,6.546,15.527,-8.981,-57.84
2026-04-05,PM10,out,METEO-PURO,10.934,15.598,-4.664,-29.9
2026-04-06,PM10,out,METEO-PURO,7.78,14.219,-6.439,-45.28
2026-04-07,PM10,out,METEO-PURO,11.381,13.364,-1.983,-14.84
2026-04-08,PM10,out,METEO-PURO,20.038,11.986,8.052,67.17
2026-04-09,PM10,out,METEO-PURO,17.772,12.997,4.776,36.74
2026-04-10,PM10,out,METEO-PURO,19.48,10.12,9.36,92.49
2026-04-11,PM10,out,METEO-PURO,15.18,10.372,4.808,46.35
2026-04-12,PM10,out,METEO-PURO,7.549,8.38,-0.831,-9.91
2026-04-13,PM10,out,METEO-PURO,6.165,7.137,-0.972,-13.62
2026-04-14,PM10,out,METEO-PURO,9.061,9.401,-0.34,-3.62
2026-04-15,PM10,out,METEO-PURO,9.678,11.393,-1.715,-15.05
2026-04-16,PM10,out,METEO-PURO,12.496,11.317,1.178,10.41
2026-04-17,PM10,out,METEO-PURO,13.074,14.131,-1.058,-7.49
2026-04-18,PM10,out,METEO-PURO,10.761,11.115,-0.355,-3.19
2026-04-19,PM10,out,METEO-PURO,12.848,12.538,0.31,2.47
2026-04-20,PM10,out,METEO-PURO,17.127,16.403,0.724,4.41
2026-04-21,PM10,out,METEO-PURO,16.487,11.611,4.876,41.99
2026-04-22,PM10,out,METEO-PURO,14.894,15.11,-0.216,-1.43
2026-04-23,PM10,out,METEO-PURO,11.76,12.375,-0.615,-4.97
2026-04-24,PM10,out,METEO-PURO,14.502,6.022,8.48,140.83
2026-04-25,PM10,out,METEO-PURO,16.554,9.827,6.727,68.45
2026-04-26,PM10,out,METEO-PURO,14.927,10.974,3.953,36.02
2026-04-27,PM10,out,METEO-PURO,16.501,11.834,4.667,39.44
2026-04-28,PM10,out,METEO-PURO,18.389,12.264,6.125,49.94
2026-04-29,PM10,out,METEO-PURO,8.383,8.007,0.377,4.7
2026-04-30,PM10,out,METEO-PURO,8.38,12.492,-4.112,-32.91
2026-05-01,PM10,out,METEO-PURO,11.041,8.235,2.806,34.07
2026-05-02,PM10,out,METEO-PURO,5.991,6.814,-0.824,-12.09
2026-05-03,PM10,out,METEO-PURO,4.592,8.87,-4.278,-48.23
2026-05-04,PM10,out,METEO-PURO,4.974,9.315,-4.341,-46.6
2026-05-05,PM10,out,METEO-PURO,4.145,10.325,-6.18,-59.85
2026-05-06,PM10,out,METEO-PURO,7.381,13.222,-5.841,-44.18
2026-05-07,PM10,out,METEO-PURO,7.188,10.904,-3.717,-34.08
2026-05-08,PM10,out,METEO-PURO,5.491,8.923,-3.432,-38.46
2026-05-09,PM10,out,METEO-PURO,4.418,8.325,-3.907,-46.93
2026-05-10,PM10,out,METEO-PURO,3.236,8.893,-5.657,-63.61
2026-05-11,PM10,out,METEO-PURO,7.328,9.273,-1.944,-20.97
2026-05-12,PM10,out,METEO-PURO,8.059,10.826,-2.768,-25.56
2026-05-13,PM10,out,METEO-PURO,7.586,13.376,-5.791,-43.29
2026-05-14,PM10,out,METEO-PURO,5.523,11.439,-5.915,-51.71
2026-05-15,PM10,out,METEO-PURO,4.683,10.2,-5.518,-54.1
2026-05-16,PM10,out,METEO-PURO,6.551,9.487,-2.936,-30.95
2026-05-17,PM10,out,METEO-PURO,9.99,13.824,-3.834,-27.74
2026-05-18,PM10,out,METEO-PURO,10.441,14.248,-3.807,-26.72
2026-05-19,PM10,out,METEO-PURO,8.244,18.474,-10.23,-55.37
2026-05-20,PM10,out,METEO-PURO,13.174,18.334,-5.161,-28.15
2026-05-21,PM10,out,METEO-PURO,10.623,16.172,-5.549,-34.31
2026-05-22,PM10,out,METEO-PURO,10.94,15.992,-5.052,-31.59
2026-05-23,PM10,out,METEO-PURO,13.513,14.794,-1.281,-8.66
2026-05-24,PM10,out,METEO-PURO,8.901,16.26,-7.359,-45.26
2026-05-25,PM10,out,METEO-PURO,7.355,14.947,-7.592,-50.79
2026-05-26,PM10,out,METEO-PURO,7.239,15.075,-7.836,-51.98
2026-05-27,PM10,out,METEO-PURO,12.082,16.979,-4.897,-28.84
2026-05-28,PM10,out,METEO-PURO,16.201,16.868,-0.668,-3.96
2026-05-29,PM10,out,METEO-PURO,21.407,14.266,7.141,50.06
2026-05-30,PM10,out,METEO-PURO,18.24,11.325,6.915,61.06
2026-05-31,PM10,out,METEO-PURO,7.975,16.171,-8.196,-50.68
2026-06-01,PM10,out,METEO-PURO,8.193,18.129,-9.937,-54.81
2026-06-02,PM10,out,METEO-PURO,10.846,13.327,-2.481,-18.61
2026-06-03,PM10,out,METEO-PURO,6.749,19.617,-12.868,-65.6
2026-06-04,PM10,out,METEO-PURO,9.449,10.473,-1.024,-9.78
2026-06-05,PM10,out,METEO-PURO,8.037,11.542,-3.505,-30.37
2026-06-06,PM10,out,METEO-PURO,16.032,11.005,5.027,45.68
2026-06-07,PM10,out,METEO-PURO,16.239,16.632,-0.393,-2.36
2026-06-08,PM10,out,METEO-PURO,14.208,11.55,2.658,23.01
2026-06-09,PM10,out,METEO-PURO,8.966,11.158,-2.192,-19.65
2026-06-10,PM10,out,METEO-PURO,7.45,12.76,-5.31,-41.62
2026-06-11,PM10,out,METEO-PURO,6.992,18.05,-11.058,-61.26
2026-06-12,PM10,out,METEO-PURO,7.834,17.96,-10.127,-56.38
2026-06-13,PM10,out,METEO-PURO,6.911,16.601,-9.69,-58.37
2026-06-14,PM10,out,METEO-PURO,7.947,18.269,-10.322,-56.5
2026-06-15,PM10,out,METEO-PURO,16.775,20.058,-3.283,-16.37
2026-06-16,PM10,out,METEO-PURO,17.151,19.731,-2.58,-13.08
2026-06-17,PM10,out,METEO-PURO,14.622,16.044,-1.422,-8.87
2026-06-18,PM10,out,METEO-PURO,15.73,13.944,1.786,12.81
2026-06-19,PM10,out,METEO-PURO,12.816,12.378,0.438,3.54
2026-06-20,PM10,out,METEO-PURO,12.455,10.589,1.866,17.62
2026-06-21,PM10,out,METEO-PURO,15.695,15.634,0.061,0.39
2026-06-22,PM10,out,METEO-PURO,22.72,14.405,8.315,57.72
2026-06-23,PM10,out,METEO-PURO,21.682,18.439,3.243,17.59
2026-06-24,PM10,out,METEO-PURO,16.299,17.58,-1.281,-7.28
2026-06-25,PM10,out,METEO-PURO,17.364,9.723,7.641,78.58
2026-06-26,PM10,out,METEO-PURO,14.236,18.404,-4.168,-22.65
2026-06-27,PM10,out,METEO-PURO,10.394,15.092,-4.698,-31.13
2026-06-28,PM10,out,METEO-PURO,4.475,8.716,-4.241,-48.66
2026-06-29,PM10,out,METEO-PURO,5.89,11.087,-5.196,-46.87
2026-06-30,PM10,out,METEO-PURO,6.427,12.683,-6.256,-49.32
2026-07-01,PM10,out,METEO-PURO,4.944,15.357,-10.413,-67.81
2026-07-02,PM10,out,METEO-PURO,6.516,12.211,-5.695,-46.64
2026-07-03,PM10,out,METEO-PURO,3.835,10.388,-6.552,-63.08
2026-07-04,PM10,out,METEO-PURO,6.165,8.292,-2.128,-25.66
2026-07-05,PM10,out,METEO-PURO,9.142,14.679,-5.536,-37.72
2026-07-06,PM10,out,METEO-PURO,10.583,15.929,-5.345,-33.56
2026-07-07,PM10,out,METEO-PURO,16.936,12.159,4.777,39.29
2026-07-08,PM10,out,METEO-PURO,19.523,15.375,4.148,26.98
2026-07-09,PM10,out,METEO-PURO,17.442,11.367,6.074,53.44
2026-07-10,PM10,out,METEO-PURO,19.98,11.219,8.76,78.08
2026-07-11,PM10,out,METEO-PURO,14.342,14.283,0.06,0.42
2026-07-12,PM10,out,METEO-PURO,18.503,9.33,9.174,98.33
2026-07-13,PM10,out,METEO-PURO,18.453,13.304,5.149,38.7
2026-07-14,PM10,out,METEO-PURO,18.083,11.711,6.372,54.41
2026-07-15,PM10,out,METEO-PURO,17.823,14.096,3.727,26.44
2026-07-16,PM10,out,METEO-PURO,14.693,12.128,2.565,21.15
2026-07-17,PM10,out,METEO-PURO,10.524,11.532,-1.008,-8.74
2026-07-18,PM10,out,METEO-PURO,10.894,9.038,1.856,20.54
2026-07-19,PM10,out,METEO-PURO,18.909,12.303,6.606,53.69
2026-07-20,PM10,out,METEO-PURO,21.254,12.483,8.771,70.27
2026-07-21,PM10,out,METEO-PURO,12.505,12.026,0.479,3.98
2026-07-22,PM10,out,METEO-PURO,11.255,14.864,-3.61,-24.28
2026-07-23,PM10,out,METEO-PURO,15.596,14.596,1.0,6.85
2026-07-24,PM10,out,METEO-PURO,17.617,14.023,3.594,25.63
2026-07-25,PM10,out,METEO-PURO,10.73,9.097,1.633,17.95
2026-07-26,PM10,out,METEO-PURO,7.423,11.927,-4.505,-37.77
2026-07-27,PM10,out,METEO-PURO,8.669,11.859,-3.191,-26.91
2026-07-28,PM10,out,METEO-PURO,15.007,14.666,0.34,2.32
2025-09-01,PM10,out,CON-LAGS,10.233,9.982,0.251,2.51
2025-09-02,PM10,out,CON-LAGS,8.29,10.236,-1.946,-19.01
2025-09-03,PM10,out,CON-LAGS,14.429,10.261,4.168,40.62
2025-09-04,PM10,out,CON-LAGS,11.729,11.986,-0.257,-2.14
2025-09-05,PM10,out,CON-LAGS,11.5,12.866,-1.366,-10.62
2025-09-06,PM10,out,CON-LAGS,11.33,11.738,-0.409,-3.48
2025-09-07,PM10,out,CON-LAGS,8.842,8.376,0.466,5.56
2025-09-08,PM10,out,CON-LAGS,5.266,10.301,-5.036,-48.88
2025-09-09,PM10,out,CON-LAGS,9.656,11.976,-2.32,-19.37
2025-09-10,PM10,out,CON-LAGS,11.715,10.767,0.948,8.8
2025-09-11,PM10,out,CON-LAGS,10.089,11.891,-1.803,-15.16
2025-09-12,PM10,out,CON-LAGS,8.81,12.399,-3.589,-28.95
2025-09-13,PM10,out,CON-LAGS,9.779,8.801,0.978,11.11
2025-09-14,PM10,out,CON-LAGS,6.695,10.008,-3.313,-33.11
2025-09-15,PM10,out,CON-LAGS,8.401,13.185,-4.783,-36.28
2025-09-16,PM10,out,CON-LAGS,13.21,13.125,0.084,0.64
2025-09-17,PM10,out,CON-LAGS,15.088,13.763,1.325,9.62
2025-09-18,PM10,out,CON-LAGS,15.764,14.298,1.467,10.26
2025-09-19,PM10,out,CON-LAGS,11.492,14.418,-2.926,-20.29
2025-09-20,PM10,out,CON-LAGS,7.284,8.134,-0.849,-10.44
2025-09-21,PM10,out,CON-LAGS,3.955,8.106,-4.151,-51.21
2025-09-22,PM10,out,CON-LAGS,4.139,12.033,-7.893,-65.6
2025-09-23,PM10,out,CON-LAGS,6.862,11.224,-4.362,-38.87
2025-09-24,PM10,out,CON-LAGS,8.062,12.054,-3.992,-33.12
2025-09-25,PM10,out,CON-LAGS,8.781,11.8,-3.019,-25.59
2025-09-26,PM10,out,CON-LAGS,9.468,11.79,-2.322,-19.7
2025-09-27,PM10,out,CON-LAGS,9.607,10.041,-0.434,-4.33
2025-09-28,PM10,out,CON-LAGS,9.844,10.307,-0.463,-4.49
2025-09-29,PM10,out,CON-LAGS,11.394,13.624,-2.23,-16.37
2025-09-30,PM10,out,CON-LAGS,12.071,13.649,-1.578,-11.56
2025-10-01,PM10,out,CON-LAGS,14.523,14.518,0.005,0.03
2025-10-02,PM10,out,CON-LAGS,12.134,16.257,-4.122,-25.36
2025-10-03,PM10,out,CON-LAGS,16.673,14.589,2.084,14.28
2025-10-04,PM10,out,CON-LAGS,11.188,9.457,1.731,18.3
2025-10-05,PM10,out,CON-LAGS,11.867,9.398,2.469,26.27
2025-10-06,PM10,out,CON-LAGS,10.528,13.344,-2.816,-21.1
2025-10-07,PM10,out,CON-LAGS,8.998,12.354,-3.356,-27.16
2025-10-08,PM10,out,CON-LAGS,14.547,11.337,3.21,28.31
2025-10-09,PM10,out,CON-LAGS,12.254,10.391,1.863,17.93
2025-10-10,PM10,out,CON-LAGS,14.398,11.819,2.579,21.82
2025-10-11,PM10,out,CON-LAGS,13.125,11.638,1.488,12.78
2025-10-12,PM10,out,CON-LAGS,8.341,11.743,-3.402,-28.97
2025-10-13,PM10,out,CON-LAGS,11.469,15.141,-3.672,-24.25
2025-10-14,PM10,out,CON-LAGS,24.336,12.632,11.704,92.65
2025-10-15,PM10,out,CON-LAGS,23.04,14.468,8.573,59.26
2025-10-16,PM10,out,CON-LAGS,23.227,16.784,6.443,38.39
2025-10-17,PM10,out,CON-LAGS,20.94,16.939,4.001,23.62
2025-10-18,PM10,out,CON-LAGS,16.581,12.422,4.159,33.48
2025-10-19,PM10,out,CON-LAGS,9.077,7.959,1.118,14.05
2025-10-20,PM10,out,CON-LAGS,3.422,13.465,-10.043,-74.59
2025-10-21,PM10,out,CON-LAGS,3.054,11.677,-8.622,-73.84
2025-10-22,PM10,out,CON-LAGS,5.86,11.405,-5.546,-48.62
2025-10-23,PM10,out,CON-LAGS,15.714,10.555,5.159,48.88
2025-10-24,PM10,out,CON-LAGS,14.447,9.163,5.284,57.66
2025-10-25,PM10,out,CON-LAGS,8.687,10.905,-2.218,-20.34
2025-10-26,PM10,out,CON-LAGS,7.309,9.922,-2.613,-26.34
2025-10-27,PM10,out,CON-LAGS,10.351,12.953,-2.602,-20.09
2025-10-28,PM10,out,CON-LAGS,8.98,12.752,-3.772,-29.58
2025-10-29,PM10,out,CON-LAGS,6.677,12.422,-5.746,-46.25
2025-10-30,PM10,out,CON-LAGS,4.505,12.171,-7.665,-62.98
2025-10-31,PM10,out,CON-LAGS,3.009,9.808,-6.799,-69.32
2025-11-01,PM10,out,CON-LAGS,4.676,7.876,-3.2,-40.63
2025-11-02,PM10,out,CON-LAGS,7.233,10.452,-3.219,-30.8
2025-11-03,PM10,out,CON-LAGS,7.908,12.081,-4.173,-34.54
2025-11-04,PM10,out,CON-LAGS,8.573,12.212,-3.639,-29.8
2025-11-05,PM10,out,CON-LAGS,4.284,11.665,-7.381,-63.28
2025-11-06,PM10,out,CON-LAGS,4.892,9.271,-4.38,-47.24
2025-11-07,PM10,out,CON-LAGS,5.027,7.63,-2.604,-34.12
2025-11-08,PM10,out,CON-LAGS,7.631,8.181,-0.551,-6.73
2025-11-09,PM10,out,CON-LAGS,5.253,10.463,-5.21,-49.79
2025-11-10,PM10,out,CON-LAGS,4.241,12.037,-7.795,-64.76
2025-11-11,PM10,out,CON-LAGS,6.049,12.261,-6.212,-50.67
2025-11-12,PM10,out,CON-LAGS,9.434,12.318,-2.884,-23.41
2025-11-13,PM10,out,CON-LAGS,12.609,12.416,0.193,1.56
2025-11-14,PM10,out,CON-LAGS,3.316,11.036,-7.72,-69.95
2025-11-15,PM10,out,CON-LAGS,2.943,9.033,-6.089,-67.41
2025-11-16,PM10,out,CON-LAGS,3.994,9.829,-5.835,-59.37
2025-11-17,PM10,out,CON-LAGS,7.085,11.534,-4.448,-38.57
2025-11-18,PM10,out,CON-LAGS,7.498,13.111,-5.613,-42.81
2025-11-19,PM10,out,CON-LAGS,4.271,10.556,-6.285,-59.54
2025-11-20,PM10,out,CON-LAGS,2.493,10.371,-7.878,-75.96
2025-11-21,PM10,out,CON-LAGS,4.351,9.035,-4.685,-51.85
2025-11-22,PM10,out,CON-LAGS,3.764,8.86,-5.096,-57.52
2025-11-23,PM10,out,CON-LAGS,2.492,8.82,-6.328,-71.75
2025-11-24,PM10,out,CON-LAGS,3.304,10.441,-7.136,-68.35
2025-11-25,PM10,out,CON-LAGS,7.141,9.956,-2.815,-28.27
2025-11-26,PM10,out,CON-LAGS,7.681,12.052,-4.371,-36.27
2025-11-27,PM10,out,CON-LAGS,9.016,13.152,-4.136,-31.45
2025-11-29,PM10,out,CON-LAGS,5.73,10.71,-4.98,-46.5
2025-11-30,PM10,out,CON-LAGS,10.05,10.081,-0.032,-0.31
2025-12-01,PM10,out,CON-LAGS,4.092,11.437,-7.346,-64.22
2025-12-02,PM10,out,CON-LAGS,5.748,9.599,-3.852,-40.12
2025-12-03,PM10,out,CON-LAGS,4.77,7.804,-3.035,-38.88
2025-12-04,PM10,out,CON-LAGS,3.671,9.732,-6.062,-62.29
2025-12-05,PM10,out,CON-LAGS,3.909,9.426,-5.517,-58.53
2025-12-06,PM10,out,CON-LAGS,1.511,7.707,-6.196,-80.39
2025-12-07,PM10,out,CON-LAGS,1.702,7.898,-6.197,-78.46
2025-12-08,PM10,out,CON-LAGS,4.671,11.969,-7.297,-60.97
2025-12-09,PM10,out,CON-LAGS,10.004,10.7,-0.695,-6.5
2025-12-10,PM10,out,CON-LAGS,11.255,10.055,1.2,11.94
2025-12-11,PM10,out,CON-LAGS,18.071,13.181,4.891,37.11
2025-12-12,PM10,out,CON-LAGS,27.254,13.865,13.389,96.57
2025-12-13,PM10,out,CON-LAGS,20.846,12.302,8.544,69.46
2025-12-14,PM10,out,CON-LAGS,23.621,11.53,12.092,104.87
2025-12-15,PM10,out,CON-LAGS,11.44,9.159,2.281,24.91
2025-12-16,PM10,out,CON-LAGS,12.563,10.642,1.921,18.05
2025-12-17,PM10,out,CON-LAGS,9.311,13.66,-4.349,-31.84
2025-12-18,PM10,out,CON-LAGS,7.664,11.51,-3.845,-33.41
2025-12-19,PM10,out,CON-LAGS,11.672,8.822,2.85,32.31
2025-12-20,PM10,out,CON-LAGS,8.318,9.119,-0.801,-8.78
2025-12-21,PM10,out,CON-LAGS,2.206,7.276,-5.07,-69.68
2025-12-22,PM10,out,CON-LAGS,2.349,8.575,-6.226,-72.61
2025-12-23,PM10,out,CON-LAGS,4.436,9.522,-5.085,-53.41
2025-12-24,PM10,out,CON-LAGS,7.021,9.518,-2.497,-26.23
2025-12-25,PM10,out,CON-LAGS,7.091,10.835,-3.745,-34.56
2025-12-26,PM10,out,CON-LAGS,9.349,10.372,-1.023,-9.86
2025-12-27,PM10,out,CON-LAGS,4.165,10.26,-6.095,-59.4
2025-12-28,PM10,out,CON-LAGS,7.194,9.58,-2.386,-24.9
2025-12-29,PM10,out,CON-LAGS,10.754,11.345,-0.591,-5.21
2025-12-30,PM10,out,CON-LAGS,12.273,9.699,2.574,26.54
2025-12-31,PM10,out,CON-LAGS,14.453,9.51,4.944,51.98
2026-01-01,PM10,out,CON-LAGS,13.395,10.903,2.493,22.86
2026-01-02,PM10,out,CON-LAGS,13.021,10.23,2.79,27.28
2026-01-03,PM10,out,CON-LAGS,6.184,7.557,-1.373,-18.17
2026-01-04,PM10,out,CON-LAGS,5.896,7.661,-1.765,-23.03
2026-01-05,PM10,out,CON-LAGS,6.78,7.52,-0.74,-9.85
2026-01-06,PM10,out,CON-LAGS,8.01,6.738,1.271,18.86
2026-01-07,PM10,out,CON-LAGS,5.327,9.258,-3.931,-42.46
2026-01-08,PM10,out,CON-LAGS,3.334,9.395,-6.061,-64.51
2026-01-09,PM10,out,CON-LAGS,4.01,9.172,-5.161,-56.28
2026-01-10,PM10,out,CON-LAGS,6.596,8.8,-2.204,-25.05
2026-01-11,PM10,out,CON-LAGS,3.065,8.028,-4.963,-61.82
2026-01-12,PM10,out,CON-LAGS,5.945,7.546,-1.601,-21.22
2026-01-13,PM10,out,CON-LAGS,8.404,7.547,0.857,11.36
2026-01-14,PM10,out,CON-LAGS,3.913,7.886,-3.974,-50.39
2026-01-15,PM10,out,CON-LAGS,4.353,8.368,-4.014,-47.98
2026-01-16,PM10,out,CON-LAGS,13.229,10.325,2.904,28.13
2026-01-17,PM10,out,CON-LAGS,6.84,8.494,-1.654,-19.47
2026-01-18,PM10,out,CON-LAGS,3.985,10.813,-6.829,-63.15
2026-01-19,PM10,out,CON-LAGS,6.996,10.813,-3.817,-35.3
2026-01-20,PM10,out,CON-LAGS,4.553,8.957,-4.405,-49.17
2026-01-21,PM10,out,CON-LAGS,3.757,7.669,-3.913,-51.02
2026-01-22,PM10,out,CON-LAGS,5.016,8.252,-3.236,-39.22
2026-01-23,PM10,out,CON-LAGS,2.899,6.913,-4.013,-58.06
2026-01-24,PM10,out,CON-LAGS,3.149,7.378,-4.229,-57.32
2026-01-25,PM10,out,CON-LAGS,6.258,7.706,-1.449,-18.8
2026-01-26,PM10,out,CON-LAGS,4.875,6.748,-1.873,-27.75
2026-01-27,PM10,out,CON-LAGS,2.446,9.116,-6.669,-73.16
2026-01-28,PM10,out,CON-LAGS,4.114,9.206,-5.093,-55.32
2026-01-29,PM10,out,CON-LAGS,8.04,8.949,-0.91,-10.16
2026-01-30,PM10,out,CON-LAGS,6.764,7.729,-0.965,-12.48
2026-01-31,PM10,out,CON-LAGS,9.189,8.533,0.656,7.69
2026-02-01,PM10,out,CON-LAGS,5.192,8.838,-3.646,-41.26
2026-02-02,PM10,out,CON-LAGS,2.262,8.83,-6.568,-74.38
2026-02-03,PM10,out,CON-LAGS,2.308,9.001,-6.693,-74.36
2026-02-04,PM10,out,CON-LAGS,4.001,6.421,-2.42,-37.69
2026-02-05,PM10,out,CON-LAGS,3.12,6.415,-3.295,-51.36
2026-02-06,PM10,out,CON-LAGS,3.758,7.752,-3.994,-51.53
2026-02-07,PM10,out,CON-LAGS,3.096,7.854,-4.758,-60.59
2026-02-08,PM10,out,CON-LAGS,4.088,7.468,-3.379,-45.25
2026-02-09,PM10,out,CON-LAGS,3.45,7.457,-4.007,-53.74
2026-02-10,PM10,out,CON-LAGS,5.102,7.875,-2.773,-35.22
2026-02-11,PM10,out,CON-LAGS,9.493,8.288,1.205,14.54
2026-02-12,PM10,out,CON-LAGS,9.983,9.093,0.89,9.79
2026-02-13,PM10,out,CON-LAGS,5.043,7.239,-2.195,-30.33
2026-02-14,PM10,out,CON-LAGS,8.965,8.935,0.03,0.33
2026-02-15,PM10,out,CON-LAGS,3.459,7.977,-4.518,-56.64
2026-02-16,PM10,out,CON-LAGS,2.379,7.122,-4.743,-66.6
2026-02-17,PM10,out,CON-LAGS,7.889,8.652,-0.763,-8.81
2026-02-18,PM10,out,CON-LAGS,4.496,7.078,-2.582,-36.48
2026-02-19,PM10,out,CON-LAGS,7.759,8.468,-0.709,-8.38
2026-02-20,PM10,out,CON-LAGS,15.609,11.086,4.522,40.79
2026-02-21,PM10,out,CON-LAGS,11.323,11.296,0.027,0.24
2026-02-22,PM10,out,CON-LAGS,10.591,11.976,-1.385,-11.56
2026-02-23,PM10,out,CON-LAGS,11.903,12.291,-0.388,-3.16
2026-02-24,PM10,out,CON-LAGS,15.765,11.364,4.401,38.73
2026-02-25,PM10,out,CON-LAGS,19.078,13.231,5.847,44.19
2026-02-26,PM10,out,CON-LAGS,21.854,11.628,10.226,87.94
2026-02-27,PM10,out,CON-LAGS,16.92,9.963,6.957,69.83
2026-02-28,PM10,out,CON-LAGS,12.7,8.014,4.686,58.48
2026-03-01,PM10,out,CON-LAGS,11.698,8.758,2.94,33.56
2026-03-02,PM10,out,CON-LAGS,15.334,6.732,8.602,127.77
2026-03-03,PM10,out,CON-LAGS,19.324,6.885,12.439,180.67
2026-03-04,PM10,out,CON-LAGS,29.919,7.499,22.42,298.99
2026-03-05,PM10,out,CON-LAGS,15.698,7.064,8.635,122.24
2026-03-06,PM10,out,CON-LAGS,2.144,6.933,-4.789,-69.08
2026-03-07,PM10,out,CON-LAGS,5.963,8.254,-2.291,-27.75
2026-03-08,PM10,out,CON-LAGS,6.562,8.565,-2.003,-23.38
2026-03-09,PM10,out,CON-LAGS,10.379,7.64,2.739,35.84
2026-03-10,PM10,out,CON-LAGS,18.419,8.692,9.727,111.91
2026-03-11,PM10,out,CON-LAGS,18.524,9.856,8.668,87.95
2026-03-12,PM10,out,CON-LAGS,12.05,13.104,-1.054,-8.04
2026-03-13,PM10,out,CON-LAGS,4.677,10.078,-5.401,-53.59
2026-03-14,PM10,out,CON-LAGS,2.223,6.868,-4.644,-67.63
2026-03-15,PM10,out,CON-LAGS,6.706,6.283,0.424,6.74
2026-03-16,PM10,out,CON-LAGS,12.126,9.693,2.434,25.11
2026-03-17,PM10,out,CON-LAGS,11.059,10.399,0.66,6.34
2026-03-18,PM10,out,CON-LAGS,10.128,12.337,-2.209,-17.9
2026-03-19,PM10,out,CON-LAGS,13.165,11.456,1.71,14.92
2026-03-20,PM10,out,CON-LAGS,13.618,10.63,2.988,28.11
2026-03-21,PM10,out,CON-LAGS,15.767,9.909,5.859,59.13
2026-03-22,PM10,out,CON-LAGS,32.211,9.174,23.038,251.13
2026-03-23,PM10,out,CON-LAGS,27.725,8.043,19.682,244.72
2026-03-24,PM10,out,CON-LAGS,19.987,12.045,7.943,65.94
2026-03-25,PM10,out,CON-LAGS,12.949,11.873,1.076,9.06
2026-03-26,PM10,out,CON-LAGS,9.478,8.075,1.403,17.38
2026-03-27,PM10,out,CON-LAGS,11.659,7.279,4.38,60.17
2026-03-28,PM10,out,CON-LAGS,9.295,6.398,2.896,45.27
2026-03-29,PM10,out,CON-LAGS,11.507,7.456,4.051,54.33
2026-03-30,PM10,out,CON-LAGS,9.381,6.999,2.383,34.04
2026-03-31,PM10,out,CON-LAGS,16.589,8.586,8.003,93.21
2026-04-01,PM10,out,CON-LAGS,4.71,8.291,-3.581,-43.19
2026-04-02,PM10,out,CON-LAGS,4.579,9.207,-4.628,-50.27
2026-04-03,PM10,out,CON-LAGS,6.329,9.755,-3.426,-35.12
2026-04-04,PM10,out,CON-LAGS,6.546,10.912,-4.367,-40.02
2026-04-05,PM10,out,CON-LAGS,10.934,10.522,0.412,3.92
2026-04-06,PM10,out,CON-LAGS,7.78,10.866,-3.086,-28.4
2026-04-07,PM10,out,CON-LAGS,11.381,12.826,-1.445,-11.27
2026-04-08,PM10,out,CON-LAGS,20.038,9.908,10.13,102.24
2026-04-09,PM10,out,CON-LAGS,17.772,10.473,7.299,69.7
2026-04-10,PM10,out,CON-LAGS,19.48,12.365,7.115,57.55
2026-04-11,PM10,out,CON-LAGS,15.18,6.915,8.265,119.54
2026-04-12,PM10,out,CON-LAGS,7.549,6.146,1.403,22.83
2026-04-13,PM10,out,CON-LAGS,6.165,7.654,-1.489,-19.46
2026-04-14,PM10,out,CON-LAGS,9.061,8.92,0.14,1.57
2026-04-15,PM10,out,CON-LAGS,9.678,9.0,0.678,7.53
2026-04-16,PM10,out,CON-LAGS,12.496,9.497,2.999,31.58
2026-04-17,PM10,out,CON-LAGS,13.074,9.066,4.008,44.21
2026-04-18,PM10,out,CON-LAGS,10.761,8.502,2.259,26.57
2026-04-19,PM10,out,CON-LAGS,12.848,9.482,3.366,35.5
2026-04-20,PM10,out,CON-LAGS,17.127,13.094,4.033,30.8
2026-04-21,PM10,out,CON-LAGS,16.487,11.921,4.567,38.31
2026-04-22,PM10,out,CON-LAGS,14.894,15.242,-0.348,-2.28
2026-04-23,PM10,out,CON-LAGS,11.76,11.929,-0.169,-1.41
2026-04-24,PM10,out,CON-LAGS,14.502,9.673,4.829,49.92
2026-04-25,PM10,out,CON-LAGS,16.554,9.423,7.131,75.67
2026-04-26,PM10,out,CON-LAGS,14.927,9.552,5.375,56.27
2026-04-27,PM10,out,CON-LAGS,16.501,11.476,5.025,43.79
2026-04-28,PM10,out,CON-LAGS,18.389,13.555,4.834,35.66
2026-04-29,PM10,out,CON-LAGS,8.383,11.932,-3.549,-29.74
2026-04-30,PM10,out,CON-LAGS,8.38,15.544,-7.164,-46.09
2026-05-01,PM10,out,CON-LAGS,11.041,10.468,0.573,5.47
2026-05-02,PM10,out,CON-LAGS,5.991,8.219,-2.228,-27.11
2026-05-03,PM10,out,CON-LAGS,4.592,9.093,-4.501,-49.5
2026-05-04,PM10,out,CON-LAGS,4.974,9.005,-4.031,-44.76
2026-05-05,PM10,out,CON-LAGS,4.145,10.217,-6.071,-59.43
2026-05-06,PM10,out,CON-LAGS,7.381,12.152,-4.771,-39.26
2026-05-07,PM10,out,CON-LAGS,7.188,10.535,-3.347,-31.77
2026-05-08,PM10,out,CON-LAGS,5.491,9.365,-3.874,-41.37
2026-05-09,PM10,out,CON-LAGS,4.418,8.92,-4.502,-50.47
2026-05-10,PM10,out,CON-LAGS,3.236,11.524,-8.288,-71.92
2026-05-11,PM10,out,CON-LAGS,7.328,12.247,-4.918,-40.16
2026-05-12,PM10,out,CON-LAGS,8.059,10.52,-2.461,-23.39
2026-05-13,PM10,out,CON-LAGS,7.586,11.37,-3.784,-33.28
2026-05-14,PM10,out,CON-LAGS,5.523,9.584,-4.061,-42.37
2026-05-15,PM10,out,CON-LAGS,4.683,9.148,-4.466,-48.82
2026-05-16,PM10,out,CON-LAGS,6.551,8.418,-1.867,-22.18
2026-05-17,PM10,out,CON-LAGS,9.99,8.173,1.817,22.24
2026-05-18,PM10,out,CON-LAGS,10.441,11.952,-1.511,-12.64
2026-05-19,PM10,out,CON-LAGS,8.244,12.337,-4.092,-33.17
2026-05-20,PM10,out,CON-LAGS,13.174,13.74,-0.566,-4.12
2026-05-21,PM10,out,CON-LAGS,10.623,13.847,-3.224,-23.28
2026-05-22,PM10,out,CON-LAGS,10.94,16.491,-5.551,-33.66
2026-05-23,PM10,out,CON-LAGS,13.513,14.088,-0.575,-4.08
2026-05-24,PM10,out,CON-LAGS,8.901,12.927,-4.026,-31.14
2026-05-25,PM10,out,CON-LAGS,7.355,16.667,-9.312,-55.87
2026-05-26,PM10,out,CON-LAGS,7.239,13.485,-6.246,-46.32
2026-05-27,PM10,out,CON-LAGS,12.082,14.116,-2.033,-14.4
2026-05-28,PM10,out,CON-LAGS,16.201,13.091,3.11,23.76
2026-05-29,PM10,out,CON-LAGS,21.407,14.192,7.215,50.84
2026-05-30,PM10,out,CON-LAGS,18.24,12.303,5.937,48.25
2026-05-31,PM10,out,CON-LAGS,7.975,12.198,-4.223,-34.62
2026-06-01,PM10,out,CON-LAGS,8.193,17.062,-8.87,-51.98
2026-06-02,PM10,out,CON-LAGS,10.846,10.358,0.488,4.71
2026-06-03,PM10,out,CON-LAGS,6.749,12.363,-5.614,-45.41
2026-06-04,PM10,out,CON-LAGS,9.449,9.676,-0.228,-2.35
2026-06-05,PM10,out,CON-LAGS,8.037,9.0,-0.963,-10.7
2026-06-06,PM10,out,CON-LAGS,16.032,9.126,6.906,75.67
2026-06-07,PM10,out,CON-LAGS,16.239,11.721,4.518,38.55
2026-06-08,PM10,out,CON-LAGS,14.208,13.993,0.215,1.54
2026-06-09,PM10,out,CON-LAGS,8.966,13.765,-4.799,-34.87
2026-06-10,PM10,out,CON-LAGS,7.45,12.501,-5.051,-40.4
2026-06-11,PM10,out,CON-LAGS,6.992,12.748,-5.755,-45.15
2026-06-12,PM10,out,CON-LAGS,7.834,13.977,-6.143,-43.95
2026-06-13,PM10,out,CON-LAGS,6.911,13.964,-7.053,-50.51
2026-06-14,PM10,out,CON-LAGS,7.947,12.651,-4.704,-37.18
2026-06-15,PM10,out,CON-LAGS,16.775,13.275,3.5,26.36
2026-06-16,PM10,out,CON-LAGS,17.151,13.968,3.182,22.78
2026-06-17,PM10,out,CON-LAGS,14.622,13.33,1.291,9.69
2026-06-18,PM10,out,CON-LAGS,15.73,15.891,-0.161,-1.02
2026-06-19,PM10,out,CON-LAGS,12.816,14.295,-1.479,-10.35
2026-06-20,PM10,out,CON-LAGS,12.455,12.827,-0.372,-2.9
2026-06-21,PM10,out,CON-LAGS,15.695,12.656,3.039,24.02
2026-06-22,PM10,out,CON-LAGS,22.72,13.905,8.815,63.39
2026-06-23,PM10,out,CON-LAGS,21.682,15.904,5.778,36.33
2026-06-24,PM10,out,CON-LAGS,16.299,17.894,-1.595,-8.91
2026-06-25,PM10,out,CON-LAGS,17.364,15.318,2.046,13.36
2026-06-26,PM10,out,CON-LAGS,14.236,15.262,-1.026,-6.72
2026-06-27,PM10,out,CON-LAGS,10.394,15.916,-5.522,-34.7
2026-06-28,PM10,out,CON-LAGS,4.475,10.727,-6.252,-58.28
2026-06-29,PM10,out,CON-LAGS,5.89,13.7,-7.81,-57.0
2026-06-30,PM10,out,CON-LAGS,6.427,11.019,-4.592,-41.67
2026-07-01,PM10,out,CON-LAGS,4.944,12.601,-7.658,-60.77
2026-07-02,PM10,out,CON-LAGS,6.516,10.703,-4.187,-39.12
2026-07-03,PM10,out,CON-LAGS,3.835,10.61,-6.774,-63.85
2026-07-04,PM10,out,CON-LAGS,6.165,11.002,-4.838,-43.97
2026-07-05,PM10,out,CON-LAGS,9.142,13.837,-4.695,-33.93
2026-07-06,PM10,out,CON-LAGS,10.583,14.259,-3.676,-25.78
2026-07-07,PM10,out,CON-LAGS,16.936,16.836,0.1,0.59
2026-07-08,PM10,out,CON-LAGS,19.523,17.37,2.153,12.39
2026-07-09,PM10,out,CON-LAGS,17.442,16.487,0.955,5.79
2026-07-10,PM10,out,CON-LAGS,19.98,15.419,4.56,29.58
2026-07-11,PM10,out,CON-LAGS,14.342,16.201,-1.859,-11.47
2026-07-12,PM10,out,CON-LAGS,18.503,12.691,5.812,45.8
2026-07-13,PM10,out,CON-LAGS,18.453,13.469,4.984,37.0
2026-07-14,PM10,out,CON-LAGS,18.083,13.771,4.312,31.31
2026-07-15,PM10,out,CON-LAGS,17.823,14.536,3.287,22.62
2026-07-16,PM10,out,CON-LAGS,14.693,15.074,-0.381,-2.53
2026-07-17,PM10,out,CON-LAGS,10.524,15.052,-4.528,-30.08
2026-07-18,PM10,out,CON-LAGS,10.894,12.721,-1.827,-14.36
2026-07-19,PM10,out,CON-LAGS,18.909,13.622,5.288,38.82
2026-07-20,PM10,out,CON-LAGS,21.254,13.346,7.908,59.25
2026-07-21,PM10,out,CON-LAGS,12.505,17.253,-4.748,-27.52
2026-07-22,PM10,out,CON-LAGS,11.255,14.584,-3.329,-22.83
2026-07-23,PM10,out,CON-LAGS,15.596,14.492,1.104,7.62
2026-07-24,PM10,out,CON-LAGS,17.617,14.167,3.45,24.35
2026-07-25,PM10,out,CON-LAGS,10.73,17.396,-6.666,-38.32
2026-07-26,PM10,out,CON-LAGS,7.423,16.905,-9.482,-56.09
2026-07-27,PM10,out,CON-LAGS,8.669,12.88,-4.211,-32.7
2026-07-28,PM10,out,CON-LAGS,15.007,10.867,4.14,38.09
2025-09-01,PM2.5,zbe,METEO-PURO,3.957,4.248,-0.291,-6.84
2025-09-02,PM2.5,zbe,METEO-PURO,3.486,5.205,-1.72,-33.04
2025-09-03,PM2.5,zbe,METEO-PURO,6.494,4.652,1.842,39.6
2025-09-04,PM2.5,zbe,METEO-PURO,6.039,5.841,0.198,3.38
2025-09-05,PM2.5,zbe,METEO-PURO,6.852,4.604,2.248,48.84
2025-09-06,PM2.5,zbe,METEO-PURO,5.009,3.047,1.963,64.42
2025-09-07,PM2.5,zbe,METEO-PURO,5.105,3.207,1.899,59.2
2025-09-08,PM2.5,zbe,METEO-PURO,3.426,3.843,-0.418,-10.87
2025-09-09,PM2.5,zbe,METEO-PURO,6.56,5.004,1.556,31.11
2025-09-10,PM2.5,zbe,METEO-PURO,5.74,3.979,1.761,44.25
2025-09-11,PM2.5,zbe,METEO-PURO,5.156,5.422,-0.266,-4.9
2025-09-12,PM2.5,zbe,METEO-PURO,4.888,4.589,0.299,6.51
2025-09-13,PM2.5,zbe,METEO-PURO,5.588,4.5,1.087,24.16
2025-09-14,PM2.5,zbe,METEO-PURO,3.95,7.78,-3.83,-49.23
2025-09-15,PM2.5,zbe,METEO-PURO,3.964,5.353,-1.39,-25.96
2025-09-16,PM2.5,zbe,METEO-PURO,5.993,5.496,0.497,9.05
2025-09-17,PM2.5,zbe,METEO-PURO,8.488,8.967,-0.48,-5.35
2025-09-18,PM2.5,zbe,METEO-PURO,9.247,6.213,3.034,48.84
2025-09-19,PM2.5,zbe,METEO-PURO,6.587,6.04,0.547,9.06
2025-09-20,PM2.5,zbe,METEO-PURO,4.982,4.688,0.294,6.27
2025-09-21,PM2.5,zbe,METEO-PURO,1.947,3.97,-2.023,-50.95
2025-09-22,PM2.5,zbe,METEO-PURO,1.922,4.697,-2.775,-59.07
2025-09-23,PM2.5,zbe,METEO-PURO,3.395,5.601,-2.206,-39.38
2025-09-24,PM2.5,zbe,METEO-PURO,4.383,6.183,-1.801,-29.12
2025-09-25,PM2.5,zbe,METEO-PURO,7.114,7.746,-0.632,-8.16
2025-09-26,PM2.5,zbe,METEO-PURO,8.645,8.73,-0.085,-0.97
2025-09-27,PM2.5,zbe,METEO-PURO,7.77,7.817,-0.047,-0.6
2025-09-28,PM2.5,zbe,METEO-PURO,5.414,6.092,-0.678,-11.13
2025-09-29,PM2.5,zbe,METEO-PURO,6.57,7.441,-0.871,-11.71
2025-09-30,PM2.5,zbe,METEO-PURO,8.084,7.223,0.861,11.93
2025-10-01,PM2.5,zbe,METEO-PURO,10.841,9.04,1.801,19.92
2025-10-02,PM2.5,zbe,METEO-PURO,9.728,8.804,0.924,10.5
2025-10-03,PM2.5,zbe,METEO-PURO,11.635,7.661,3.975,51.88
2025-10-04,PM2.5,zbe,METEO-PURO,6.008,5.885,0.122,2.08
2025-10-05,PM2.5,zbe,METEO-PURO,4.989,5.768,-0.779,-13.5
2025-10-06,PM2.5,zbe,METEO-PURO,5.725,9.134,-3.409,-37.32
2025-10-07,PM2.5,zbe,METEO-PURO,5.359,8.963,-3.604,-40.21
2025-10-08,PM2.5,zbe,METEO-PURO,9.197,7.404,1.793,24.21
2025-10-09,PM2.5,zbe,METEO-PURO,7.999,5.744,2.256,39.27
2025-10-10,PM2.5,zbe,METEO-PURO,10.823,6.026,4.797,79.59
2025-10-11,PM2.5,zbe,METEO-PURO,10.28,6.39,3.89,60.88
2025-10-12,PM2.5,zbe,METEO-PURO,5.151,5.983,-0.832,-13.9
2025-10-13,PM2.5,zbe,METEO-PURO,6.93,7.001,-0.071,-1.01
2025-10-14,PM2.5,zbe,METEO-PURO,16.586,7.301,9.285,127.17
2025-10-15,PM2.5,zbe,METEO-PURO,17.299,7.62,9.679,127.02
2025-10-16,PM2.5,zbe,METEO-PURO,19.767,7.614,12.154,159.63
2025-10-17,PM2.5,zbe,METEO-PURO,15.787,8.671,7.116,82.06
2025-10-18,PM2.5,zbe,METEO-PURO,12.375,8.637,3.738,43.28
2025-10-19,PM2.5,zbe,METEO-PURO,6.211,3.165,3.046,96.24
2025-10-20,PM2.5,zbe,METEO-PURO,1.909,5.105,-3.196,-62.61
2025-10-21,PM2.5,zbe,METEO-PURO,1.54,3.735,-2.195,-58.76
2025-10-22,PM2.5,zbe,METEO-PURO,2.641,4.708,-2.066,-43.89
2025-10-23,PM2.5,zbe,METEO-PURO,6.843,3.199,3.644,113.93
2025-10-24,PM2.5,zbe,METEO-PURO,7.355,4.505,2.85,63.26
2025-10-25,PM2.5,zbe,METEO-PURO,4.746,6.153,-1.407,-22.87
2025-10-26,PM2.5,zbe,METEO-PURO,3.379,5.217,-1.839,-35.24
2025-10-27,PM2.5,zbe,METEO-PURO,8.235,8.365,-0.129,-1.55
2025-10-28,PM2.5,zbe,METEO-PURO,7.028,11.278,-4.25,-37.69
2025-10-29,PM2.5,zbe,METEO-PURO,3.536,4.858,-1.322,-27.21
2025-10-30,PM2.5,zbe,METEO-PURO,2.575,6.814,-4.239,-62.21
2025-10-31,PM2.5,zbe,METEO-PURO,2.098,4.445,-2.347,-52.8
2025-11-01,PM2.5,zbe,METEO-PURO,2.96,3.441,-0.481,-13.99
2025-11-02,PM2.5,zbe,METEO-PURO,3.933,8.094,-4.162,-51.42
2025-11-03,PM2.5,zbe,METEO-PURO,5.069,10.018,-4.949,-49.4
2025-11-04,PM2.5,zbe,METEO-PURO,4.626,8.438,-3.812,-45.18
2025-11-05,PM2.5,zbe,METEO-PURO,2.262,7.278,-5.016,-68.92
2025-11-06,PM2.5,zbe,METEO-PURO,2.641,4.885,-2.245,-45.94
2025-11-07,PM2.5,zbe,METEO-PURO,2.675,5.038,-2.363,-46.91
2025-11-08,PM2.5,zbe,METEO-PURO,4.118,5.512,-1.394,-25.3
2025-11-09,PM2.5,zbe,METEO-PURO,3.653,10.137,-6.484,-63.96
2025-11-10,PM2.5,zbe,METEO-PURO,2.725,9.415,-6.69,-71.06
2025-11-11,PM2.5,zbe,METEO-PURO,4.096,8.645,-4.549,-52.62
2025-11-12,PM2.5,zbe,METEO-PURO,5.832,8.522,-2.69,-31.57
2025-11-13,PM2.5,zbe,METEO-PURO,6.199,5.762,0.437,7.58
2025-11-14,PM2.5,zbe,METEO-PURO,2.126,3.824,-1.698,-44.41
2025-11-15,PM2.5,zbe,METEO-PURO,2.166,3.695,-1.529,-41.39
2025-11-16,PM2.5,zbe,METEO-PURO,3.088,6.028,-2.94,-48.77
2025-11-17,PM2.5,zbe,METEO-PURO,4.491,7.702,-3.211,-41.69
2025-11-18,PM2.5,zbe,METEO-PURO,5.607,7.937,-2.329,-29.35
2025-11-19,PM2.5,zbe,METEO-PURO,3.243,4.956,-1.713,-34.57
2025-11-20,PM2.5,zbe,METEO-PURO,2.012,5.022,-3.01,-59.94
2025-11-21,PM2.5,zbe,METEO-PURO,3.797,6.04,-2.242,-37.13
2025-11-22,PM2.5,zbe,METEO-PURO,3.49,6.856,-3.366,-49.1
2025-11-23,PM2.5,zbe,METEO-PURO,2.185,5.29,-3.104,-58.69
2025-11-24,PM2.5,zbe,METEO-PURO,1.998,4.243,-2.245,-52.91
2025-11-25,PM2.5,zbe,METEO-PURO,4.27,5.489,-1.219,-22.21
2025-11-26,PM2.5,zbe,METEO-PURO,4.727,6.953,-2.227,-32.02
2025-11-27,PM2.5,zbe,METEO-PURO,9.042,12.968,-3.926,-30.28
2025-11-29,PM2.5,zbe,METEO-PURO,6.333,8.433,-2.1,-24.9
2025-11-30,PM2.5,zbe,METEO-PURO,5.476,6.557,-1.081,-16.49
2025-12-01,PM2.5,zbe,METEO-PURO,3.756,10.326,-6.57,-63.62
2025-12-02,PM2.5,zbe,METEO-PURO,4.856,5.428,-0.572,-10.54
2025-12-03,PM2.5,zbe,METEO-PURO,3.555,8.227,-4.671,-56.78
2025-12-04,PM2.5,zbe,METEO-PURO,2.737,5.106,-2.369,-46.4
2025-12-05,PM2.5,zbe,METEO-PURO,2.994,4.964,-1.97,-39.69
2025-12-06,PM2.5,zbe,METEO-PURO,1.514,4.932,-3.418,-69.31
2025-12-07,PM2.5,zbe,METEO-PURO,1.639,5.789,-4.15,-71.69
2025-12-08,PM2.5,zbe,METEO-PURO,3.731,10.656,-6.925,-64.99
2025-12-09,PM2.5,zbe,METEO-PURO,7.255,8.336,-1.081,-12.97
2025-12-10,PM2.5,zbe,METEO-PURO,9.261,7.138,2.123,29.75
2025-12-11,PM2.5,zbe,METEO-PURO,16.086,10.844,5.242,48.34
2025-12-12,PM2.5,zbe,METEO-PURO,25.62,10.124,15.495,153.05
2025-12-13,PM2.5,zbe,METEO-PURO,26.506,12.311,14.195,115.31
2025-12-14,PM2.5,zbe,METEO-PURO,25.839,9.04,16.799,185.83
2025-12-15,PM2.5,zbe,METEO-PURO,11.779,6.935,4.844,69.85
2025-12-16,PM2.5,zbe,METEO-PURO,10.84,4.374,6.466,147.84
2025-12-17,PM2.5,zbe,METEO-PURO,7.631,8.297,-0.667,-8.04
2025-12-18,PM2.5,zbe,METEO-PURO,7.102,8.833,-1.731,-19.6
2025-12-19,PM2.5,zbe,METEO-PURO,12.378,7.817,4.562,58.36
2025-12-20,PM2.5,zbe,METEO-PURO,8.681,7.719,0.963,12.48
2025-12-21,PM2.5,zbe,METEO-PURO,2.247,3.88,-1.634,-42.1
2025-12-22,PM2.5,zbe,METEO-PURO,2.352,5.611,-3.259,-58.09
2025-12-23,PM2.5,zbe,METEO-PURO,4.381,9.308,-4.926,-52.93
2025-12-24,PM2.5,zbe,METEO-PURO,8.146,6.743,1.403,20.8
2025-12-25,PM2.5,zbe,METEO-PURO,8.105,8.278,-0.173,-2.09
2025-12-26,PM2.5,zbe,METEO-PURO,9.66,10.189,-0.529,-5.19
2025-12-27,PM2.5,zbe,METEO-PURO,3.57,8.459,-4.889,-57.8
2025-12-28,PM2.5,zbe,METEO-PURO,6.853,7.425,-0.571,-7.7
2025-12-29,PM2.5,zbe,METEO-PURO,11.145,11.99,-0.845,-7.05
2025-12-30,PM2.5,zbe,METEO-PURO,12.862,10.439,2.424,23.22
2025-12-31,PM2.5,zbe,METEO-PURO,19.098,9.138,9.96,108.99
2026-01-01,PM2.5,zbe,METEO-PURO,16.111,11.642,4.469,38.39
2026-01-02,PM2.5,zbe,METEO-PURO,14.609,13.997,0.612,4.37
2026-01-03,PM2.5,zbe,METEO-PURO,6.666,8.756,-2.09,-23.87
2026-01-04,PM2.5,zbe,METEO-PURO,4.473,6.56,-2.087,-31.81
2026-01-05,PM2.5,zbe,METEO-PURO,5.078,7.817,-2.739,-35.04
2026-01-06,PM2.5,zbe,METEO-PURO,5.721,5.966,-0.244,-4.09
2026-01-07,PM2.5,zbe,METEO-PURO,5.174,8.822,-3.648,-41.35
2026-01-08,PM2.5,zbe,METEO-PURO,2.847,6.027,-3.18,-52.76
2026-01-09,PM2.5,zbe,METEO-PURO,2.738,5.495,-2.757,-50.17
2026-01-10,PM2.5,zbe,METEO-PURO,5.844,5.367,0.477,8.88
2026-01-11,PM2.5,zbe,METEO-PURO,2.987,7.67,-4.682,-61.05
2026-01-12,PM2.5,zbe,METEO-PURO,5.499,4.936,0.563,11.4
2026-01-13,PM2.5,zbe,METEO-PURO,8.306,7.647,0.658,8.61
2026-01-14,PM2.5,zbe,METEO-PURO,3.767,10.774,-7.006,-65.03
2026-01-15,PM2.5,zbe,METEO-PURO,4.488,4.276,0.213,4.97
2026-01-16,PM2.5,zbe,METEO-PURO,13.323,11.32,2.003,17.69
2026-01-17,PM2.5,zbe,METEO-PURO,7.638,7.191,0.447,6.21
2026-01-18,PM2.5,zbe,METEO-PURO,3.935,10.558,-6.624,-62.73
2026-01-19,PM2.5,zbe,METEO-PURO,5.312,10.226,-4.914,-48.06
2026-01-20,PM2.5,zbe,METEO-PURO,4.353,10.852,-6.499,-59.89
2026-01-21,PM2.5,zbe,METEO-PURO,3.233,3.939,-0.706,-17.93
2026-01-22,PM2.5,zbe,METEO-PURO,3.549,4.581,-1.032,-22.53
2026-01-23,PM2.5,zbe,METEO-PURO,2.168,3.543,-1.375,-38.81
2026-01-24,PM2.5,zbe,METEO-PURO,2.597,5.014,-2.418,-48.22
2026-01-25,PM2.5,zbe,METEO-PURO,4.723,4.421,0.301,6.82
2026-01-26,PM2.5,zbe,METEO-PURO,4.34,5.106,-0.766,-15.0
2026-01-27,PM2.5,zbe,METEO-PURO,1.587,3.856,-2.268,-58.83
2026-01-28,PM2.5,zbe,METEO-PURO,3.155,6.548,-3.394,-51.82
2026-01-29,PM2.5,zbe,METEO-PURO,6.049,4.797,1.252,26.09
2026-01-30,PM2.5,zbe,METEO-PURO,5.016,4.373,0.642,14.68
2026-01-31,PM2.5,zbe,METEO-PURO,8.464,4.826,3.638,75.38
2026-02-01,PM2.5,zbe,METEO-PURO,4.089,5.81,-1.721,-29.62
2026-02-02,PM2.5,zbe,METEO-PURO,1.589,3.859,-2.271,-58.84
2026-02-03,PM2.5,zbe,METEO-PURO,1.833,5.18,-3.347,-64.61
2026-02-04,PM2.5,zbe,METEO-PURO,3.118,6.893,-3.775,-54.77
2026-02-05,PM2.5,zbe,METEO-PURO,2.049,3.591,-1.542,-42.94
2026-02-06,PM2.5,zbe,METEO-PURO,2.587,6.564,-3.977,-60.58
2026-02-07,PM2.5,zbe,METEO-PURO,2.657,3.916,-1.259,-32.14
2026-02-08,PM2.5,zbe,METEO-PURO,4.03,6.415,-2.385,-37.18
2026-02-09,PM2.5,zbe,METEO-PURO,4.196,6.262,-2.067,-33.0
2026-02-10,PM2.5,zbe,METEO-PURO,3.956,5.939,-1.983,-33.39
2026-02-11,PM2.5,zbe,METEO-PURO,7.007,3.96,3.047,76.95
2026-02-12,PM2.5,zbe,METEO-PURO,7.129,7.041,0.088,1.25
2026-02-13,PM2.5,zbe,METEO-PURO,3.224,3.669,-0.445,-12.13
2026-02-14,PM2.5,zbe,METEO-PURO,5.07,4.812,0.258,5.37
2026-02-15,PM2.5,zbe,METEO-PURO,2.349,5.054,-2.705,-53.52
2026-02-16,PM2.5,zbe,METEO-PURO,2.384,4.777,-2.393,-50.1
2026-02-17,PM2.5,zbe,METEO-PURO,6.116,8.595,-2.478,-28.84
2026-02-18,PM2.5,zbe,METEO-PURO,3.125,5.437,-2.312,-42.53
2026-02-19,PM2.5,zbe,METEO-PURO,4.778,5.028,-0.25,-4.97
2026-02-20,PM2.5,zbe,METEO-PURO,10.259,7.878,2.381,30.22
2026-02-21,PM2.5,zbe,METEO-PURO,11.227,13.187,-1.96,-14.86
2026-02-22,PM2.5,zbe,METEO-PURO,12.169,10.855,1.314,12.1
2026-02-23,PM2.5,zbe,METEO-PURO,11.394,11.012,0.382,3.47
2026-02-24,PM2.5,zbe,METEO-PURO,12.336,10.879,1.457,13.4
2026-02-25,PM2.5,zbe,METEO-PURO,14.582,11.78,2.802,23.78
2026-02-26,PM2.5,zbe,METEO-PURO,18.864,11.177,7.688,68.78
2026-02-27,PM2.5,zbe,METEO-PURO,12.547,9.168,3.379,36.85
2026-02-28,PM2.5,zbe,METEO-PURO,11.039,6.996,4.043,57.78
2026-03-01,PM2.5,zbe,METEO-PURO,11.757,6.113,5.644,92.32
2026-03-02,PM2.5,zbe,METEO-PURO,11.979,7.662,4.317,56.34
2026-03-03,PM2.5,zbe,METEO-PURO,14.023,9.018,5.005,55.51
2026-03-04,PM2.5,zbe,METEO-PURO,17.322,7.925,9.396,118.56
2026-03-05,PM2.5,zbe,METEO-PURO,10.586,5.934,4.652,78.39
2026-03-06,PM2.5,zbe,METEO-PURO,2.091,4.897,-2.806,-57.29
2026-03-07,PM2.5,zbe,METEO-PURO,5.902,5.78,0.122,2.12
2026-03-08,PM2.5,zbe,METEO-PURO,6.785,7.364,-0.579,-7.86
2026-03-09,PM2.5,zbe,METEO-PURO,10.979,6.885,4.094,59.47
2026-03-10,PM2.5,zbe,METEO-PURO,17.569,7.833,9.736,124.3
2026-03-11,PM2.5,zbe,METEO-PURO,13.656,8.878,4.778,53.83
2026-03-12,PM2.5,zbe,METEO-PURO,12.139,8.666,3.473,40.07
2026-03-13,PM2.5,zbe,METEO-PURO,4.591,4.37,0.22,5.04
2026-03-14,PM2.5,zbe,METEO-PURO,2.081,4.526,-2.445,-54.02
2026-03-15,PM2.5,zbe,METEO-PURO,4.932,4.962,-0.031,-0.62
2026-03-16,PM2.5,zbe,METEO-PURO,10.91,8.73,2.18,24.97
2026-03-17,PM2.5,zbe,METEO-PURO,9.43,10.064,-0.634,-6.3
2026-03-18,PM2.5,zbe,METEO-PURO,8.268,10.598,-2.33,-21.99
2026-03-19,PM2.5,zbe,METEO-PURO,9.35,8.515,0.835,9.8
2026-03-20,PM2.5,zbe,METEO-PURO,11.566,6.604,4.963,75.15
2026-03-21,PM2.5,zbe,METEO-PURO,14.459,7.733,6.726,86.97
2026-03-22,PM2.5,zbe,METEO-PURO,30.986,5.602,25.384,453.13
2026-03-23,PM2.5,zbe,METEO-PURO,26.091,7.055,19.036,269.83
2026-03-24,PM2.5,zbe,METEO-PURO,18.587,11.003,7.585,68.93
2026-03-25,PM2.5,zbe,METEO-PURO,9.808,9.096,0.712,7.83
2026-03-26,PM2.5,zbe,METEO-PURO,6.78,8.006,-1.226,-15.31
2026-03-27,PM2.5,zbe,METEO-PURO,8.024,6.399,1.625,25.39
2026-03-28,PM2.5,zbe,METEO-PURO,6.361,5.645,0.716,12.68
2026-03-29,PM2.5,zbe,METEO-PURO,6.619,6.505,0.114,1.75
2026-03-30,PM2.5,zbe,METEO-PURO,6.099,6.435,-0.336,-5.21
2026-03-31,PM2.5,zbe,METEO-PURO,10.995,7.519,3.476,46.23
2026-04-01,PM2.5,zbe,METEO-PURO,4.147,5.782,-1.634,-28.27
2026-04-02,PM2.5,zbe,METEO-PURO,3.782,5.558,-1.776,-31.96
2026-04-03,PM2.5,zbe,METEO-PURO,5.135,7.543,-2.408,-31.92
2026-04-04,PM2.5,zbe,METEO-PURO,6.346,9.63,-3.283,-34.09
2026-04-05,PM2.5,zbe,METEO-PURO,9.392,9.804,-0.412,-4.2
2026-04-06,PM2.5,zbe,METEO-PURO,4.581,8.286,-3.704,-44.71
2026-04-07,PM2.5,zbe,METEO-PURO,4.933,7.094,-2.161,-30.47
2026-04-08,PM2.5,zbe,METEO-PURO,9.2,6.683,2.516,37.65
2026-04-09,PM2.5,zbe,METEO-PURO,11.129,8.944,2.185,24.43
2026-04-10,PM2.5,zbe,METEO-PURO,13.077,8.221,4.856,59.07
2026-04-11,PM2.5,zbe,METEO-PURO,9.761,6.123,3.638,59.41
2026-04-12,PM2.5,zbe,METEO-PURO,4.508,5.098,-0.59,-11.58
2026-04-13,PM2.5,zbe,METEO-PURO,4.182,5.031,-0.849,-16.88
2026-04-14,PM2.5,zbe,METEO-PURO,7.489,7.466,0.023,0.31
2026-04-15,PM2.5,zbe,METEO-PURO,8.281,8.523,-0.242,-2.84
2026-04-16,PM2.5,zbe,METEO-PURO,10.637,8.81,1.827,20.74
2026-04-17,PM2.5,zbe,METEO-PURO,11.066,7.678,3.388,44.12
2026-04-18,PM2.5,zbe,METEO-PURO,9.702,7.95,1.751,22.03
2026-04-19,PM2.5,zbe,METEO-PURO,10.174,8.356,1.818,21.76
2026-04-20,PM2.5,zbe,METEO-PURO,12.832,10.154,2.678,26.38
2026-04-21,PM2.5,zbe,METEO-PURO,10.54,7.813,2.727,34.9
2026-04-22,PM2.5,zbe,METEO-PURO,9.679,8.11,1.569,19.35
2026-04-23,PM2.5,zbe,METEO-PURO,7.219,7.954,-0.735,-9.25
2026-04-24,PM2.5,zbe,METEO-PURO,11.326,3.12,8.206,263.05
2026-04-25,PM2.5,zbe,METEO-PURO,13.975,6.915,7.06,102.1
2026-04-26,PM2.5,zbe,METEO-PURO,13.348,8.297,5.051,60.87
2026-04-27,PM2.5,zbe,METEO-PURO,13.79,7.687,6.103,79.4
2026-04-28,PM2.5,zbe,METEO-PURO,16.753,7.137,9.616,134.74
2026-04-29,PM2.5,zbe,METEO-PURO,6.641,4.679,1.962,41.93
2026-04-30,PM2.5,zbe,METEO-PURO,7.014,9.415,-2.401,-25.5
2026-05-01,PM2.5,zbe,METEO-PURO,8.449,5.034,3.414,67.82
2026-05-02,PM2.5,zbe,METEO-PURO,4.777,4.124,0.653,15.82
2026-05-03,PM2.5,zbe,METEO-PURO,3.788,5.201,-1.413,-27.16
2026-05-04,PM2.5,zbe,METEO-PURO,4.486,6.125,-1.64,-26.77
2026-05-05,PM2.5,zbe,METEO-PURO,2.877,6.771,-3.893,-57.5
2026-05-06,PM2.5,zbe,METEO-PURO,6.508,8.934,-2.426,-27.15
2026-05-07,PM2.5,zbe,METEO-PURO,6.217,8.142,-1.925,-23.64
2026-05-08,PM2.5,zbe,METEO-PURO,3.908,5.966,-2.058,-34.49
2026-05-09,PM2.5,zbe,METEO-PURO,3.51,5.043,-1.533,-30.4
2026-05-10,PM2.5,zbe,METEO-PURO,2.28,5.828,-3.548,-60.87
2026-05-11,PM2.5,zbe,METEO-PURO,7.111,6.013,1.098,18.26
2026-05-12,PM2.5,zbe,METEO-PURO,6.99,6.593,0.397,6.03
2026-05-13,PM2.5,zbe,METEO-PURO,4.759,8.486,-3.727,-43.92
2026-05-14,PM2.5,zbe,METEO-PURO,3.387,6.361,-2.974,-46.75
2026-05-15,PM2.5,zbe,METEO-PURO,2.777,4.923,-2.145,-43.58
2026-05-16,PM2.5,zbe,METEO-PURO,4.469,6.18,-1.711,-27.69
2026-05-17,PM2.5,zbe,METEO-PURO,6.993,9.219,-2.226,-24.15
2026-05-18,PM2.5,zbe,METEO-PURO,7.107,8.776,-1.669,-19.01
2026-05-19,PM2.5,zbe,METEO-PURO,6.12,9.865,-3.746,-37.97
2026-05-20,PM2.5,zbe,METEO-PURO,9.574,11.36,-1.786,-15.72
2026-05-21,PM2.5,zbe,METEO-PURO,7.434,10.966,-3.531,-32.2
2026-05-22,PM2.5,zbe,METEO-PURO,7.464,10.246,-2.783,-27.16
2026-05-23,PM2.5,zbe,METEO-PURO,9.31,8.79,0.52,5.92
2026-05-24,PM2.5,zbe,METEO-PURO,5.565,10.497,-4.932,-46.98
2026-05-25,PM2.5,zbe,METEO-PURO,4.135,8.874,-4.738,-53.4
2026-05-26,PM2.5,zbe,METEO-PURO,4.343,9.105,-4.762,-52.3
2026-05-27,PM2.5,zbe,METEO-PURO,7.561,10.975,-3.413,-31.1
2026-05-28,PM2.5,zbe,METEO-PURO,11.834,11.081,0.753,6.79
2026-05-29,PM2.5,zbe,METEO-PURO,18.697,9.522,9.175,96.36
2026-05-30,PM2.5,zbe,METEO-PURO,16.236,7.419,8.817,118.85
2026-05-31,PM2.5,zbe,METEO-PURO,5.746,10.348,-4.602,-44.47
2026-06-01,PM2.5,zbe,METEO-PURO,5.858,11.551,-5.693,-49.28
2026-06-02,PM2.5,zbe,METEO-PURO,6.111,8.143,-2.032,-24.95
2026-06-03,PM2.5,zbe,METEO-PURO,4.716,11.339,-6.622,-58.41
2026-06-04,PM2.5,zbe,METEO-PURO,5.958,5.961,-0.003,-0.05
2026-06-05,PM2.5,zbe,METEO-PURO,5.304,8.017,-2.714,-33.85
2026-06-06,PM2.5,zbe,METEO-PURO,8.315,6.421,1.893,29.49
2026-06-07,PM2.5,zbe,METEO-PURO,11.206,10.687,0.519,4.86
2026-06-08,PM2.5,zbe,METEO-PURO,10.528,7.769,2.759,35.51
2026-06-09,PM2.5,zbe,METEO-PURO,4.881,6.467,-1.587,-24.53
2026-06-10,PM2.5,zbe,METEO-PURO,4.316,8.371,-4.055,-48.44
2026-06-11,PM2.5,zbe,METEO-PURO,4.59,10.554,-5.964,-56.51
2026-06-12,PM2.5,zbe,METEO-PURO,5.211,11.677,-6.466,-55.37
2026-06-13,PM2.5,zbe,METEO-PURO,4.897,11.594,-6.697,-57.76
2026-06-14,PM2.5,zbe,METEO-PURO,5.861,11.425,-5.563,-48.7
2026-06-15,PM2.5,zbe,METEO-PURO,13.296,12.075,1.222,10.12
2026-06-16,PM2.5,zbe,METEO-PURO,13.275,12.58,0.695,5.52
2026-06-17,PM2.5,zbe,METEO-PURO,11.365,10.546,0.819,7.77
2026-06-18,PM2.5,zbe,METEO-PURO,11.449,8.102,3.347,41.32
2026-06-19,PM2.5,zbe,METEO-PURO,7.455,7.031,0.424,6.04
2026-06-20,PM2.5,zbe,METEO-PURO,7.136,7.784,-0.648,-8.32
2026-06-21,PM2.5,zbe,METEO-PURO,7.217,10.309,-3.092,-29.99
2026-06-22,PM2.5,zbe,METEO-PURO,11.492,9.116,2.376,26.07
2026-06-23,PM2.5,zbe,METEO-PURO,12.183,11.203,0.98,8.75
2026-06-24,PM2.5,zbe,METEO-PURO,9.291,10.774,-1.483,-13.76
2026-06-25,PM2.5,zbe,METEO-PURO,12.066,5.664,6.402,113.02
2026-06-26,PM2.5,zbe,METEO-PURO,11.007,11.109,-0.102,-0.92
2026-06-27,PM2.5,zbe,METEO-PURO,8.521,9.762,-1.241,-12.71
2026-06-28,PM2.5,zbe,METEO-PURO,3.968,4.805,-0.837,-17.42
2026-06-29,PM2.5,zbe,METEO-PURO,3.67,6.669,-2.998,-44.96
2026-06-30,PM2.5,zbe,METEO-PURO,4.295,6.829,-2.535,-37.12
2026-07-01,PM2.5,zbe,METEO-PURO,2.938,9.12,-6.182,-67.79
2026-07-02,PM2.5,zbe,METEO-PURO,3.616,6.243,-2.627,-42.07
2026-07-03,PM2.5,zbe,METEO-PURO,3.059,5.715,-2.657,-46.48
2026-07-04,PM2.5,zbe,METEO-PURO,4.457,4.957,-0.5,-10.09
2026-07-05,PM2.5,zbe,METEO-PURO,6.299,10.373,-4.074,-39.28
2026-07-06,PM2.5,zbe,METEO-PURO,7.202,11.468,-4.266,-37.2
2026-07-07,PM2.5,zbe,METEO-PURO,12.348,7.941,4.406,55.49
2026-07-08,PM2.5,zbe,METEO-PURO,16.595,10.923,5.671,51.92
2026-07-09,PM2.5,zbe,METEO-PURO,14.719,7.29,7.429,101.9
2026-07-10,PM2.5,zbe,METEO-PURO,17.95,6.914,11.035,159.6
2026-07-11,PM2.5,zbe,METEO-PURO,10.963,9.651,1.312,13.6
2026-07-12,PM2.5,zbe,METEO-PURO,13.846,6.006,7.841,130.55
2026-07-13,PM2.5,zbe,METEO-PURO,15.027,9.005,6.023,66.88
2026-07-14,PM2.5,zbe,METEO-PURO,14.018,7.748,6.271,80.94
2026-07-15,PM2.5,zbe,METEO-PURO,14.025,10.667,3.358,31.48
2026-07-16,PM2.5,zbe,METEO-PURO,11.573,8.514,3.059,35.93
2026-07-17,PM2.5,zbe,METEO-PURO,8.43,7.907,0.522,6.6
2026-07-18,PM2.5,zbe,METEO-PURO,9.315,6.141,3.174,51.69
2026-07-19,PM2.5,zbe,METEO-PURO,15.08,8.629,6.451,74.76
2026-07-20,PM2.5,zbe,METEO-PURO,13.996,9.462,4.534,47.92
2026-07-21,PM2.5,zbe,METEO-PURO,7.389,8.961,-1.573,-17.55
2026-07-22,PM2.5,zbe,METEO-PURO,7.046,10.859,-3.814,-35.12
2026-07-23,PM2.5,zbe,METEO-PURO,11.583,10.859,0.723,6.66
2026-07-24,PM2.5,zbe,METEO-PURO,14.234,9.691,4.543,46.87
2026-07-25,PM2.5,zbe,METEO-PURO,8.467,6.387,2.08,32.58
2026-07-26,PM2.5,zbe,METEO-PURO,4.364,8.066,-3.702,-45.89
2026-07-27,PM2.5,zbe,METEO-PURO,5.963,7.789,-1.826,-23.45
2026-07-28,PM2.5,zbe,METEO-PURO,11.83,11.468,0.363,3.16
2025-09-01,PM2.5,zbe,CON-LAGS,3.957,6.525,-2.568,-39.36
2025-09-02,PM2.5,zbe,CON-LAGS,3.486,7.724,-4.238,-54.87
2025-09-03,PM2.5,zbe,CON-LAGS,6.494,7.508,-1.014,-13.51
2025-09-04,PM2.5,zbe,CON-LAGS,6.039,8.33,-2.291,-27.51
2025-09-05,PM2.5,zbe,CON-LAGS,6.852,9.165,-2.313,-25.24
2025-09-06,PM2.5,zbe,CON-LAGS,5.009,7.334,-2.324,-31.7
2025-09-07,PM2.5,zbe,CON-LAGS,5.105,7.51,-2.405,-32.02
2025-09-08,PM2.5,zbe,CON-LAGS,3.426,6.65,-3.225,-48.49
2025-09-09,PM2.5,zbe,CON-LAGS,6.56,8.637,-2.077,-24.05
2025-09-10,PM2.5,zbe,CON-LAGS,5.74,6.577,-0.837,-12.73
2025-09-11,PM2.5,zbe,CON-LAGS,5.156,8.882,-3.726,-41.95
2025-09-12,PM2.5,zbe,CON-LAGS,4.888,9.198,-4.31,-46.86
2025-09-13,PM2.5,zbe,CON-LAGS,5.588,8.912,-3.324,-37.3
2025-09-14,PM2.5,zbe,CON-LAGS,3.95,9.676,-5.726,-59.17
2025-09-15,PM2.5,zbe,CON-LAGS,3.964,9.422,-5.458,-57.93
2025-09-16,PM2.5,zbe,CON-LAGS,5.993,9.199,-3.206,-34.85
2025-09-17,PM2.5,zbe,CON-LAGS,8.488,10.15,-1.662,-16.38
2025-09-18,PM2.5,zbe,CON-LAGS,9.247,8.671,0.576,6.64
2025-09-19,PM2.5,zbe,CON-LAGS,6.587,9.496,-2.909,-30.64
2025-09-20,PM2.5,zbe,CON-LAGS,4.982,5.745,-0.763,-13.27
2025-09-21,PM2.5,zbe,CON-LAGS,1.947,5.518,-3.571,-64.71
2025-09-22,PM2.5,zbe,CON-LAGS,1.922,7.557,-5.635,-74.56
2025-09-23,PM2.5,zbe,CON-LAGS,3.395,6.548,-3.154,-48.16
2025-09-24,PM2.5,zbe,CON-LAGS,4.383,8.824,-4.441,-50.33
2025-09-25,PM2.5,zbe,CON-LAGS,7.114,9.936,-2.822,-28.4
2025-09-26,PM2.5,zbe,CON-LAGS,8.645,10.248,-1.602,-15.64
2025-09-27,PM2.5,zbe,CON-LAGS,7.77,8.957,-1.188,-13.26
2025-09-28,PM2.5,zbe,CON-LAGS,5.414,7.391,-1.978,-26.76
2025-09-29,PM2.5,zbe,CON-LAGS,6.57,9.092,-2.522,-27.74
2025-09-30,PM2.5,zbe,CON-LAGS,8.084,9.543,-1.459,-15.28
2025-10-01,PM2.5,zbe,CON-LAGS,10.841,10.399,0.441,4.24
2025-10-02,PM2.5,zbe,CON-LAGS,9.728,12.573,-2.845,-22.63
2025-10-03,PM2.5,zbe,CON-LAGS,11.635,12.667,-1.032,-8.15
2025-10-04,PM2.5,zbe,CON-LAGS,6.008,8.825,-2.817,-31.92
2025-10-05,PM2.5,zbe,CON-LAGS,4.989,7.735,-2.746,-35.5
2025-10-06,PM2.5,zbe,CON-LAGS,5.725,9.596,-3.871,-40.34
2025-10-07,PM2.5,zbe,CON-LAGS,5.359,9.785,-4.426,-45.23
2025-10-08,PM2.5,zbe,CON-LAGS,9.197,9.265,-0.069,-0.74
2025-10-09,PM2.5,zbe,CON-LAGS,7.999,8.441,-0.442,-5.23
2025-10-10,PM2.5,zbe,CON-LAGS,10.823,8.709,2.114,24.27
2025-10-11,PM2.5,zbe,CON-LAGS,10.28,9.448,0.831,8.8
2025-10-12,PM2.5,zbe,CON-LAGS,5.151,9.082,-3.931,-43.29
2025-10-13,PM2.5,zbe,CON-LAGS,6.93,9.863,-2.934,-29.74
2025-10-14,PM2.5,zbe,CON-LAGS,16.586,9.555,7.032,73.59
2025-10-15,PM2.5,zbe,CON-LAGS,17.299,9.496,7.803,82.17
2025-10-16,PM2.5,zbe,CON-LAGS,19.767,10.44,9.328,89.35
2025-10-17,PM2.5,zbe,CON-LAGS,15.787,12.437,3.35,26.94
2025-10-18,PM2.5,zbe,CON-LAGS,12.375,11.415,0.96,8.41
2025-10-19,PM2.5,zbe,CON-LAGS,6.211,6.011,0.201,3.34
2025-10-20,PM2.5,zbe,CON-LAGS,1.909,8.558,-6.649,-77.7
2025-10-21,PM2.5,zbe,CON-LAGS,1.54,6.306,-4.766,-75.58
2025-10-22,PM2.5,zbe,CON-LAGS,2.641,7.564,-4.922,-65.08
2025-10-23,PM2.5,zbe,CON-LAGS,6.843,6.018,0.825,13.71
2025-10-24,PM2.5,zbe,CON-LAGS,7.355,8.026,-0.671,-8.36
2025-10-25,PM2.5,zbe,CON-LAGS,4.746,7.594,-2.848,-37.5
2025-10-26,PM2.5,zbe,CON-LAGS,3.379,6.863,-3.485,-50.77
2025-10-27,PM2.5,zbe,CON-LAGS,8.235,9.804,-1.569,-16.0
2025-10-28,PM2.5,zbe,CON-LAGS,7.028,10.612,-3.584,-33.77
2025-10-29,PM2.5,zbe,CON-LAGS,3.536,7.462,-3.926,-52.61
2025-10-30,PM2.5,zbe,CON-LAGS,2.575,8.644,-6.069,-70.21
2025-10-31,PM2.5,zbe,CON-LAGS,2.098,5.696,-3.598,-63.17
2025-11-01,PM2.5,zbe,CON-LAGS,2.96,5.669,-2.709,-47.79
2025-11-02,PM2.5,zbe,CON-LAGS,3.933,7.953,-4.021,-50.56
2025-11-03,PM2.5,zbe,CON-LAGS,5.069,10.325,-5.256,-50.9
2025-11-04,PM2.5,zbe,CON-LAGS,4.626,8.337,-3.711,-44.51
2025-11-05,PM2.5,zbe,CON-LAGS,2.262,7.38,-5.117,-69.34
2025-11-06,PM2.5,zbe,CON-LAGS,2.641,6.573,-3.933,-59.83
2025-11-07,PM2.5,zbe,CON-LAGS,2.675,6.126,-3.451,-56.34
2025-11-08,PM2.5,zbe,CON-LAGS,4.118,6.134,-2.016,-32.87
2025-11-09,PM2.5,zbe,CON-LAGS,3.653,8.84,-5.187,-58.68
2025-11-10,PM2.5,zbe,CON-LAGS,2.725,7.801,-5.077,-65.07
2025-11-11,PM2.5,zbe,CON-LAGS,4.096,7.679,-3.583,-46.66
2025-11-12,PM2.5,zbe,CON-LAGS,5.832,7.912,-2.08,-26.29
2025-11-13,PM2.5,zbe,CON-LAGS,6.199,8.03,-1.831,-22.81
2025-11-14,PM2.5,zbe,CON-LAGS,2.126,6.869,-4.743,-69.05
2025-11-15,PM2.5,zbe,CON-LAGS,2.166,6.009,-3.843,-63.95
2025-11-16,PM2.5,zbe,CON-LAGS,3.088,6.521,-3.433,-52.64
2025-11-17,PM2.5,zbe,CON-LAGS,4.491,6.813,-2.322,-34.08
2025-11-18,PM2.5,zbe,CON-LAGS,5.607,8.42,-2.812,-33.4
2025-11-19,PM2.5,zbe,CON-LAGS,3.243,6.422,-3.179,-49.5
2025-11-20,PM2.5,zbe,CON-LAGS,2.012,6.743,-4.732,-70.17
2025-11-21,PM2.5,zbe,CON-LAGS,3.797,5.79,-1.993,-34.42
2025-11-22,PM2.5,zbe,CON-LAGS,3.49,8.522,-5.032,-59.05
2025-11-23,PM2.5,zbe,CON-LAGS,2.185,5.93,-3.744,-63.14
2025-11-24,PM2.5,zbe,CON-LAGS,1.998,4.82,-2.822,-58.54
2025-11-25,PM2.5,zbe,CON-LAGS,4.27,5.098,-0.828,-16.24
2025-11-26,PM2.5,zbe,CON-LAGS,4.727,6.279,-1.552,-24.72
2025-11-27,PM2.5,zbe,CON-LAGS,9.042,12.456,-3.414,-27.41
2025-11-29,PM2.5,zbe,CON-LAGS,6.333,8.879,-2.547,-28.68
2025-11-30,PM2.5,zbe,CON-LAGS,5.476,6.299,-0.823,-13.06
2025-12-01,PM2.5,zbe,CON-LAGS,3.756,8.326,-4.569,-54.88
2025-12-02,PM2.5,zbe,CON-LAGS,4.856,6.326,-1.47,-23.24
2025-12-03,PM2.5,zbe,CON-LAGS,3.555,6.856,-3.301,-48.14
2025-12-04,PM2.5,zbe,CON-LAGS,2.737,5.901,-3.163,-53.61
2025-12-05,PM2.5,zbe,CON-LAGS,2.994,6.26,-3.266,-52.18
2025-12-06,PM2.5,zbe,CON-LAGS,1.514,6.139,-4.625,-75.34
2025-12-07,PM2.5,zbe,CON-LAGS,1.639,5.489,-3.85,-70.14
2025-12-08,PM2.5,zbe,CON-LAGS,3.731,7.202,-3.471,-48.2
2025-12-09,PM2.5,zbe,CON-LAGS,7.255,6.685,0.57,8.52
2025-12-10,PM2.5,zbe,CON-LAGS,9.261,8.028,1.233,15.36
2025-12-11,PM2.5,zbe,CON-LAGS,16.086,10.428,5.658,54.25
2025-12-12,PM2.5,zbe,CON-LAGS,25.62,12.579,13.041,103.67
2025-12-13,PM2.5,zbe,CON-LAGS,26.506,12.738,13.769,108.09
2025-12-14,PM2.5,zbe,CON-LAGS,25.839,9.595,16.245,169.31
2025-12-15,PM2.5,zbe,CON-LAGS,11.779,6.726,5.053,75.12
2025-12-16,PM2.5,zbe,CON-LAGS,10.84,6.384,4.456,69.8
2025-12-17,PM2.5,zbe,CON-LAGS,7.631,11.495,-3.864,-33.62
2025-12-18,PM2.5,zbe,CON-LAGS,7.102,7.794,-0.692,-8.88
2025-12-19,PM2.5,zbe,CON-LAGS,12.378,8.13,4.248,52.25
2025-12-20,PM2.5,zbe,CON-LAGS,8.681,7.186,1.495,20.81
2025-12-21,PM2.5,zbe,CON-LAGS,2.247,4.745,-2.498,-52.65
2025-12-22,PM2.5,zbe,CON-LAGS,2.352,4.634,-2.283,-49.25
2025-12-23,PM2.5,zbe,CON-LAGS,4.381,7.222,-2.841,-39.33
2025-12-24,PM2.5,zbe,CON-LAGS,8.146,6.14,2.006,32.67
2025-12-25,PM2.5,zbe,CON-LAGS,8.105,6.895,1.21,17.54
2025-12-26,PM2.5,zbe,CON-LAGS,9.66,8.998,0.661,7.35
2025-12-27,PM2.5,zbe,CON-LAGS,3.57,6.603,-3.033,-45.94
2025-12-28,PM2.5,zbe,CON-LAGS,6.853,6.752,0.101,1.5
2025-12-29,PM2.5,zbe,CON-LAGS,11.145,10.568,0.578,5.46
2025-12-30,PM2.5,zbe,CON-LAGS,12.862,9.647,3.215,33.33
2025-12-31,PM2.5,zbe,CON-LAGS,19.098,8.611,10.487,121.79
2026-01-01,PM2.5,zbe,CON-LAGS,16.111,11.83,4.282,36.19
2026-01-02,PM2.5,zbe,CON-LAGS,14.609,12.779,1.83,14.32
2026-01-03,PM2.5,zbe,CON-LAGS,6.666,7.256,-0.59,-8.13
2026-01-04,PM2.5,zbe,CON-LAGS,4.473,5.413,-0.94,-17.36
2026-01-05,PM2.5,zbe,CON-LAGS,5.078,5.606,-0.529,-9.43
2026-01-06,PM2.5,zbe,CON-LAGS,5.721,6.342,-0.62,-9.78
2026-01-07,PM2.5,zbe,CON-LAGS,5.174,8.456,-3.282,-38.81
2026-01-08,PM2.5,zbe,CON-LAGS,2.847,7.02,-4.173,-59.44
2026-01-09,PM2.5,zbe,CON-LAGS,2.738,5.861,-3.123,-53.28
2026-01-10,PM2.5,zbe,CON-LAGS,5.844,5.516,0.328,5.95
2026-01-11,PM2.5,zbe,CON-LAGS,2.987,6.261,-3.274,-52.29
2026-01-12,PM2.5,zbe,CON-LAGS,5.499,5.744,-0.245,-4.27
2026-01-13,PM2.5,zbe,CON-LAGS,8.306,5.746,2.559,44.54
2026-01-14,PM2.5,zbe,CON-LAGS,3.767,7.051,-3.283,-46.56
2026-01-15,PM2.5,zbe,CON-LAGS,4.488,4.587,-0.099,-2.15
2026-01-16,PM2.5,zbe,CON-LAGS,13.323,8.365,4.957,59.26
2026-01-17,PM2.5,zbe,CON-LAGS,7.638,8.094,-0.457,-5.64
2026-01-18,PM2.5,zbe,CON-LAGS,3.935,10.388,-6.453,-62.12
2026-01-19,PM2.5,zbe,CON-LAGS,5.312,9.078,-3.766,-41.48
2026-01-20,PM2.5,zbe,CON-LAGS,4.353,7.622,-3.268,-42.88
2026-01-21,PM2.5,zbe,CON-LAGS,3.233,4.854,-1.621,-33.4
2026-01-22,PM2.5,zbe,CON-LAGS,3.549,5.55,-2.002,-36.07
2026-01-23,PM2.5,zbe,CON-LAGS,2.168,4.002,-1.834,-45.83
2026-01-24,PM2.5,zbe,CON-LAGS,2.597,4.931,-2.334,-47.33
2026-01-25,PM2.5,zbe,CON-LAGS,4.723,4.795,-0.072,-1.5
2026-01-26,PM2.5,zbe,CON-LAGS,4.34,5.028,-0.688,-13.68
2026-01-27,PM2.5,zbe,CON-LAGS,1.587,7.647,-6.06,-79.24
2026-01-28,PM2.5,zbe,CON-LAGS,3.155,6.934,-3.779,-54.5
2026-01-29,PM2.5,zbe,CON-LAGS,6.049,6.254,-0.205,-3.28
2026-01-30,PM2.5,zbe,CON-LAGS,5.016,5.035,-0.02,-0.39
2026-01-31,PM2.5,zbe,CON-LAGS,8.464,5.118,3.346,65.37
2026-02-01,PM2.5,zbe,CON-LAGS,4.089,8.834,-4.745,-53.71
2026-02-02,PM2.5,zbe,CON-LAGS,1.589,5.946,-4.358,-73.28
2026-02-03,PM2.5,zbe,CON-LAGS,1.833,5.909,-4.076,-68.98
2026-02-04,PM2.5,zbe,CON-LAGS,3.118,4.226,-1.109,-26.23
2026-02-05,PM2.5,zbe,CON-LAGS,2.049,4.153,-2.105,-50.67
2026-02-06,PM2.5,zbe,CON-LAGS,2.587,5.797,-3.21,-55.37
2026-02-07,PM2.5,zbe,CON-LAGS,2.657,5.455,-2.798,-51.29
2026-02-08,PM2.5,zbe,CON-LAGS,4.03,4.772,-0.742,-15.56
2026-02-09,PM2.5,zbe,CON-LAGS,4.196,5.52,-1.325,-24.0
2026-02-10,PM2.5,zbe,CON-LAGS,3.956,6.571,-2.615,-39.8
2026-02-11,PM2.5,zbe,CON-LAGS,7.007,4.658,2.349,50.43
2026-02-12,PM2.5,zbe,CON-LAGS,7.129,5.759,1.369,23.77
2026-02-13,PM2.5,zbe,CON-LAGS,3.224,4.491,-1.267,-28.21
2026-02-14,PM2.5,zbe,CON-LAGS,5.07,5.159,-0.089,-1.73
2026-02-15,PM2.5,zbe,CON-LAGS,2.349,5.281,-2.932,-55.51
2026-02-16,PM2.5,zbe,CON-LAGS,2.384,4.265,-1.882,-44.12
2026-02-17,PM2.5,zbe,CON-LAGS,6.116,5.765,0.351,6.09
2026-02-18,PM2.5,zbe,CON-LAGS,3.125,4.268,-1.144,-26.79
2026-02-19,PM2.5,zbe,CON-LAGS,4.778,5.215,-0.437,-8.38
2026-02-20,PM2.5,zbe,CON-LAGS,10.259,6.402,3.857,60.24
2026-02-21,PM2.5,zbe,CON-LAGS,11.227,10.421,0.805,7.73
2026-02-22,PM2.5,zbe,CON-LAGS,12.169,11.241,0.928,8.25
2026-02-23,PM2.5,zbe,CON-LAGS,11.394,12.027,-0.633,-5.26
2026-02-24,PM2.5,zbe,CON-LAGS,12.336,12.245,0.091,0.75
2026-02-25,PM2.5,zbe,CON-LAGS,14.582,12.773,1.809,14.16
2026-02-26,PM2.5,zbe,CON-LAGS,18.864,12.686,6.178,48.7
2026-02-27,PM2.5,zbe,CON-LAGS,12.547,8.04,4.507,56.05
2026-02-28,PM2.5,zbe,CON-LAGS,11.039,6.065,4.973,81.99
2026-03-01,PM2.5,zbe,CON-LAGS,11.757,8.064,3.692,45.79
2026-03-02,PM2.5,zbe,CON-LAGS,11.979,5.693,6.286,110.42
2026-03-03,PM2.5,zbe,CON-LAGS,14.023,6.038,7.985,132.26
2026-03-04,PM2.5,zbe,CON-LAGS,17.322,6.698,10.623,158.6
2026-03-05,PM2.5,zbe,CON-LAGS,10.586,4.351,6.234,143.27
2026-03-06,PM2.5,zbe,CON-LAGS,2.091,4.345,-2.253,-51.86
2026-03-07,PM2.5,zbe,CON-LAGS,5.902,4.714,1.189,25.22
2026-03-08,PM2.5,zbe,CON-LAGS,6.785,6.773,0.012,0.18
2026-03-09,PM2.5,zbe,CON-LAGS,10.979,6.445,4.534,70.34
2026-03-10,PM2.5,zbe,CON-LAGS,17.569,7.153,10.416,145.61
2026-03-11,PM2.5,zbe,CON-LAGS,13.656,9.056,4.6,50.8
2026-03-12,PM2.5,zbe,CON-LAGS,12.139,8.276,3.862,46.67
2026-03-13,PM2.5,zbe,CON-LAGS,4.591,5.166,-0.575,-11.13
2026-03-14,PM2.5,zbe,CON-LAGS,2.081,5.477,-3.396,-62.01
2026-03-15,PM2.5,zbe,CON-LAGS,4.932,4.969,-0.037,-0.75
2026-03-16,PM2.5,zbe,CON-LAGS,10.91,6.484,4.426,68.25
2026-03-17,PM2.5,zbe,CON-LAGS,9.43,8.971,0.459,5.12
2026-03-18,PM2.5,zbe,CON-LAGS,8.268,10.42,-2.152,-20.65
2026-03-19,PM2.5,zbe,CON-LAGS,9.35,7.609,1.741,22.88
2026-03-20,PM2.5,zbe,CON-LAGS,11.566,7.39,4.176,56.52
2026-03-21,PM2.5,zbe,CON-LAGS,14.459,7.175,7.284,101.51
2026-03-22,PM2.5,zbe,CON-LAGS,30.986,6.376,24.61,385.96
2026-03-23,PM2.5,zbe,CON-LAGS,26.091,7.622,18.469,242.31
2026-03-24,PM2.5,zbe,CON-LAGS,18.587,12.354,6.234,50.46
2026-03-25,PM2.5,zbe,CON-LAGS,9.808,6.655,3.152,47.37
2026-03-26,PM2.5,zbe,CON-LAGS,6.78,6.653,0.127,1.91
2026-03-27,PM2.5,zbe,CON-LAGS,8.024,6.109,1.915,31.36
2026-03-28,PM2.5,zbe,CON-LAGS,6.361,5.695,0.666,11.69
2026-03-29,PM2.5,zbe,CON-LAGS,6.619,5.41,1.209,22.35
2026-03-30,PM2.5,zbe,CON-LAGS,6.099,5.341,0.758,14.2
2026-03-31,PM2.5,zbe,CON-LAGS,10.995,6.534,4.461,68.27
2026-04-01,PM2.5,zbe,CON-LAGS,4.147,6.422,-2.275,-35.43
2026-04-02,PM2.5,zbe,CON-LAGS,3.782,5.701,-1.919,-33.66
2026-04-03,PM2.5,zbe,CON-LAGS,5.135,7.713,-2.578,-33.43
2026-04-04,PM2.5,zbe,CON-LAGS,6.346,8.157,-1.811,-22.2
2026-04-05,PM2.5,zbe,CON-LAGS,9.392,8.755,0.637,7.28
2026-04-06,PM2.5,zbe,CON-LAGS,4.581,7.115,-2.533,-35.61
2026-04-07,PM2.5,zbe,CON-LAGS,4.933,8.067,-3.134,-38.85
2026-04-08,PM2.5,zbe,CON-LAGS,9.2,7.547,1.652,21.9
2026-04-09,PM2.5,zbe,CON-LAGS,11.129,10.083,1.046,10.37
2026-04-10,PM2.5,zbe,CON-LAGS,13.077,9.792,3.285,33.55
2026-04-11,PM2.5,zbe,CON-LAGS,9.761,5.205,4.556,87.52
2026-04-12,PM2.5,zbe,CON-LAGS,4.508,4.864,-0.356,-7.32
2026-04-13,PM2.5,zbe,CON-LAGS,4.182,4.954,-0.772,-15.58
2026-04-14,PM2.5,zbe,CON-LAGS,7.489,7.598,-0.109,-1.44
2026-04-15,PM2.5,zbe,CON-LAGS,8.281,7.553,0.728,9.64
2026-04-16,PM2.5,zbe,CON-LAGS,10.637,6.703,3.934,58.69
2026-04-17,PM2.5,zbe,CON-LAGS,11.066,8.185,2.881,35.19
2026-04-18,PM2.5,zbe,CON-LAGS,9.702,6.969,2.732,39.21
2026-04-19,PM2.5,zbe,CON-LAGS,10.174,7.34,2.835,38.62
2026-04-20,PM2.5,zbe,CON-LAGS,12.832,9.401,3.432,36.51
2026-04-21,PM2.5,zbe,CON-LAGS,10.54,8.061,2.478,30.75
2026-04-22,PM2.5,zbe,CON-LAGS,9.679,8.335,1.344,16.13
2026-04-23,PM2.5,zbe,CON-LAGS,7.219,7.26,-0.041,-0.56
2026-04-24,PM2.5,zbe,CON-LAGS,11.326,5.832,5.494,94.19
2026-04-25,PM2.5,zbe,CON-LAGS,13.975,6.862,7.113,103.66
2026-04-26,PM2.5,zbe,CON-LAGS,13.348,8.04,5.308,66.01
2026-04-27,PM2.5,zbe,CON-LAGS,13.79,9.48,4.31,45.46
2026-04-28,PM2.5,zbe,CON-LAGS,16.753,9.548,7.205,75.46
2026-04-29,PM2.5,zbe,CON-LAGS,6.641,7.299,-0.658,-9.01
2026-04-30,PM2.5,zbe,CON-LAGS,7.014,10.84,-3.827,-35.3
2026-05-01,PM2.5,zbe,CON-LAGS,8.449,6.523,1.926,29.52
2026-05-02,PM2.5,zbe,CON-LAGS,4.777,5.452,-0.675,-12.39
2026-05-03,PM2.5,zbe,CON-LAGS,3.788,6.598,-2.81,-42.58
2026-05-04,PM2.5,zbe,CON-LAGS,4.486,6.242,-1.757,-28.14
2026-05-05,PM2.5,zbe,CON-LAGS,2.877,7.237,-4.36,-60.24
2026-05-06,PM2.5,zbe,CON-LAGS,6.508,9.04,-2.531,-28.0
2026-05-07,PM2.5,zbe,CON-LAGS,6.217,7.122,-0.905,-12.7
2026-05-08,PM2.5,zbe,CON-LAGS,3.908,6.431,-2.523,-39.23
2026-05-09,PM2.5,zbe,CON-LAGS,3.51,7.022,-3.512,-50.01
2026-05-10,PM2.5,zbe,CON-LAGS,2.28,7.56,-5.28,-69.84
2026-05-11,PM2.5,zbe,CON-LAGS,7.111,7.5,-0.389,-5.19
2026-05-12,PM2.5,zbe,CON-LAGS,6.99,6.437,0.553,8.59
2026-05-13,PM2.5,zbe,CON-LAGS,4.759,9.102,-4.343,-47.71
2026-05-14,PM2.5,zbe,CON-LAGS,3.387,5.901,-2.514,-42.6
2026-05-15,PM2.5,zbe,CON-LAGS,2.777,5.575,-2.798,-50.18
2026-05-16,PM2.5,zbe,CON-LAGS,4.469,6.813,-2.344,-34.4
2026-05-17,PM2.5,zbe,CON-LAGS,6.993,6.719,0.274,4.08
2026-05-18,PM2.5,zbe,CON-LAGS,7.107,7.915,-0.807,-10.2
2026-05-19,PM2.5,zbe,CON-LAGS,6.12,8.794,-2.675,-30.42
2026-05-20,PM2.5,zbe,CON-LAGS,9.574,9.355,0.218,2.34
2026-05-21,PM2.5,zbe,CON-LAGS,7.434,8.93,-1.496,-16.75
2026-05-22,PM2.5,zbe,CON-LAGS,7.464,10.674,-3.211,-30.08
2026-05-23,PM2.5,zbe,CON-LAGS,9.31,8.606,0.704,8.18
2026-05-24,PM2.5,zbe,CON-LAGS,5.565,9.272,-3.706,-39.98
2026-05-25,PM2.5,zbe,CON-LAGS,4.135,8.759,-4.624,-52.79
2026-05-26,PM2.5,zbe,CON-LAGS,4.343,8.357,-4.014,-48.03
2026-05-27,PM2.5,zbe,CON-LAGS,7.561,8.885,-1.324,-14.9
2026-05-28,PM2.5,zbe,CON-LAGS,11.834,8.569,3.264,38.09
2026-05-29,PM2.5,zbe,CON-LAGS,18.697,9.535,9.162,96.09
2026-05-30,PM2.5,zbe,CON-LAGS,16.236,7.791,8.445,108.4
2026-05-31,PM2.5,zbe,CON-LAGS,5.746,8.36,-2.613,-31.26
2026-06-01,PM2.5,zbe,CON-LAGS,5.858,10.253,-4.395,-42.86
2026-06-02,PM2.5,zbe,CON-LAGS,6.111,6.413,-0.302,-4.7
2026-06-03,PM2.5,zbe,CON-LAGS,4.716,7.812,-3.095,-39.62
2026-06-04,PM2.5,zbe,CON-LAGS,5.958,5.696,0.262,4.6
2026-06-05,PM2.5,zbe,CON-LAGS,5.304,6.918,-1.615,-23.34
2026-06-06,PM2.5,zbe,CON-LAGS,8.315,6.174,2.141,34.68
2026-06-07,PM2.5,zbe,CON-LAGS,11.206,8.754,2.452,28.01
2026-06-08,PM2.5,zbe,CON-LAGS,10.528,9.088,1.441,15.85
2026-06-09,PM2.5,zbe,CON-LAGS,4.881,9.185,-4.304,-46.86
2026-06-10,PM2.5,zbe,CON-LAGS,4.316,9.129,-4.813,-52.72
2026-06-11,PM2.5,zbe,CON-LAGS,4.59,9.166,-4.576,-49.93
2026-06-12,PM2.5,zbe,CON-LAGS,5.211,9.843,-4.632,-47.06
2026-06-13,PM2.5,zbe,CON-LAGS,4.897,10.214,-5.317,-52.05
2026-06-14,PM2.5,zbe,CON-LAGS,5.861,9.649,-3.787,-39.25
2026-06-15,PM2.5,zbe,CON-LAGS,13.296,9.351,3.946,42.2
2026-06-16,PM2.5,zbe,CON-LAGS,13.275,10.497,2.777,26.46
2026-06-17,PM2.5,zbe,CON-LAGS,11.365,10.116,1.248,12.34
2026-06-18,PM2.5,zbe,CON-LAGS,11.449,10.101,1.348,13.35
2026-06-19,PM2.5,zbe,CON-LAGS,7.455,8.33,-0.875,-10.5
2026-06-20,PM2.5,zbe,CON-LAGS,7.136,9.128,-1.991,-21.82
2026-06-21,PM2.5,zbe,CON-LAGS,7.217,9.311,-2.094,-22.49
2026-06-22,PM2.5,zbe,CON-LAGS,11.492,8.982,2.51,27.95
2026-06-23,PM2.5,zbe,CON-LAGS,12.183,9.78,2.404,24.58
2026-06-24,PM2.5,zbe,CON-LAGS,9.291,11.052,-1.761,-15.94
2026-06-25,PM2.5,zbe,CON-LAGS,12.066,8.048,4.018,49.93
2026-06-26,PM2.5,zbe,CON-LAGS,11.007,11.214,-0.207,-1.84
2026-06-27,PM2.5,zbe,CON-LAGS,8.521,10.879,-2.357,-21.67
2026-06-28,PM2.5,zbe,CON-LAGS,3.968,6.47,-2.501,-38.66
2026-06-29,PM2.5,zbe,CON-LAGS,3.67,8.832,-5.162,-58.44
2026-06-30,PM2.5,zbe,CON-LAGS,4.295,8.132,-3.837,-47.19
2026-07-01,PM2.5,zbe,CON-LAGS,2.938,9.663,-6.726,-69.6
2026-07-02,PM2.5,zbe,CON-LAGS,3.616,8.371,-4.755,-56.8
2026-07-03,PM2.5,zbe,CON-LAGS,3.059,8.526,-5.467,-64.13
2026-07-04,PM2.5,zbe,CON-LAGS,4.457,8.381,-3.924,-46.82
2026-07-05,PM2.5,zbe,CON-LAGS,6.299,9.862,-3.564,-36.13
2026-07-06,PM2.5,zbe,CON-LAGS,7.202,11.313,-4.111,-36.34
2026-07-07,PM2.5,zbe,CON-LAGS,12.348,10.32,2.027,19.65
2026-07-08,PM2.5,zbe,CON-LAGS,16.595,10.577,6.017,56.89
2026-07-09,PM2.5,zbe,CON-LAGS,14.719,9.924,4.795,48.31
2026-07-10,PM2.5,zbe,CON-LAGS,17.95,9.798,8.152,83.2
2026-07-11,PM2.5,zbe,CON-LAGS,10.963,10.132,0.831,8.2
2026-07-12,PM2.5,zbe,CON-LAGS,13.846,7.698,6.149,79.87
2026-07-13,PM2.5,zbe,CON-LAGS,15.027,8.484,6.543,77.13
2026-07-14,PM2.5,zbe,CON-LAGS,14.018,8.917,5.101,57.21
2026-07-15,PM2.5,zbe,CON-LAGS,14.025,10.226,3.798,37.14
2026-07-16,PM2.5,zbe,CON-LAGS,11.573,9.556,2.017,21.11
2026-07-17,PM2.5,zbe,CON-LAGS,8.43,9.521,-1.092,-11.47
2026-07-18,PM2.5,zbe,CON-LAGS,9.315,8.238,1.076,13.06
2026-07-19,PM2.5,zbe,CON-LAGS,15.08,8.387,6.693,79.81
2026-07-20,PM2.5,zbe,CON-LAGS,13.996,8.733,5.263,60.27
2026-07-21,PM2.5,zbe,CON-LAGS,7.389,10.004,-2.615,-26.14
2026-07-22,PM2.5,zbe,CON-LAGS,7.046,10.223,-3.177,-31.08
2026-07-23,PM2.5,zbe,CON-LAGS,11.583,9.055,2.528,27.92
2026-07-24,PM2.5,zbe,CON-LAGS,14.234,8.818,5.416,61.41
2026-07-25,PM2.5,zbe,CON-LAGS,8.467,9.832,-1.365,-13.88
2026-07-26,PM2.5,zbe,CON-LAGS,4.364,9.217,-4.853,-52.65
2026-07-27,PM2.5,zbe,CON-LAGS,5.963,8.669,-2.706,-31.22
2026-07-28,PM2.5,zbe,CON-LAGS,11.83,8.378,3.452,41.2
2025-09-01,PM2.5,out,METEO-PURO,4.556,5.449,-0.893,-16.38
2025-09-02,PM2.5,out,METEO-PURO,3.752,4.957,-1.205,-24.3
2025-09-03,PM2.5,out,METEO-PURO,6.657,4.831,1.826,37.79
2025-09-04,PM2.5,out,METEO-PURO,6.508,5.688,0.82,14.41
2025-09-05,PM2.5,out,METEO-PURO,7.085,5.692,1.393,24.48
2025-09-06,PM2.5,out,METEO-PURO,4.968,4.562,0.405,8.89
2025-09-07,PM2.5,out,METEO-PURO,5.031,3.95,1.081,27.36
2025-09-08,PM2.5,out,METEO-PURO,3.316,4.499,-1.182,-26.28
2025-09-09,PM2.5,out,METEO-PURO,7.156,5.616,1.54,27.42
2025-09-10,PM2.5,out,METEO-PURO,6.394,4.48,1.915,42.74
2025-09-11,PM2.5,out,METEO-PURO,5.534,5.737,-0.203,-3.54
2025-09-12,PM2.5,out,METEO-PURO,4.985,4.875,0.111,2.27
2025-09-13,PM2.5,out,METEO-PURO,6.087,5.372,0.715,13.31
2025-09-14,PM2.5,out,METEO-PURO,4.255,5.438,-1.182,-21.74
2025-09-15,PM2.5,out,METEO-PURO,4.224,4.894,-0.67,-13.69
2025-09-16,PM2.5,out,METEO-PURO,7.269,5.464,1.805,33.03
2025-09-17,PM2.5,out,METEO-PURO,9.719,6.044,3.675,60.8
2025-09-18,PM2.5,out,METEO-PURO,9.367,6.02,3.347,55.6
2025-09-19,PM2.5,out,METEO-PURO,6.496,5.242,1.254,23.92
2025-09-20,PM2.5,out,METEO-PURO,4.878,4.818,0.06,1.24
2025-09-21,PM2.5,out,METEO-PURO,2.097,4.738,-2.642,-55.75
2025-09-22,PM2.5,out,METEO-PURO,2.321,4.814,-2.493,-51.79
2025-09-23,PM2.5,out,METEO-PURO,3.939,4.916,-0.977,-19.86
2025-09-24,PM2.5,out,METEO-PURO,5.139,6.031,-0.892,-14.79
2025-09-25,PM2.5,out,METEO-PURO,5.851,5.916,-0.065,-1.1
2025-09-26,PM2.5,out,METEO-PURO,6.73,5.922,0.808,13.65
2025-09-27,PM2.5,out,METEO-PURO,5.688,5.742,-0.054,-0.94
2025-09-28,PM2.5,out,METEO-PURO,5.284,5.687,-0.403,-7.08
2025-09-29,PM2.5,out,METEO-PURO,7.832,5.75,2.082,36.21
2025-09-30,PM2.5,out,METEO-PURO,9.148,6.335,2.813,44.41
2025-10-01,PM2.5,out,METEO-PURO,11.351,6.23,5.121,82.2
2025-10-02,PM2.5,out,METEO-PURO,8.636,6.562,2.073,31.59
2025-10-03,PM2.5,out,METEO-PURO,12.395,6.188,6.207,100.3
2025-10-04,PM2.5,out,METEO-PURO,6.461,5.634,0.827,14.68
2025-10-05,PM2.5,out,METEO-PURO,5.393,4.718,0.676,14.32
2025-10-06,PM2.5,out,METEO-PURO,5.977,6.461,-0.484,-7.49
2025-10-07,PM2.5,out,METEO-PURO,5.408,6.638,-1.23,-18.53
2025-10-08,PM2.5,out,METEO-PURO,9.802,6.456,3.346,51.83
2025-10-09,PM2.5,out,METEO-PURO,8.035,4.632,3.403,73.46
2025-10-10,PM2.5,out,METEO-PURO,10.749,5.274,5.475,103.8
2025-10-11,PM2.5,out,METEO-PURO,9.888,5.54,4.348,78.48
2025-10-12,PM2.5,out,METEO-PURO,5.561,5.769,-0.208,-3.61
2025-10-13,PM2.5,out,METEO-PURO,7.802,6.023,1.778,29.52
2025-10-14,PM2.5,out,METEO-PURO,19.177,6.495,12.682,195.26
2025-10-15,PM2.5,out,METEO-PURO,18.697,6.441,12.256,190.3
2025-10-16,PM2.5,out,METEO-PURO,18.747,6.337,12.41,195.85
2025-10-17,PM2.5,out,METEO-PURO,16.378,5.966,10.412,174.52
2025-10-18,PM2.5,out,METEO-PURO,12.224,6.079,6.144,101.07
2025-10-19,PM2.5,out,METEO-PURO,6.331,4.135,2.196,53.12
2025-10-20,PM2.5,out,METEO-PURO,1.795,4.803,-3.008,-62.63
2025-10-21,PM2.5,out,METEO-PURO,1.537,4.353,-2.816,-64.68
2025-10-22,PM2.5,out,METEO-PURO,2.811,4.759,-1.949,-40.95
2025-10-23,PM2.5,out,METEO-PURO,7.365,4.712,2.653,56.31
2025-10-24,PM2.5,out,METEO-PURO,8.102,5.417,2.685,49.56
2025-10-25,PM2.5,out,METEO-PURO,5.119,4.743,0.375,7.91
2025-10-26,PM2.5,out,METEO-PURO,3.417,5.311,-1.894,-35.67
2025-10-27,PM2.5,out,METEO-PURO,6.804,6.303,0.501,7.95
2025-10-28,PM2.5,out,METEO-PURO,6.158,6.798,-0.64,-9.41
2025-10-29,PM2.5,out,METEO-PURO,3.802,5.378,-1.576,-29.3
2025-10-30,PM2.5,out,METEO-PURO,2.506,6.367,-3.861,-60.64
2025-10-31,PM2.5,out,METEO-PURO,1.656,4.562,-2.906,-63.69
2025-11-01,PM2.5,out,METEO-PURO,2.985,4.708,-1.722,-36.59
2025-11-02,PM2.5,out,METEO-PURO,4.039,7.452,-3.413,-45.8
2025-11-03,PM2.5,out,METEO-PURO,4.61,7.77,-3.16,-40.67
2025-11-04,PM2.5,out,METEO-PURO,4.714,6.661,-1.947,-29.24
2025-11-05,PM2.5,out,METEO-PURO,2.287,5.874,-3.586,-61.06
2025-11-06,PM2.5,out,METEO-PURO,2.864,4.277,-1.413,-33.04
2025-11-07,PM2.5,out,METEO-PURO,2.723,5.5,-2.777,-50.49
2025-11-08,PM2.5,out,METEO-PURO,3.628,4.876,-1.247,-25.58
2025-11-09,PM2.5,out,METEO-PURO,3.116,8.18,-5.064,-61.9
2025-11-10,PM2.5,out,METEO-PURO,2.706,7.442,-4.735,-63.63
2025-11-11,PM2.5,out,METEO-PURO,3.673,7.359,-3.687,-50.09
2025-11-12,PM2.5,out,METEO-PURO,4.89,6.933,-2.043,-29.47
2025-11-13,PM2.5,out,METEO-PURO,5.157,5.469,-0.312,-5.7
2025-11-14,PM2.5,out,METEO-PURO,1.483,4.696,-3.213,-68.42
2025-11-15,PM2.5,out,METEO-PURO,1.574,4.742,-3.168,-66.81
2025-11-16,PM2.5,out,METEO-PURO,2.478,5.435,-2.957,-54.41
2025-11-17,PM2.5,out,METEO-PURO,3.566,6.729,-3.163,-47.0
2025-11-18,PM2.5,out,METEO-PURO,4.517,8.235,-3.718,-45.15
2025-11-19,PM2.5,out,METEO-PURO,2.628,5.519,-2.891,-52.38
2025-11-20,PM2.5,out,METEO-PURO,1.425,4.86,-3.435,-70.68
2025-11-21,PM2.5,out,METEO-PURO,2.631,5.966,-3.335,-55.9
2025-11-22,PM2.5,out,METEO-PURO,2.416,7.32,-4.904,-67.0
2025-11-23,PM2.5,out,METEO-PURO,1.738,5.329,-3.591,-67.4
2025-11-24,PM2.5,out,METEO-PURO,1.63,4.707,-3.078,-65.38
2025-11-25,PM2.5,out,METEO-PURO,3.133,5.273,-2.14,-40.58
2025-11-26,PM2.5,out,METEO-PURO,3.919,7.08,-3.161,-44.65
2025-11-27,PM2.5,out,METEO-PURO,6.866,8.097,-1.231,-15.21
2025-11-29,PM2.5,out,METEO-PURO,4.322,6.599,-2.277,-34.51
2025-11-30,PM2.5,out,METEO-PURO,4.858,5.749,-0.891,-15.5
2025-12-01,PM2.5,out,METEO-PURO,2.65,8.494,-5.844,-68.8
2025-12-02,PM2.5,out,METEO-PURO,3.817,5.799,-1.982,-34.18
2025-12-03,PM2.5,out,METEO-PURO,2.858,8.353,-5.495,-65.78
2025-12-04,PM2.5,out,METEO-PURO,2.191,4.942,-2.751,-55.67
2025-12-05,PM2.5,out,METEO-PURO,2.289,4.82,-2.531,-52.5
2025-12-06,PM2.5,out,METEO-PURO,0.933,5.303,-4.37,-82.41
2025-12-07,PM2.5,out,METEO-PURO,1.053,5.926,-4.873,-82.23
2025-12-08,PM2.5,out,METEO-PURO,2.913,8.323,-5.411,-65.01
2025-12-09,PM2.5,out,METEO-PURO,6.152,7.983,-1.831,-22.93
2025-12-10,PM2.5,out,METEO-PURO,7.883,6.091,1.792,29.41
2025-12-11,PM2.5,out,METEO-PURO,14.288,8.647,5.64,65.23
2025-12-12,PM2.5,out,METEO-PURO,22.528,8.492,14.036,165.29
2025-12-13,PM2.5,out,METEO-PURO,17.091,8.867,8.224,92.75
2025-12-14,PM2.5,out,METEO-PURO,19.88,8.782,11.098,126.37
2025-12-15,PM2.5,out,METEO-PURO,9.254,6.592,2.662,40.38
2025-12-16,PM2.5,out,METEO-PURO,9.617,5.956,3.661,61.47
2025-12-17,PM2.5,out,METEO-PURO,6.381,8.32,-1.938,-23.3
2025-12-18,PM2.5,out,METEO-PURO,5.613,7.055,-1.441,-20.43
2025-12-19,PM2.5,out,METEO-PURO,9.636,5.943,3.692,62.13
2025-12-20,PM2.5,out,METEO-PURO,6.862,8.033,-1.171,-14.57
2025-12-21,PM2.5,out,METEO-PURO,1.601,5.45,-3.849,-70.63
2025-12-22,PM2.5,out,METEO-PURO,1.517,5.605,-4.088,-72.94
2025-12-23,PM2.5,out,METEO-PURO,3.0,8.142,-5.141,-63.15
2025-12-24,PM2.5,out,METEO-PURO,5.56,7.021,-1.461,-20.81
2025-12-25,PM2.5,out,METEO-PURO,5.589,8.89,-3.301,-37.13
2025-12-26,PM2.5,out,METEO-PURO,7.901,6.831,1.071,15.67
2025-12-27,PM2.5,out,METEO-PURO,2.873,7.551,-4.677,-61.94
2025-12-28,PM2.5,out,METEO-PURO,5.174,10.307,-5.133,-49.8
2025-12-29,PM2.5,out,METEO-PURO,8.646,11.904,-3.258,-27.37
2025-12-30,PM2.5,out,METEO-PURO,10.153,11.345,-1.192,-10.5
2025-12-31,PM2.5,out,METEO-PURO,11.95,10.952,0.998,9.11
2026-01-01,PM2.5,out,METEO-PURO,11.615,11.602,0.013,0.11
2026-01-02,PM2.5,out,METEO-PURO,11.16,11.853,-0.692,-5.84
2026-01-03,PM2.5,out,METEO-PURO,4.899,11.217,-6.318,-56.32
2026-01-04,PM2.5,out,METEO-PURO,3.571,5.99,-2.419,-40.39
2026-01-05,PM2.5,out,METEO-PURO,3.427,10.556,-7.13,-67.54
2026-01-06,PM2.5,out,METEO-PURO,4.331,5.81,-1.479,-25.46
2026-01-07,PM2.5,out,METEO-PURO,3.697,10.369,-6.673,-64.35
2026-01-08,PM2.5,out,METEO-PURO,2.291,5.287,-2.996,-56.67
2026-01-09,PM2.5,out,METEO-PURO,2.143,5.273,-3.129,-59.35
2026-01-10,PM2.5,out,METEO-PURO,3.815,5.583,-1.768,-31.67
2026-01-11,PM2.5,out,METEO-PURO,2.144,6.375,-4.23,-66.36
2026-01-12,PM2.5,out,METEO-PURO,4.288,5.613,-1.325,-23.61
2026-01-13,PM2.5,out,METEO-PURO,6.308,6.324,-0.016,-0.25
2026-01-14,PM2.5,out,METEO-PURO,2.685,11.051,-8.366,-75.7
2026-01-15,PM2.5,out,METEO-PURO,3.304,6.639,-3.335,-50.23
2026-01-16,PM2.5,out,METEO-PURO,10.832,11.575,-0.743,-6.41
2026-01-17,PM2.5,out,METEO-PURO,5.678,10.174,-4.495,-44.19
2026-01-18,PM2.5,out,METEO-PURO,2.691,11.035,-8.344,-75.62
2026-01-19,PM2.5,out,METEO-PURO,4.032,12.4,-8.368,-67.48
2026-01-20,PM2.5,out,METEO-PURO,3.068,11.539,-8.472,-73.42
2026-01-21,PM2.5,out,METEO-PURO,2.446,5.201,-2.755,-52.96
2026-01-22,PM2.5,out,METEO-PURO,2.973,5.575,-2.602,-46.68
2026-01-23,PM2.5,out,METEO-PURO,1.791,5.133,-3.342,-65.1
2026-01-24,PM2.5,out,METEO-PURO,2.04,5.102,-3.061,-60.0
2026-01-25,PM2.5,out,METEO-PURO,3.813,4.735,-0.922,-19.47
2026-01-26,PM2.5,out,METEO-PURO,3.312,6.054,-2.742,-45.29
2026-01-27,PM2.5,out,METEO-PURO,1.398,4.968,-3.57,-71.87
2026-01-28,PM2.5,out,METEO-PURO,2.538,7.86,-5.322,-67.7
2026-01-29,PM2.5,out,METEO-PURO,5.013,5.419,-0.406,-7.5
2026-01-30,PM2.5,out,METEO-PURO,4.191,5.185,-0.995,-19.18
2026-01-31,PM2.5,out,METEO-PURO,5.624,5.097,0.527,10.34
2026-02-01,PM2.5,out,METEO-PURO,3.421,6.564,-3.143,-47.89
2026-02-02,PM2.5,out,METEO-PURO,1.377,6.334,-4.956,-78.25
2026-02-03,PM2.5,out,METEO-PURO,1.442,7.311,-5.869,-80.27
2026-02-04,PM2.5,out,METEO-PURO,2.524,6.707,-4.182,-62.36
2026-02-05,PM2.5,out,METEO-PURO,1.769,5.618,-3.849,-68.51
2026-02-06,PM2.5,out,METEO-PURO,2.117,6.032,-3.914,-64.9
2026-02-07,PM2.5,out,METEO-PURO,2.032,5.045,-3.013,-59.73
2026-02-08,PM2.5,out,METEO-PURO,2.457,6.623,-4.166,-62.9
2026-02-09,PM2.5,out,METEO-PURO,2.51,5.949,-3.438,-57.8
2026-02-10,PM2.5,out,METEO-PURO,3.206,6.514,-3.307,-50.77
2026-02-11,PM2.5,out,METEO-PURO,6.043,5.336,0.707,13.24
2026-02-12,PM2.5,out,METEO-PURO,6.053,7.218,-1.165,-16.14
2026-02-13,PM2.5,out,METEO-PURO,2.719,4.938,-2.219,-44.94
2026-02-14,PM2.5,out,METEO-PURO,3.942,5.524,-1.582,-28.64
2026-02-15,PM2.5,out,METEO-PURO,1.941,6.17,-4.229,-68.54
2026-02-16,PM2.5,out,METEO-PURO,1.655,5.635,-3.979,-70.62
2026-02-17,PM2.5,out,METEO-PURO,4.756,8.784,-4.028,-45.86
2026-02-18,PM2.5,out,METEO-PURO,2.639,5.494,-2.855,-51.97
2026-02-19,PM2.5,out,METEO-PURO,3.953,5.844,-1.89,-32.35
2026-02-20,PM2.5,out,METEO-PURO,8.17,8.844,-0.673,-7.62
2026-02-21,PM2.5,out,METEO-PURO,7.962,9.291,-1.329,-14.31
2026-02-22,PM2.5,out,METEO-PURO,7.879,8.534,-0.655,-7.67
2026-02-23,PM2.5,out,METEO-PURO,7.873,8.441,-0.568,-6.73
2026-02-24,PM2.5,out,METEO-PURO,10.114,8.453,1.662,19.66
2026-02-25,PM2.5,out,METEO-PURO,12.306,8.634,3.672,42.53
2026-02-26,PM2.5,out,METEO-PURO,16.026,10.269,5.756,56.05
2026-02-27,PM2.5,out,METEO-PURO,10.458,8.893,1.565,17.59
2026-02-28,PM2.5,out,METEO-PURO,6.866,7.727,-0.861,-11.14
2026-03-01,PM2.5,out,METEO-PURO,8.309,7.342,0.967,13.18
2026-03-02,PM2.5,out,METEO-PURO,10.608,8.155,2.453,30.08
2026-03-03,PM2.5,out,METEO-PURO,12.208,8.74,3.468,39.68
2026-03-04,PM2.5,out,METEO-PURO,15.361,8.027,7.334,91.38
2026-03-05,PM2.5,out,METEO-PURO,9.065,6.193,2.871,46.36
2026-03-06,PM2.5,out,METEO-PURO,1.499,6.423,-4.924,-76.66
2026-03-07,PM2.5,out,METEO-PURO,4.871,6.031,-1.16,-19.23
2026-03-08,PM2.5,out,METEO-PURO,5.126,8.381,-3.255,-38.84
2026-03-09,PM2.5,out,METEO-PURO,8.358,7.864,0.494,6.28
2026-03-10,PM2.5,out,METEO-PURO,15.11,8.603,6.508,75.65
2026-03-11,PM2.5,out,METEO-PURO,11.635,8.321,3.314,39.83
2026-03-12,PM2.5,out,METEO-PURO,8.061,8.563,-0.502,-5.86
2026-03-13,PM2.5,out,METEO-PURO,3.198,5.192,-1.995,-38.41
2026-03-14,PM2.5,out,METEO-PURO,1.305,6.486,-5.181,-79.88
2026-03-15,PM2.5,out,METEO-PURO,4.055,6.2,-2.145,-34.6
2026-03-16,PM2.5,out,METEO-PURO,9.238,8.474,0.764,9.02
2026-03-17,PM2.5,out,METEO-PURO,7.512,8.858,-1.346,-15.2
2026-03-18,PM2.5,out,METEO-PURO,6.351,8.784,-2.433,-27.7
2026-03-19,PM2.5,out,METEO-PURO,7.928,7.778,0.15,1.93
2026-03-20,PM2.5,out,METEO-PURO,9.198,7.184,2.014,28.04
2026-03-21,PM2.5,out,METEO-PURO,11.86,8.06,3.8,47.15
2026-03-22,PM2.5,out,METEO-PURO,26.529,8.0,18.529,231.62
2026-03-23,PM2.5,out,METEO-PURO,22.748,8.52,14.228,166.99
2026-03-24,PM2.5,out,METEO-PURO,15.515,8.346,7.169,85.89
2026-03-25,PM2.5,out,METEO-PURO,7.703,9.017,-1.314,-14.57
2026-03-26,PM2.5,out,METEO-PURO,4.956,6.874,-1.918,-27.9
2026-03-27,PM2.5,out,METEO-PURO,6.226,6.193,0.033,0.53
2026-03-28,PM2.5,out,METEO-PURO,4.944,5.995,-1.05,-17.52
2026-03-29,PM2.5,out,METEO-PURO,5.413,6.27,-0.857,-13.67
2026-03-30,PM2.5,out,METEO-PURO,4.661,7.438,-2.777,-37.33
2026-03-31,PM2.5,out,METEO-PURO,8.735,7.836,0.899,11.48
2026-04-01,PM2.5,out,METEO-PURO,3.059,6.737,-3.679,-54.6
2026-04-02,PM2.5,out,METEO-PURO,2.54,6.737,-4.197,-62.29
2026-04-03,PM2.5,out,METEO-PURO,4.059,9.822,-5.763,-58.67
2026-04-04,PM2.5,out,METEO-PURO,4.359,9.999,-5.64,-56.41
2026-04-05,PM2.5,out,METEO-PURO,7.323,9.421,-2.098,-22.27
2026-04-06,PM2.5,out,METEO-PURO,3.692,8.671,-4.979,-57.42
2026-04-07,PM2.5,out,METEO-PURO,4.375,8.542,-4.167,-48.78
2026-04-08,PM2.5,out,METEO-PURO,7.847,8.402,-0.555,-6.61
2026-04-09,PM2.5,out,METEO-PURO,9.998,9.508,0.49,5.16
2026-04-10,PM2.5,out,METEO-PURO,10.888,8.268,2.62,31.68
2026-04-11,PM2.5,out,METEO-PURO,7.308,6.336,0.971,15.33
2026-04-12,PM2.5,out,METEO-PURO,3.526,5.928,-2.401,-40.51
2026-04-13,PM2.5,out,METEO-PURO,3.566,5.939,-2.373,-39.95
2026-04-14,PM2.5,out,METEO-PURO,6.609,7.276,-0.666,-9.16
2026-04-15,PM2.5,out,METEO-PURO,7.048,8.006,-0.957,-11.96
2026-04-16,PM2.5,out,METEO-PURO,9.061,7.727,1.334,17.26
2026-04-17,PM2.5,out,METEO-PURO,9.421,9.012,0.408,4.53
2026-04-18,PM2.5,out,METEO-PURO,7.921,8.137,-0.216,-2.65
2026-04-19,PM2.5,out,METEO-PURO,9.412,7.887,1.525,19.33
2026-04-20,PM2.5,out,METEO-PURO,11.949,9.279,2.67,28.78
2026-04-21,PM2.5,out,METEO-PURO,9.449,7.573,1.876,24.78
2026-04-22,PM2.5,out,METEO-PURO,8.286,8.605,-0.319,-3.71
2026-04-23,PM2.5,out,METEO-PURO,6.174,7.822,-1.648,-21.07
2026-04-24,PM2.5,out,METEO-PURO,10.357,4.735,5.621,118.7
2026-04-25,PM2.5,out,METEO-PURO,12.331,7.642,4.689,61.36
2026-04-26,PM2.5,out,METEO-PURO,11.527,8.38,3.147,37.55
2026-04-27,PM2.5,out,METEO-PURO,13.252,8.888,4.364,49.1
2026-04-28,PM2.5,out,METEO-PURO,14.878,8.113,6.765,83.39
2026-04-29,PM2.5,out,METEO-PURO,5.834,5.736,0.098,1.7
2026-04-30,PM2.5,out,METEO-PURO,6.17,8.601,-2.431,-28.27
2026-05-01,PM2.5,out,METEO-PURO,7.515,6.734,0.781,11.6
2026-05-02,PM2.5,out,METEO-PURO,4.24,5.363,-1.123,-20.95
2026-05-03,PM2.5,out,METEO-PURO,3.199,6.535,-3.336,-51.04
2026-05-04,PM2.5,out,METEO-PURO,3.558,7.16,-3.603,-50.32
2026-05-05,PM2.5,out,METEO-PURO,2.806,7.27,-4.464,-61.41
2026-05-06,PM2.5,out,METEO-PURO,5.36,8.575,-3.215,-37.49
2026-05-07,PM2.5,out,METEO-PURO,5.132,8.059,-2.927,-36.32
2026-05-08,PM2.5,out,METEO-PURO,3.667,6.92,-3.253,-47.02
2026-05-09,PM2.5,out,METEO-PURO,2.91,5.278,-2.368,-44.87
2026-05-10,PM2.5,out,METEO-PURO,1.84,5.237,-3.397,-64.86
2026-05-11,PM2.5,out,METEO-PURO,5.151,5.473,-0.322,-5.88
2026-05-12,PM2.5,out,METEO-PURO,5.471,8.149,-2.678,-32.86
2026-05-13,PM2.5,out,METEO-PURO,3.914,8.627,-4.713,-54.63
2026-05-14,PM2.5,out,METEO-PURO,2.77,7.148,-4.378,-61.25
2026-05-15,PM2.5,out,METEO-PURO,2.116,5.803,-3.687,-63.53
2026-05-16,PM2.5,out,METEO-PURO,3.857,7.748,-3.891,-50.22
2026-05-17,PM2.5,out,METEO-PURO,6.116,9.205,-3.089,-33.56
2026-05-18,PM2.5,out,METEO-PURO,6.549,9.243,-2.694,-29.14
2026-05-19,PM2.5,out,METEO-PURO,5.244,9.727,-4.484,-46.09
2026-05-20,PM2.5,out,METEO-PURO,8.321,10.873,-2.552,-23.47
2026-05-21,PM2.5,out,METEO-PURO,6.475,10.053,-3.578,-35.59
2026-05-22,PM2.5,out,METEO-PURO,6.376,9.932,-3.556,-35.8
2026-05-23,PM2.5,out,METEO-PURO,8.14,10.822,-2.683,-24.79
2026-05-24,PM2.5,out,METEO-PURO,4.89,10.106,-5.215,-51.61
2026-05-25,PM2.5,out,METEO-PURO,3.255,8.097,-4.842,-59.8
2026-05-26,PM2.5,out,METEO-PURO,3.331,8.43,-5.099,-60.49
2026-05-27,PM2.5,out,METEO-PURO,6.72,9.644,-2.924,-30.32
2026-05-28,PM2.5,out,METEO-PURO,10.772,10.568,0.204,1.93
2026-05-29,PM2.5,out,METEO-PURO,16.944,10.793,6.151,56.99
2026-05-30,PM2.5,out,METEO-PURO,14.412,8.903,5.509,61.88
2026-05-31,PM2.5,out,METEO-PURO,4.897,9.787,-4.89,-49.96
2026-06-01,PM2.5,out,METEO-PURO,5.162,10.837,-5.675,-52.36
2026-06-02,PM2.5,out,METEO-PURO,5.686,9.132,-3.446,-37.74
2026-06-03,PM2.5,out,METEO-PURO,3.611,10.053,-6.441,-64.07
2026-06-04,PM2.5,out,METEO-PURO,4.901,7.96,-3.059,-38.43
2026-06-05,PM2.5,out,METEO-PURO,4.416,8.41,-3.995,-47.5
2026-06-06,PM2.5,out,METEO-PURO,7.187,8.28,-1.093,-13.19
2026-06-07,PM2.5,out,METEO-PURO,9.637,10.029,-0.392,-3.91
2026-06-08,PM2.5,out,METEO-PURO,8.968,6.558,2.41,36.75
2026-06-09,PM2.5,out,METEO-PURO,3.916,5.92,-2.004,-33.85
2026-06-10,PM2.5,out,METEO-PURO,3.78,10.011,-6.231,-62.24
2026-06-11,PM2.5,out,METEO-PURO,3.972,11.257,-7.285,-64.71
2026-06-12,PM2.5,out,METEO-PURO,4.716,12.113,-7.396,-61.06
2026-06-13,PM2.5,out,METEO-PURO,3.956,11.343,-7.388,-65.13
2026-06-14,PM2.5,out,METEO-PURO,4.879,12.143,-7.264,-59.82
2026-06-15,PM2.5,out,METEO-PURO,11.446,12.374,-0.929,-7.51
2026-06-16,PM2.5,out,METEO-PURO,11.786,12.309,-0.524,-4.25
2026-06-17,PM2.5,out,METEO-PURO,10.21,10.641,-0.432,-4.06
2026-06-18,PM2.5,out,METEO-PURO,10.4,10.585,-0.185,-1.75
2026-06-19,PM2.5,out,METEO-PURO,6.893,9.232,-2.339,-25.33
2026-06-20,PM2.5,out,METEO-PURO,6.226,9.871,-3.646,-36.93
2026-06-21,PM2.5,out,METEO-PURO,6.614,10.819,-4.206,-38.87
2026-06-22,PM2.5,out,METEO-PURO,10.218,10.691,-0.473,-4.42
2026-06-23,PM2.5,out,METEO-PURO,10.67,12.143,-1.473,-12.13
2026-06-24,PM2.5,out,METEO-PURO,8.308,12.143,-3.835,-31.58
2026-06-25,PM2.5,out,METEO-PURO,10.621,5.616,5.005,89.12
2026-06-26,PM2.5,out,METEO-PURO,9.601,11.252,-1.651,-14.67
2026-06-27,PM2.5,out,METEO-PURO,7.372,10.205,-2.832,-27.75
2026-06-28,PM2.5,out,METEO-PURO,3.253,5.662,-2.409,-42.55
2026-06-29,PM2.5,out,METEO-PURO,3.2,6.802,-3.602,-52.96
2026-06-30,PM2.5,out,METEO-PURO,3.808,6.846,-3.038,-44.38
2026-07-01,PM2.5,out,METEO-PURO,2.27,7.127,-4.857,-68.15
2026-07-02,PM2.5,out,METEO-PURO,3.0,6.846,-3.846,-56.17
2026-07-03,PM2.5,out,METEO-PURO,2.345,5.687,-3.342,-58.77
2026-07-04,PM2.5,out,METEO-PURO,3.814,5.398,-1.584,-29.34
2026-07-05,PM2.5,out,METEO-PURO,5.906,9.508,-3.603,-37.89
2026-07-06,PM2.5,out,METEO-PURO,6.512,9.845,-3.332,-33.85
2026-07-07,PM2.5,out,METEO-PURO,11.522,8.657,2.865,33.1
2026-07-08,PM2.5,out,METEO-PURO,14.984,9.945,5.039,50.67
2026-07-09,PM2.5,out,METEO-PURO,13.545,6.722,6.823,101.5
2026-07-10,PM2.5,out,METEO-PURO,16.257,9.07,7.186,79.23
2026-07-11,PM2.5,out,METEO-PURO,9.577,9.796,-0.219,-2.23
2026-07-12,PM2.5,out,METEO-PURO,12.286,5.996,6.29,104.92
2026-07-13,PM2.5,out,METEO-PURO,13.789,8.678,5.111,58.9
2026-07-14,PM2.5,out,METEO-PURO,13.151,8.523,4.628,54.3
2026-07-15,PM2.5,out,METEO-PURO,12.917,9.796,3.121,31.86
2026-07-16,PM2.5,out,METEO-PURO,10.43,6.441,3.989,61.93
2026-07-17,PM2.5,out,METEO-PURO,7.212,6.441,0.771,11.97
2026-07-18,PM2.5,out,METEO-PURO,7.942,5.687,2.256,39.66
2026-07-19,PM2.5,out,METEO-PURO,14.167,6.724,7.443,110.7
2026-07-20,PM2.5,out,METEO-PURO,13.471,9.638,3.832,39.76
2026-07-21,PM2.5,out,METEO-PURO,6.666,7.521,-0.855,-11.37
2026-07-22,PM2.5,out,METEO-PURO,6.325,9.793,-3.468,-35.41
2026-07-23,PM2.5,out,METEO-PURO,10.332,9.793,0.539,5.51
2026-07-24,PM2.5,out,METEO-PURO,12.625,9.166,3.459,37.73
2026-07-25,PM2.5,out,METEO-PURO,7.311,5.853,1.458,24.91
2026-07-26,PM2.5,out,METEO-PURO,3.988,6.763,-2.775,-41.03
2026-07-27,PM2.5,out,METEO-PURO,5.284,8.935,-3.651,-40.86
2026-07-28,PM2.5,out,METEO-PURO,10.514,9.596,0.919,9.57
2025-09-01,PM2.5,out,CON-LAGS,4.556,6.525,-1.969,-30.17
2025-09-02,PM2.5,out,CON-LAGS,3.752,6.756,-3.004,-44.46
2025-09-03,PM2.5,out,CON-LAGS,6.657,6.823,-0.166,-2.43
2025-09-04,PM2.5,out,CON-LAGS,6.508,7.547,-1.039,-13.76
2025-09-05,PM2.5,out,CON-LAGS,7.085,10.301,-3.216,-31.22
2025-09-06,PM2.5,out,CON-LAGS,4.968,7.729,-2.761,-35.72
2025-09-07,PM2.5,out,CON-LAGS,5.031,6.194,-1.162,-18.77
2025-09-08,PM2.5,out,CON-LAGS,3.316,6.758,-3.441,-50.92
2025-09-09,PM2.5,out,CON-LAGS,7.156,7.77,-0.614,-7.9
2025-09-10,PM2.5,out,CON-LAGS,6.394,6.469,-0.075,-1.15
2025-09-11,PM2.5,out,CON-LAGS,5.534,8.536,-3.002,-35.16
2025-09-12,PM2.5,out,CON-LAGS,4.985,7.837,-2.852,-36.39
2025-09-13,PM2.5,out,CON-LAGS,6.087,6.0,0.087,1.45
2025-09-14,PM2.5,out,CON-LAGS,4.255,6.563,-2.307,-35.16
2025-09-15,PM2.5,out,CON-LAGS,4.224,8.576,-4.352,-50.74
2025-09-16,PM2.5,out,CON-LAGS,7.269,8.061,-0.792,-9.82
2025-09-17,PM2.5,out,CON-LAGS,9.719,8.56,1.159,13.53
2025-09-18,PM2.5,out,CON-LAGS,9.367,10.225,-0.858,-8.39
2025-09-19,PM2.5,out,CON-LAGS,6.496,9.01,-2.514,-27.9
2025-09-20,PM2.5,out,CON-LAGS,4.878,5.399,-0.521,-9.65
2025-09-21,PM2.5,out,CON-LAGS,2.097,5.077,-2.981,-58.71
2025-09-22,PM2.5,out,CON-LAGS,2.321,6.867,-4.546,-66.21
2025-09-23,PM2.5,out,CON-LAGS,3.939,6.361,-2.422,-38.08
2025-09-24,PM2.5,out,CON-LAGS,5.139,8.141,-3.002,-36.87
2025-09-25,PM2.5,out,CON-LAGS,5.851,8.606,-2.755,-32.01
2025-09-26,PM2.5,out,CON-LAGS,6.73,7.904,-1.175,-14.86
2025-09-27,PM2.5,out,CON-LAGS,5.688,6.949,-1.261,-18.15
2025-09-28,PM2.5,out,CON-LAGS,5.284,7.459,-2.175,-29.15
2025-09-29,PM2.5,out,CON-LAGS,7.832,8.361,-0.529,-6.32
2025-09-30,PM2.5,out,CON-LAGS,9.148,8.59,0.559,6.5
2025-10-01,PM2.5,out,CON-LAGS,11.351,10.682,0.67,6.27
2025-10-02,PM2.5,out,CON-LAGS,8.636,10.634,-1.998,-18.79
2025-10-03,PM2.5,out,CON-LAGS,12.395,10.395,2.0,19.24
2025-10-04,PM2.5,out,CON-LAGS,6.461,8.281,-1.82,-21.97
2025-10-05,PM2.5,out,CON-LAGS,5.393,7.866,-2.472,-31.43
2025-10-06,PM2.5,out,CON-LAGS,5.977,8.495,-2.519,-29.65
2025-10-07,PM2.5,out,CON-LAGS,5.408,8.341,-2.933,-35.17
2025-10-08,PM2.5,out,CON-LAGS,9.802,9.103,0.698,7.67
2025-10-09,PM2.5,out,CON-LAGS,8.035,7.344,0.691,9.41
2025-10-10,PM2.5,out,CON-LAGS,10.749,9.82,0.929,9.46
2025-10-11,PM2.5,out,CON-LAGS,9.888,8.535,1.354,15.86
2025-10-12,PM2.5,out,CON-LAGS,5.561,7.385,-1.824,-24.7
2025-10-13,PM2.5,out,CON-LAGS,7.802,9.57,-1.768,-18.48
2025-10-14,PM2.5,out,CON-LAGS,19.177,8.424,10.753,127.65
2025-10-15,PM2.5,out,CON-LAGS,18.697,10.386,8.311,80.02
2025-10-16,PM2.5,out,CON-LAGS,18.747,11.108,7.639,68.77
2025-10-17,PM2.5,out,CON-LAGS,16.378,11.494,4.884,42.49
2025-10-18,PM2.5,out,CON-LAGS,12.224,8.993,3.23,35.92
2025-10-19,PM2.5,out,CON-LAGS,6.331,5.364,0.967,18.03
2025-10-20,PM2.5,out,CON-LAGS,1.795,8.098,-6.303,-77.83
2025-10-21,PM2.5,out,CON-LAGS,1.537,7.68,-6.143,-79.98
2025-10-22,PM2.5,out,CON-LAGS,2.811,7.197,-4.386,-60.95
2025-10-23,PM2.5,out,CON-LAGS,7.365,6.438,0.927,14.4
2025-10-24,PM2.5,out,CON-LAGS,8.102,6.808,1.294,19.01
2025-10-25,PM2.5,out,CON-LAGS,5.119,7.566,-2.447,-32.35
2025-10-26,PM2.5,out,CON-LAGS,3.417,7.408,-3.991,-53.88
2025-10-27,PM2.5,out,CON-LAGS,6.804,9.896,-3.093,-31.25
2025-10-28,PM2.5,out,CON-LAGS,6.158,9.813,-3.656,-37.25
2025-10-29,PM2.5,out,CON-LAGS,3.802,8.889,-5.087,-57.23
2025-10-30,PM2.5,out,CON-LAGS,2.506,7.869,-5.363,-68.15
2025-10-31,PM2.5,out,CON-LAGS,1.656,6.26,-4.604,-73.54
2025-11-01,PM2.5,out,CON-LAGS,2.985,5.445,-2.46,-45.18
2025-11-02,PM2.5,out,CON-LAGS,4.039,6.963,-2.924,-42.0
2025-11-03,PM2.5,out,CON-LAGS,4.61,8.075,-3.465,-42.91
2025-11-04,PM2.5,out,CON-LAGS,4.714,7.775,-3.062,-39.38
2025-11-05,PM2.5,out,CON-LAGS,2.287,7.603,-5.315,-69.91
2025-11-06,PM2.5,out,CON-LAGS,2.864,5.969,-3.105,-52.02
2025-11-07,PM2.5,out,CON-LAGS,2.723,5.068,-2.345,-46.27
2025-11-08,PM2.5,out,CON-LAGS,3.628,5.977,-2.349,-39.3
2025-11-09,PM2.5,out,CON-LAGS,3.116,8.145,-5.029,-61.74
2025-11-10,PM2.5,out,CON-LAGS,2.706,7.394,-4.687,-63.4
2025-11-11,PM2.5,out,CON-LAGS,3.673,7.468,-3.795,-50.82
2025-11-12,PM2.5,out,CON-LAGS,4.89,7.671,-2.781,-36.26
2025-11-13,PM2.5,out,CON-LAGS,5.157,7.755,-2.599,-33.51
2025-11-14,PM2.5,out,CON-LAGS,1.483,6.241,-4.758,-76.24
2025-11-15,PM2.5,out,CON-LAGS,1.574,6.165,-4.591,-74.47
2025-11-16,PM2.5,out,CON-LAGS,2.478,6.001,-3.523,-58.71
2025-11-17,PM2.5,out,CON-LAGS,3.566,6.776,-3.21,-47.38
2025-11-18,PM2.5,out,CON-LAGS,4.517,8.229,-3.712,-45.11
2025-11-19,PM2.5,out,CON-LAGS,2.628,6.944,-4.316,-62.15
2025-11-20,PM2.5,out,CON-LAGS,1.425,7.177,-5.752,-80.15
2025-11-21,PM2.5,out,CON-LAGS,2.631,5.503,-2.872,-52.2
2025-11-22,PM2.5,out,CON-LAGS,2.416,6.158,-3.742,-60.77
2025-11-23,PM2.5,out,CON-LAGS,1.738,5.281,-3.543,-67.1
2025-11-24,PM2.5,out,CON-LAGS,1.63,4.962,-3.332,-67.16
2025-11-25,PM2.5,out,CON-LAGS,3.133,5.007,-1.874,-37.42
2025-11-26,PM2.5,out,CON-LAGS,3.919,6.232,-2.313,-37.11
2025-11-27,PM2.5,out,CON-LAGS,6.866,8.821,-1.955,-22.16
2025-11-29,PM2.5,out,CON-LAGS,4.322,7.868,-3.546,-45.07
2025-11-30,PM2.5,out,CON-LAGS,4.858,6.055,-1.196,-19.76
2025-12-01,PM2.5,out,CON-LAGS,2.65,6.608,-3.958,-59.89
2025-12-02,PM2.5,out,CON-LAGS,3.817,5.531,-1.714,-30.98
2025-12-03,PM2.5,out,CON-LAGS,2.858,5.999,-3.141,-52.36
2025-12-04,PM2.5,out,CON-LAGS,2.191,5.628,-3.437,-61.06
2025-12-05,PM2.5,out,CON-LAGS,2.289,5.582,-3.293,-58.99
2025-12-06,PM2.5,out,CON-LAGS,0.933,4.92,-3.987,-81.04
2025-12-07,PM2.5,out,CON-LAGS,1.053,4.988,-3.934,-78.88
2025-12-08,PM2.5,out,CON-LAGS,2.913,6.733,-3.82,-56.74
2025-12-09,PM2.5,out,CON-LAGS,6.152,6.848,-0.696,-10.16
2025-12-10,PM2.5,out,CON-LAGS,7.883,6.415,1.468,22.88
2025-12-11,PM2.5,out,CON-LAGS,14.288,10.321,3.967,38.43
2025-12-12,PM2.5,out,CON-LAGS,22.528,9.705,12.822,132.12
2025-12-13,PM2.5,out,CON-LAGS,17.091,9.894,7.197,72.74
2025-12-14,PM2.5,out,CON-LAGS,19.88,9.179,10.7,116.57
2025-12-15,PM2.5,out,CON-LAGS,9.254,6.437,2.817,43.76
2025-12-16,PM2.5,out,CON-LAGS,9.617,6.923,2.694,38.91
2025-12-17,PM2.5,out,CON-LAGS,6.381,8.918,-2.536,-28.44
2025-12-18,PM2.5,out,CON-LAGS,5.613,8.777,-3.164,-36.05
2025-12-19,PM2.5,out,CON-LAGS,9.636,6.005,3.63,60.45
2025-12-20,PM2.5,out,CON-LAGS,6.862,5.661,1.201,21.21
2025-12-21,PM2.5,out,CON-LAGS,1.601,5.931,-4.33,-73.01
2025-12-22,PM2.5,out,CON-LAGS,1.517,5.056,-3.54,-70.01
2025-12-23,PM2.5,out,CON-LAGS,3.0,6.682,-3.681,-55.1
2025-12-24,PM2.5,out,CON-LAGS,5.56,5.158,0.402,7.8
2025-12-25,PM2.5,out,CON-LAGS,5.589,7.73,-2.141,-27.7
2025-12-26,PM2.5,out,CON-LAGS,7.901,7.047,0.854,12.12
2025-12-27,PM2.5,out,CON-LAGS,2.873,6.65,-3.777,-56.79
2025-12-28,PM2.5,out,CON-LAGS,5.174,7.69,-2.516,-32.72
2025-12-29,PM2.5,out,CON-LAGS,8.646,8.297,0.348,4.2
2025-12-30,PM2.5,out,CON-LAGS,10.153,6.745,3.408,50.52
2025-12-31,PM2.5,out,CON-LAGS,11.95,9.231,2.72,29.46
2026-01-01,PM2.5,out,CON-LAGS,11.615,9.366,2.249,24.01
2026-01-02,PM2.5,out,CON-LAGS,11.16,9.381,1.779,18.96
2026-01-03,PM2.5,out,CON-LAGS,4.899,7.574,-2.674,-35.31
2026-01-04,PM2.5,out,CON-LAGS,3.571,6.21,-2.639,-42.5
2026-01-05,PM2.5,out,CON-LAGS,3.427,4.693,-1.266,-26.98
2026-01-06,PM2.5,out,CON-LAGS,4.331,4.609,-0.278,-6.04
2026-01-07,PM2.5,out,CON-LAGS,3.697,6.289,-2.592,-41.22
2026-01-08,PM2.5,out,CON-LAGS,2.291,6.152,-3.861,-62.76
2026-01-09,PM2.5,out,CON-LAGS,2.143,5.465,-3.322,-60.78
2026-01-10,PM2.5,out,CON-LAGS,3.815,3.984,-0.169,-4.23
2026-01-11,PM2.5,out,CON-LAGS,2.144,5.173,-3.029,-58.55
2026-01-12,PM2.5,out,CON-LAGS,4.288,5.213,-0.925,-17.75
2026-01-13,PM2.5,out,CON-LAGS,6.308,5.895,0.413,7.01
2026-01-14,PM2.5,out,CON-LAGS,2.685,5.729,-3.044,-53.13
2026-01-15,PM2.5,out,CON-LAGS,3.304,4.12,-0.816,-19.8
2026-01-16,PM2.5,out,CON-LAGS,10.832,6.863,3.969,57.82
2026-01-17,PM2.5,out,CON-LAGS,5.678,6.147,-0.469,-7.63
2026-01-18,PM2.5,out,CON-LAGS,2.691,8.798,-6.107,-69.42
2026-01-19,PM2.5,out,CON-LAGS,4.032,7.188,-3.155,-43.9
2026-01-20,PM2.5,out,CON-LAGS,3.068,5.082,-2.014,-39.63
2026-01-21,PM2.5,out,CON-LAGS,2.446,4.656,-2.21,-47.46
2026-01-22,PM2.5,out,CON-LAGS,2.973,4.674,-1.701,-36.39
2026-01-23,PM2.5,out,CON-LAGS,1.791,4.233,-2.442,-57.68
2026-01-24,PM2.5,out,CON-LAGS,2.04,4.295,-2.254,-52.49
2026-01-25,PM2.5,out,CON-LAGS,3.813,4.077,-0.263,-6.46
2026-01-26,PM2.5,out,CON-LAGS,3.312,4.239,-0.927,-21.87
2026-01-27,PM2.5,out,CON-LAGS,1.398,6.723,-5.326,-79.21
2026-01-28,PM2.5,out,CON-LAGS,2.538,5.494,-2.956,-53.8
2026-01-29,PM2.5,out,CON-LAGS,5.013,5.317,-0.304,-5.73
2026-01-30,PM2.5,out,CON-LAGS,4.191,5.188,-0.998,-19.23
2026-01-31,PM2.5,out,CON-LAGS,5.624,4.085,1.539,37.68
2026-02-01,PM2.5,out,CON-LAGS,3.421,5.669,-2.248,-39.65
2026-02-02,PM2.5,out,CON-LAGS,1.377,4.39,-3.012,-68.62
2026-02-03,PM2.5,out,CON-LAGS,1.442,3.99,-2.548,-63.86
2026-02-04,PM2.5,out,CON-LAGS,2.524,4.39,-1.866,-42.5
2026-02-05,PM2.5,out,CON-LAGS,1.769,3.855,-2.086,-54.11
2026-02-06,PM2.5,out,CON-LAGS,2.117,4.039,-1.922,-47.58
2026-02-07,PM2.5,out,CON-LAGS,2.032,3.935,-1.903,-48.37
2026-02-08,PM2.5,out,CON-LAGS,2.457,4.801,-2.344,-48.83
2026-02-09,PM2.5,out,CON-LAGS,2.51,4.992,-2.482,-49.71
2026-02-10,PM2.5,out,CON-LAGS,3.206,4.757,-1.551,-32.59
2026-02-11,PM2.5,out,CON-LAGS,6.043,4.339,1.703,39.26
2026-02-12,PM2.5,out,CON-LAGS,6.053,4.449,1.603,36.03
2026-02-13,PM2.5,out,CON-LAGS,2.719,3.545,-0.826,-23.3
2026-02-14,PM2.5,out,CON-LAGS,3.942,4.564,-0.622,-13.64
2026-02-15,PM2.5,out,CON-LAGS,1.941,5.238,-3.297,-62.94
2026-02-16,PM2.5,out,CON-LAGS,1.655,3.552,-1.897,-53.4
2026-02-17,PM2.5,out,CON-LAGS,4.756,5.905,-1.149,-19.46
2026-02-18,PM2.5,out,CON-LAGS,2.639,3.799,-1.16,-30.54
2026-02-19,PM2.5,out,CON-LAGS,3.953,4.563,-0.61,-13.36
2026-02-20,PM2.5,out,CON-LAGS,8.17,6.602,1.569,23.76
2026-02-21,PM2.5,out,CON-LAGS,7.962,7.925,0.037,0.47
2026-02-22,PM2.5,out,CON-LAGS,7.879,8.889,-1.01,-11.36
2026-02-23,PM2.5,out,CON-LAGS,7.873,8.856,-0.983,-11.1
2026-02-24,PM2.5,out,CON-LAGS,10.114,8.748,1.367,15.63
2026-02-25,PM2.5,out,CON-LAGS,12.306,9.512,2.795,29.38
2026-02-26,PM2.5,out,CON-LAGS,16.026,8.909,7.117,79.89
2026-02-27,PM2.5,out,CON-LAGS,10.458,7.719,2.739,35.48
2026-02-28,PM2.5,out,CON-LAGS,6.866,6.066,0.799,13.18
2026-03-01,PM2.5,out,CON-LAGS,8.309,7.485,0.824,11.01
2026-03-02,PM2.5,out,CON-LAGS,10.608,3.736,6.872,183.93
2026-03-03,PM2.5,out,CON-LAGS,12.208,4.834,7.375,152.57
2026-03-04,PM2.5,out,CON-LAGS,15.361,6.249,9.112,145.82
2026-03-05,PM2.5,out,CON-LAGS,9.065,4.883,4.181,85.62
2026-03-06,PM2.5,out,CON-LAGS,1.499,4.834,-3.334,-68.98
2026-03-07,PM2.5,out,CON-LAGS,4.871,5.253,-0.381,-7.26
2026-03-08,PM2.5,out,CON-LAGS,5.126,5.89,-0.764,-12.98
2026-03-09,PM2.5,out,CON-LAGS,8.358,5.519,2.839,51.43
2026-03-10,PM2.5,out,CON-LAGS,15.11,6.935,8.176,117.9
2026-03-11,PM2.5,out,CON-LAGS,11.635,7.735,3.9,50.42
2026-03-12,PM2.5,out,CON-LAGS,8.061,8.852,-0.79,-8.93
2026-03-13,PM2.5,out,CON-LAGS,3.198,6.283,-3.086,-49.11
2026-03-14,PM2.5,out,CON-LAGS,1.305,5.024,-3.719,-74.03
2026-03-15,PM2.5,out,CON-LAGS,4.055,4.193,-0.138,-3.29
2026-03-16,PM2.5,out,CON-LAGS,9.238,6.873,2.365,34.4
2026-03-17,PM2.5,out,CON-LAGS,7.512,7.636,-0.124,-1.62
2026-03-18,PM2.5,out,CON-LAGS,6.351,10.045,-3.693,-36.77
2026-03-19,PM2.5,out,CON-LAGS,7.928,8.244,-0.316,-3.84
2026-03-20,PM2.5,out,CON-LAGS,9.198,6.1,3.098,50.78
2026-03-21,PM2.5,out,CON-LAGS,11.86,7.557,4.303,56.94
2026-03-22,PM2.5,out,CON-LAGS,26.529,6.949,19.58,281.78
2026-03-23,PM2.5,out,CON-LAGS,22.748,7.17,15.577,217.24
2026-03-24,PM2.5,out,CON-LAGS,15.515,9.147,6.368,69.62
2026-03-25,PM2.5,out,CON-LAGS,7.703,7.546,0.157,2.09
2026-03-26,PM2.5,out,CON-LAGS,4.956,6.501,-1.545,-23.77
2026-03-27,PM2.5,out,CON-LAGS,6.226,5.246,0.981,18.69
2026-03-28,PM2.5,out,CON-LAGS,4.944,4.021,0.924,22.98
2026-03-29,PM2.5,out,CON-LAGS,5.413,3.797,1.615,42.54
2026-03-30,PM2.5,out,CON-LAGS,4.661,5.429,-0.767,-14.14
2026-03-31,PM2.5,out,CON-LAGS,8.735,6.305,2.43,38.54
2026-04-01,PM2.5,out,CON-LAGS,3.059,5.176,-2.117,-40.91
2026-04-02,PM2.5,out,CON-LAGS,2.54,6.032,-3.491,-57.88
2026-04-03,PM2.5,out,CON-LAGS,4.059,6.416,-2.356,-36.73
2026-04-04,PM2.5,out,CON-LAGS,4.359,6.896,-2.538,-36.8
2026-04-05,PM2.5,out,CON-LAGS,7.323,7.003,0.319,4.56
2026-04-06,PM2.5,out,CON-LAGS,3.692,5.505,-1.812,-32.92
2026-04-07,PM2.5,out,CON-LAGS,4.375,8.069,-3.694,-45.78
2026-04-08,PM2.5,out,CON-LAGS,7.847,6.586,1.261,19.15
2026-04-09,PM2.5,out,CON-LAGS,9.998,6.63,3.368,50.8
2026-04-10,PM2.5,out,CON-LAGS,10.888,8.493,2.395,28.2
2026-04-11,PM2.5,out,CON-LAGS,7.308,5.305,2.003,37.76
2026-04-12,PM2.5,out,CON-LAGS,3.526,5.257,-1.731,-32.92
2026-04-13,PM2.5,out,CON-LAGS,3.566,4.805,-1.239,-25.78
2026-04-14,PM2.5,out,CON-LAGS,6.609,5.919,0.69,11.66
2026-04-15,PM2.5,out,CON-LAGS,7.048,6.606,0.442,6.69
2026-04-16,PM2.5,out,CON-LAGS,9.061,6.284,2.777,44.19
2026-04-17,PM2.5,out,CON-LAGS,9.421,7.783,1.638,21.05
2026-04-18,PM2.5,out,CON-LAGS,7.921,6.843,1.078,15.75
2026-04-19,PM2.5,out,CON-LAGS,9.412,6.309,3.103,49.19
2026-04-20,PM2.5,out,CON-LAGS,11.949,9.896,2.053,20.74
2026-04-21,PM2.5,out,CON-LAGS,9.449,7.7,1.749,22.72
2026-04-22,PM2.5,out,CON-LAGS,8.286,10.23,-1.943,-19.0
2026-04-23,PM2.5,out,CON-LAGS,6.174,6.847,-0.674,-9.84
2026-04-24,PM2.5,out,CON-LAGS,10.357,4.99,5.366,107.54
2026-04-25,PM2.5,out,CON-LAGS,12.331,5.61,6.721,119.79
2026-04-26,PM2.5,out,CON-LAGS,11.527,8.291,3.236,39.03
2026-04-27,PM2.5,out,CON-LAGS,13.252,8.862,4.39,49.54
2026-04-28,PM2.5,out,CON-LAGS,14.878,9.389,5.49,58.47
2026-04-29,PM2.5,out,CON-LAGS,5.834,7.208,-1.374,-19.06
2026-04-30,PM2.5,out,CON-LAGS,6.17,11.035,-4.865,-44.09
2026-05-01,PM2.5,out,CON-LAGS,7.515,6.676,0.839,12.57
2026-05-02,PM2.5,out,CON-LAGS,4.24,5.508,-1.268,-23.02
2026-05-03,PM2.5,out,CON-LAGS,3.199,7.135,-3.936,-55.17
2026-05-04,PM2.5,out,CON-LAGS,3.558,6.166,-2.608,-42.3
2026-05-05,PM2.5,out,CON-LAGS,2.806,6.698,-3.893,-58.11
2026-05-06,PM2.5,out,CON-LAGS,5.36,8.981,-3.621,-40.32
2026-05-07,PM2.5,out,CON-LAGS,5.132,8.334,-3.202,-38.42
2026-05-08,PM2.5,out,CON-LAGS,3.667,8.113,-4.447,-54.81
2026-05-09,PM2.5,out,CON-LAGS,2.91,7.418,-4.508,-60.77
2026-05-10,PM2.5,out,CON-LAGS,1.84,8.947,-7.107,-79.43
2026-05-11,PM2.5,out,CON-LAGS,5.151,8.596,-3.445,-40.07
2026-05-12,PM2.5,out,CON-LAGS,5.471,7.972,-2.501,-31.38
2026-05-13,PM2.5,out,CON-LAGS,3.914,8.752,-4.837,-55.28
2026-05-14,PM2.5,out,CON-LAGS,2.77,6.335,-3.565,-56.27
2026-05-15,PM2.5,out,CON-LAGS,2.116,6.241,-4.125,-66.09
2026-05-16,PM2.5,out,CON-LAGS,3.857,6.727,-2.87,-42.67
2026-05-17,PM2.5,out,CON-LAGS,6.116,6.905,-0.79,-11.44
2026-05-18,PM2.5,out,CON-LAGS,6.549,8.559,-2.01,-23.49
2026-05-19,PM2.5,out,CON-LAGS,5.244,8.966,-3.722,-41.51
2026-05-20,PM2.5,out,CON-LAGS,8.321,9.855,-1.535,-15.57
2026-05-21,PM2.5,out,CON-LAGS,6.475,9.559,-3.084,-32.26
2026-05-22,PM2.5,out,CON-LAGS,6.376,11.555,-5.179,-44.82
2026-05-23,PM2.5,out,CON-LAGS,8.14,9.041,-0.902,-9.97
2026-05-24,PM2.5,out,CON-LAGS,4.89,9.814,-4.924,-50.17
2026-05-25,PM2.5,out,CON-LAGS,3.255,9.275,-6.019,-64.9
2026-05-26,PM2.5,out,CON-LAGS,3.331,8.851,-5.52,-62.37
2026-05-27,PM2.5,out,CON-LAGS,6.72,9.147,-2.426,-26.53
2026-05-28,PM2.5,out,CON-LAGS,10.772,9.23,1.542,16.7
2026-05-29,PM2.5,out,CON-LAGS,16.944,11.061,5.883,53.19
2026-05-30,PM2.5,out,CON-LAGS,14.412,9.033,5.378,59.54
2026-05-31,PM2.5,out,CON-LAGS,4.897,8.76,-3.863,-44.1
2026-06-01,PM2.5,out,CON-LAGS,5.162,11.544,-6.382,-55.28
2026-06-02,PM2.5,out,CON-LAGS,5.686,6.929,-1.243,-17.93
2026-06-03,PM2.5,out,CON-LAGS,3.611,9.185,-5.574,-60.68
2026-06-04,PM2.5,out,CON-LAGS,4.901,8.177,-3.276,-40.06
2026-06-05,PM2.5,out,CON-LAGS,4.416,6.558,-2.142,-32.66
2026-06-06,PM2.5,out,CON-LAGS,7.187,6.621,0.567,8.56
2026-06-07,PM2.5,out,CON-LAGS,9.637,8.307,1.33,16.01
2026-06-08,PM2.5,out,CON-LAGS,8.968,9.059,-0.091,-1.01
2026-06-09,PM2.5,out,CON-LAGS,3.916,7.872,-3.956,-50.26
2026-06-10,PM2.5,out,CON-LAGS,3.78,9.728,-5.948,-61.14
2026-06-11,PM2.5,out,CON-LAGS,3.972,8.79,-4.818,-54.81
2026-06-12,PM2.5,out,CON-LAGS,4.716,9.66,-4.943,-51.17
2026-06-13,PM2.5,out,CON-LAGS,3.956,10.174,-6.218,-61.12
2026-06-14,PM2.5,out,CON-LAGS,4.879,9.385,-4.506,-48.02
2026-06-15,PM2.5,out,CON-LAGS,11.446,9.104,2.341,25.72
2026-06-16,PM2.5,out,CON-LAGS,11.786,10.202,1.584,15.52
2026-06-17,PM2.5,out,CON-LAGS,10.21,9.978,0.231,2.32
2026-06-18,PM2.5,out,CON-LAGS,10.4,12.749,-2.349,-18.43
2026-06-19,PM2.5,out,CON-LAGS,6.893,10.399,-3.506,-33.71
2026-06-20,PM2.5,out,CON-LAGS,6.226,9.296,-3.07,-33.03
2026-06-21,PM2.5,out,CON-LAGS,6.614,8.634,-2.02,-23.4
2026-06-22,PM2.5,out,CON-LAGS,10.218,11.046,-0.828,-7.49
2026-06-23,PM2.5,out,CON-LAGS,10.67,12.872,-2.202,-17.11
2026-06-24,PM2.5,out,CON-LAGS,8.308,13.297,-4.989,-37.52
2026-06-25,PM2.5,out,CON-LAGS,10.621,8.626,1.995,23.13
2026-06-26,PM2.5,out,CON-LAGS,9.601,11.643,-2.042,-17.53
2026-06-27,PM2.5,out,CON-LAGS,7.372,11.717,-4.345,-37.08
2026-06-28,PM2.5,out,CON-LAGS,3.253,6.707,-3.455,-51.51
2026-06-29,PM2.5,out,CON-LAGS,3.2,8.829,-5.628,-63.75
2026-06-30,PM2.5,out,CON-LAGS,3.808,7.784,-3.976,-51.08
2026-07-01,PM2.5,out,CON-LAGS,2.27,9.267,-6.998,-75.51
2026-07-02,PM2.5,out,CON-LAGS,3.0,8.003,-5.003,-62.51
2026-07-03,PM2.5,out,CON-LAGS,2.345,7.886,-5.542,-70.27
2026-07-04,PM2.5,out,CON-LAGS,3.814,7.809,-3.995,-51.16
2026-07-05,PM2.5,out,CON-LAGS,5.906,9.401,-3.495,-37.18
2026-07-06,PM2.5,out,CON-LAGS,6.512,11.012,-4.499,-40.86
2026-07-07,PM2.5,out,CON-LAGS,11.522,12.592,-1.069,-8.49
2026-07-08,PM2.5,out,CON-LAGS,14.984,13.146,1.838,13.98
2026-07-09,PM2.5,out,CON-LAGS,13.545,10.168,3.377,33.21
2026-07-10,PM2.5,out,CON-LAGS,16.257,9.973,6.284,63.01
2026-07-11,PM2.5,out,CON-LAGS,9.577,10.9,-1.323,-12.14
2026-07-12,PM2.5,out,CON-LAGS,12.286,7.415,4.871,65.69
2026-07-13,PM2.5,out,CON-LAGS,13.789,9.062,4.726,52.15
2026-07-14,PM2.5,out,CON-LAGS,13.151,8.663,4.488,51.81
2026-07-15,PM2.5,out,CON-LAGS,12.917,8.729,4.188,47.98
2026-07-16,PM2.5,out,CON-LAGS,10.43,9.0,1.431,15.9
2026-07-17,PM2.5,out,CON-LAGS,7.212,8.878,-1.665,-18.76
2026-07-18,PM2.5,out,CON-LAGS,7.942,7.284,0.659,9.04
2026-07-19,PM2.5,out,CON-LAGS,14.167,8.529,5.638,66.11
2026-07-20,PM2.5,out,CON-LAGS,13.471,8.521,4.95,58.09
2026-07-21,PM2.5,out,CON-LAGS,6.666,10.732,-4.066,-37.89
2026-07-22,PM2.5,out,CON-LAGS,6.325,10.376,-4.05,-39.04
2026-07-23,PM2.5,out,CON-LAGS,10.332,11.199,-0.867,-7.74
2026-07-24,PM2.5,out,CON-LAGS,12.625,11.065,1.56,14.09
2026-07-25,PM2.5,out,CON-LAGS,7.311,9.046,-1.735,-19.18
2026-07-26,PM2.5,out,CON-LAGS,3.988,8.855,-4.867,-54.97
2026-07-27,PM2.5,out,CON-LAGS,5.284,7.897,-2.613,-33.08
2026-07-28,PM2.5,out,CON-LAGS,10.514,8.311,2.204,26.52
