{"NO2": {"coefficients": {"-12": {"beta": 5.364196129126206, "ci_low": 0.7053993878017817, "ci_high": 10.022992870450631}, "-11": {"beta": 0.737699171841836, "ci_low": -2.6714131621845794, "ci_high": 4.146811505868252}, "-10": {"beta": -3.5752808155462663, "ci_low": -7.024587346473092, "ci_high": -0.12597428461944027}, "-9": {"beta": -4.135588600942459, "ci_low": -8.113141638597927, "ci_high": -0.1580355632869912}, "-8": {"beta": -2.23019137451449, "ci_low": -6.622106455039667, "ci_high": 2.1617237060106866}, "-7": {"beta": -4.840572827867669, "ci_low": -9.674083734121638, "ci_high": -0.0070619216137011165}, "-6": {"beta": -1.5146804847286486, "ci_low": -6.3746329171757, "ci_high": 3.3452719477184027}, "-5": {"beta": 1.3605451513093438, "ci_low": -1.6102032254102157, "ci_high": 4.331293528028903}, "-4": {"beta": 1.713532711003694, "ci_low": -1.2433146029306927, "ci_high": 4.670380024938081}, "-3": {"beta": 0.39142369043932046, "ci_low": -1.3845353188519962, "ci_high": 2.167382699730637}, "-2": {"beta": 2.02275204030376, "ci_low": 0.32161130520449444, "ci_high": 3.7238927754030255}, "-1": {"beta": 0.0, "ci_low": 0.0, "ci_high": 0.0}, "0": {"beta": 0.5085141043339929, "ci_low": -1.3754037827155765, "ci_high": 2.392431991383562}, "1": {"beta": -0.8564427487772672, "ci_low": -3.3263141193200614, "ci_high": 1.613428621765527}, "2": {"beta": 0.18205825666487918, "ci_low": -3.603025103487373, "ci_high": 3.9671416168171314}, "3": {"beta": 2.095927020083314, "ci_low": -2.517745340114951, "ci_high": 6.709599380281579}, "4": {"beta": -3.6984922596345005, "ci_low": -7.6500909295600446, "ci_high": 0.25310641029104364}, "5": {"beta": -0.9912270905429104, "ci_low": -4.7150585744416595, "ci_high": 2.7326043933558393}, "6": {"beta": -0.6641055558076854, "ci_low": -4.264195535369309, "ci_high": 2.935984423753938}, "7": {"beta": -0.679310285760895, "ci_low": -4.276375379790061, "ci_high": 2.9177548082682714}}}, "PM10": {"coefficients": {"-12": {"beta": 1.1188841845878148, "ci_low": -1.4227846070788517, "ci_high": 3.6605529762544813}, "-11": {"beta": 1.489049059139787, "ci_low": -1.1077474327956969, "ci_high": 4.085845551075271}, "-10": {"beta": 4.157101446492577, "ci_low": -0.3251105535074217, "ci_high": 8.639313446492576}, "-9": {"beta": 1.5202527235427308, "ci_low": -2.24401421194114, "ci_high": 5.284519659026602}, "-8": {"beta": -0.3741316867437412, "ci_low": -3.61421464019592, "ci_high": 2.8659512667084375}, "-7": {"beta": -1.4500277775953805, "ci_low": -5.500958402595381, "ci_high": 2.60090284740462}, "-6": {"beta": -1.2489609630668532, "ci_low": -4.394772044763908, "ci_high": 1.896850118630201}, "-5": {"beta": -0.5378031082971741, "ci_low": -3.397508441630507, "ci_high": 2.3219022250361587}, "-4": {"beta": -0.9806910696830027, "ci_low": -4.485418045489454, "ci_high": 2.5240359061234487}, "-3": {"beta": -1.0621609543010742, "ci_low": -5.4840638709677405, "ci_high": 3.359741962365592}, "-2": {"beta": -0.44390120967741886, "ci_low": -4.393117459677418, "ci_high": 3.5053150403225803}, "-1": {"beta": 0.0, "ci_low": 0.0, "ci_high": 0.0}, "0": {"beta": 0.4431191261082823, "ci_low": -2.6870498738917172, "ci_high": 3.573288126108282}, "1": {"beta": 0.13435030452475516, "ci_low": -3.6447160452205756, "ci_high": 3.913416654270086}, "2": {"beta": 3.0543729382232403, "ci_low": 0.2643694157690071, "ci_high": 5.8443764606774735}, "3": {"beta": 3.4313341494891443, "ci_low": -0.40011739010029856, "ci_high": 7.262785689078587}, "4": {"beta": 5.07380653927069, "ci_low": 1.621114402173916, "ci_high": 8.526498676367464}, "5": {"beta": 6.147034730222735, "ci_low": 1.8334312927227359, "ci_high": 10.460638167722735}, "6": {"beta": 7.075867133820678, "ci_low": 0.9326152351530759, "ci_high": 13.21911903248828}, "7": {"beta": 4.36295362903226, "ci_low": 0.5504502956989272, "ci_high": 8.175456962365594}}}, "PM2.5": {"coefficients": {"-12": {"beta": 1.153519713261649, "ci_low": -0.39497828673835067, "ci_high": 2.7020177132616485}, "-11": {"beta": 1.3628830645161294, "ci_low": -0.18426822580645097, "ci_high": 2.91003435483871}, "-10": {"beta": 3.30643340373784, "ci_low": 0.2389809037378403, "ci_high": 6.37388590373784}, "-9": {"beta": 1.184049471797775, "ci_low": -1.1695351249764188, "ci_high": 3.5376340685719687}, "-8": {"beta": 0.02746551610882264, "ci_low": -2.22883224280459, "ci_high": 2.283763275022235}, "-7": {"beta": -0.6835291351154211, "ci_low": -3.554384447615421, "ci_high": 2.1873261773845787}, "-6": {"beta": -0.49552492402991977, "ci_low": -2.5077146487844777, "ci_high": 1.5166648007246382}, "-5": {"beta": -0.35366023313211237, "ci_low": -2.126002483132112, "ci_high": 1.4186820168678873}, "-4": {"beta": -0.9198939568495996, "ci_low": -3.1281551152073708, "ci_high": 1.2883672015081715}, "-3": {"beta": -0.8310184811827934, "ci_low": -3.8149143145161264, "ci_high": 2.1528773521505395}, "-2": {"beta": -0.31664986559139763, "ci_low": -2.8589931317204296, "ci_high": 2.2256934005376343}, "-1": {"beta": 0.0, "ci_low": 0.0, "ci_high": 0.0}, "0": {"beta": 0.12519591940200048, "ci_low": -1.4772694555979995, "ci_high": 1.7276612944020004}, "1": {"beta": 0.04197694168216515, "ci_low": -2.3261849055164765, "ci_high": 2.410138788880807}, "2": {"beta": 1.0834290382854994, "ci_low": -0.15886274495248687, "ci_high": 2.3257208215234857}, "3": {"beta": 2.0948887726168817, "ci_low": -0.4698841603202992, "ci_high": 4.659661705554063}, "4": {"beta": 1.884661640953718, "ci_low": 0.138465632889202, "ci_high": 3.630857649018234}, "5": {"beta": 1.805721846198158, "ci_low": -0.11863502880184185, "ci_high": 3.730078721198158}, "6": {"beta": 2.3746681561965737, "ci_low": -0.8605135478707471, "ci_high": 5.609849860263894}, "7": {"beta": 1.8704849910394277, "ci_low": 0.08308457437276107, "ci_high": 3.657885407706094}}}, "ICA": {"coefficients": {"-12": {"beta": 3.962455197132618, "ci_low": -0.8150448028673818, "ci_high": 8.739955197132618}, "-11": {"beta": 3.091733870967742, "ci_low": -1.3611411290322568, "ci_high": 7.544608870967741}, "-10": {"beta": 7.556899641577061, "ci_low": -0.34782119175627013, "ci_high": 15.461620474910394}, "-9": {"beta": 1.4008736559139763, "ci_low": -5.173029569892475, "ci_high": 7.974776881720428}, "-8": {"beta": -0.3662634408602159, "ci_low": -6.63589247311828, "ci_high": 5.903365591397848}, "-7": {"beta": -3.0008880568356346, "ci_low": -10.644450556835634, "ci_high": 4.642674443164365}, "-6": {"beta": -2.1620354137447393, "ci_low": -7.989659361851332, "ci_high": 3.665588534361853}, "-5": {"beta": 0.01679547491039557, "ci_low": -4.931387858422937, "ci_high": 4.964978808243728}, "-4": {"beta": -2.0453629032258043, "ci_low": -7.892169354838707, "ci_high": 3.8014435483870983}, "-3": {"beta": -2.1576836917562723, "ci_low": -9.877225358422937, "ci_high": 5.561857974910393}, "-2": {"beta": -0.691868279569892, "ci_low": -7.2869126344086, "ci_high": 5.903176075268816}, "-1": {"beta": 0.0, "ci_low": 0.0, "ci_high": 0.0}, "0": {"beta": 1.053427419354838, "ci_low": -3.4145559139784947, "ci_high": 5.521410752688171}, "1": {"beta": 0.4611895161290285, "ci_low": -5.83214919354839, "ci_high": 6.754528225806447}, "2": {"beta": 2.925106163316192, "ci_low": -1.1838190178432288, "ci_high": 7.034031344475613}, "3": {"beta": 5.804435483870964, "ci_low": -1.3228911290322598, "ci_high": 12.93176209677419}, "4": {"beta": 4.816736792893874, "ci_low": -0.9980615942028992, "ci_high": 10.631535179990646}, "5": {"beta": 6.137876824116741, "ci_low": -0.15512317588325697, "ci_high": 12.43087682411674}, "6": {"beta": 9.501890479472973, "ci_low": -0.023455242827164824, "ci_high": 19.02723620177311}, "7": {"beta": 5.544002816180237, "ci_low": 0.11025281618023719, "ci_high": 10.977752816180237}}}}