{"NO2": {"coefficients": {"-12": {"beta": 5.364196129126207, "ci_low": 3.7753094641551597, "ci_high": 6.996812161532603}, "-11": {"beta": 0.7376991718418342, "ci_low": -0.7422257584658571, "ci_high": 2.3803839055220983}, "-10": {"beta": -3.5752808155462663, "ci_low": -5.205377399335317, "ci_high": -1.8169058254246508}, "-9": {"beta": -4.135588600942462, "ci_low": -5.930260922769484, "ci_high": -2.0854321537478846}, "-8": {"beta": -2.2301913745144892, "ci_low": -4.2268911459979535, "ci_high": 0.03509770180086223}, "-7": {"beta": -4.840572827867667, "ci_low": -6.495159593345294, "ci_high": -3.0429501372772436}, "-6": {"beta": -1.514680484728651, "ci_low": -3.4499466848783054, "ci_high": 0.40406550069547253}, "-5": {"beta": 1.3605451513093443, "ci_low": -0.3466259485069652, "ci_high": 3.1494476481404288}, "-4": {"beta": 1.713532711003696, "ci_low": 0.14466428037325355, "ci_high": 3.3997770489746517}, "-3": {"beta": 0.39142369043932046, "ci_low": -1.490113644176467, "ci_high": 2.455451677154797}, "-2": {"beta": 2.02275204030376, "ci_low": 0.4095479231644701, "ci_high": 3.7308773351142004}, "-1": {"beta": 0.0, "ci_low": 0.0, "ci_high": 0.0}, "0": {"beta": 0.5085141043339925, "ci_low": -1.0427985789111913, "ci_high": 2.162269553434552}, "1": {"beta": -0.8564427487772652, "ci_low": -2.237667772388539, "ci_high": 0.7543798617154862}, "2": {"beta": 0.18205825666487985, "ci_low": -1.4150911158385364, "ci_high": 1.987019006742238}, "3": {"beta": 2.0959270200833138, "ci_low": 0.6546949599805714, "ci_high": 3.756945912793039}, "4": {"beta": -3.698492259634497, "ci_low": -5.1637666781918155, "ci_high": -2.013450227497332}, "5": {"beta": -0.9912270905429084, "ci_low": -2.7637171901708437, "ci_high": 0.9137155517146838}, "6": {"beta": -0.6641055558076847, "ci_low": -2.126080997705014, "ci_high": 0.9944634473804742}, "7": {"beta": 0.1918761388777348, "ci_low": -1.2393535056346427, "ci_high": 1.831710938158544}, "8": {"beta": -0.6635482497467529, "ci_low": -2.068664057412129, "ci_high": 0.8871614784259089}, "9": {"beta": 0.3353693000090505, "ci_low": -1.0164912105538584, "ci_high": 1.90949479390837}}}, "PM10": {"coefficients": {"-12": {"beta": 1.1188841845878132, "ci_low": 0.8071997311827955, "ci_high": 1.444107168458781}, "-11": {"beta": 1.4890490591397845, "ci_low": 1.0973222446236557, "ci_high": 2.0165255376344082}, "-10": {"beta": 4.157101446492575, "ci_low": 3.481935068644393, "ci_high": 4.920674603974654}, "-9": {"beta": 1.5202527235427266, "ci_low": 0.44429348383559675, "ci_high": 2.585457426959535}, "-8": {"beta": -0.374131686743742, "ci_low": -0.979644035534064, "ci_high": 0.1634154298296131}, "-7": {"beta": -1.450027777595384, "ci_low": -2.103445507247616, "ci_high": -0.8684197513853369}, "-6": {"beta": -1.2489609630668537, "ci_low": -1.6956129726215523, "ci_high": -0.8337221942204297}, "-5": {"beta": -0.5378031082971767, "ci_low": -1.2132595622877755, "ci_high": 0.24034929928708348}, "-4": {"beta": -0.9806910696830052, "ci_low": -1.6313542299434425, "ci_high": -0.3077930183895413}, "-3": {"beta": -1.062160954301075, "ci_low": -1.4946438116039433, "ci_high": -0.6477381552419352}, "-2": {"beta": -0.4439012096774198, "ci_low": -0.7813452620967754, "ci_high": -0.06147866263440893}, "-1": {"beta": 0.0, "ci_low": 0.0, "ci_high": 0.0}, "0": {"beta": 0.4431191261082811, "ci_low": -0.17993490771198836, "ci_high": 1.2525822718001323}, "1": {"beta": 0.13435030452475283, "ci_low": -0.482970493058924, "ci_high": 0.7584221661765287}, "2": {"beta": 3.054372938223238, "ci_low": 1.879112928692843, "ci_high": 4.276077954256605}, "3": {"beta": 3.431334149489142, "ci_low": 2.812937232086428, "ci_high": 4.069797033191941}, "4": {"beta": 5.073806539270686, "ci_low": 4.123643886600047, "ci_high": 6.302742191152404}, "5": {"beta": 6.147034730222735, "ci_low": 4.993238725278419, "ci_high": 7.263259693620392}, "6": {"beta": 7.075867133820674, "ci_low": 5.670411595663863, "ci_high": 8.610348822817942}, "7": {"beta": 8.274700156810034, "ci_low": 6.436898459901435, "ci_high": 10.180230986783153}, "8": {"beta": 4.257842741935484, "ci_low": 3.1236097110215053, "ci_high": 5.692265709005373}, "9": {"beta": 2.536748767921147, "ci_low": 2.087347863463261, "ci_high": 2.998231490815412}}}, "PM2.5": {"coefficients": {"-12": {"beta": 1.153519713261649, "ci_low": 0.9577582045250894, "ci_high": 1.3586811603942655}, "-11": {"beta": 1.3628830645161292, "ci_low": 1.1153918010752695, "ci_high": 1.667247059811828}, "-10": {"beta": 3.306433403737839, "ci_low": 2.794607002848183, "ci_high": 3.815220440508193}, "-9": {"beta": 1.184049471797774, "ci_low": 0.4415598118279572, "ci_high": 1.955680408177701}, "-8": {"beta": 0.02746551610882081, "ci_low": -0.40133597590245756, "ci_high": 0.432414105260632}, "-7": {"beta": -0.683529135115421, "ci_low": -1.193002120151169, "ci_high": -0.24763434304872953}, "-6": {"beta": -0.4955249240299209, "ci_low": -0.8132087716222541, "ci_high": -0.207285256691211}, "-5": {"beta": -0.35366023313211303, "ci_low": -0.7054185731760515, "ci_high": -0.011252356041312032}, "-4": {"beta": -0.9198939568496013, "ci_low": -1.2983606689009901, "ci_high": -0.5679909034178184}, "-3": {"beta": -0.8310184811827951, "ci_low": -1.1341957969310026, "ci_high": -0.5326396981406806}, "-2": {"beta": -0.31664986559139796, "ci_low": -0.6035163810483873, "ci_high": -0.029282342069892373}, "-1": {"beta": 0.0, "ci_low": 0.0, "ci_high": 0.0}, "0": {"beta": 0.12519591940199987, "ci_low": -0.17628738127240112, "ci_high": 0.4218097873927089}, "1": {"beta": 0.04197694168216276, "ci_low": -0.2626648473502299, "ci_high": 0.3538232094011913}, "2": {"beta": 1.083429038285498, "ci_low": 0.7130386518628732, "ci_high": 1.563000091651425}, "3": {"beta": 2.094888772616882, "ci_low": 1.682275042550655, "ci_high": 2.5640593774967533}, "4": {"beta": 1.8846616409537167, "ci_low": 1.4118034420289856, "ci_high": 2.4607227713008415}, "5": {"beta": 1.8057218461981566, "ci_low": 1.3662073192684332, "ci_high": 2.2708745829733106}, "6": {"beta": 2.374668156196571, "ci_low": 2.038388610331931, "ci_high": 2.7474095923188395}, "7": {"beta": 1.694866935483871, "ci_low": 1.414902853382617, "ci_high": 1.97266658546147}, "8": {"beta": 1.2936223118279573, "ci_low": 1.0572072412634415, "ci_high": 1.5443973454301079}, "9": {"beta": 1.2842391577060934, "ci_low": 1.0407464202508965, "ci_high": 1.560783012992831}}}, "ICA": {"coefficients": {"-12": {"beta": 3.9624551971326167, "ci_low": 3.3677290546594993, "ci_high": 4.606051187275985}, "-11": {"beta": 3.091733870967743, "ci_low": 2.2561743951612905, "ci_high": 3.9964213709677425}, "-10": {"beta": 7.5568996415770595, "ci_low": 5.799495407706091, "ci_high": 9.204469646057344}, "-9": {"beta": 1.400873655913979, "ci_low": -0.5686911962365585, "ci_high": 3.338793682795698}, "-8": {"beta": -0.36626344086021456, "ci_low": -1.5727150537634385, "ci_high": 0.8377856182795715}, "-7": {"beta": -3.000888056835636, "ci_low": -4.286188166042624, "ci_high": -1.6570256996447756}, "-6": {"beta": -2.162035413744739, "ci_low": -3.1972464498597453, "ci_high": -1.2654401881720407}, "-5": {"beta": 0.01679547491039557, "ci_low": -1.3898678315412176, "ci_high": 1.5893911010304678}, "-4": {"beta": -2.0453629032258056, "ci_low": -3.2491095430107535, "ci_high": -0.9243111559139774}, "-3": {"beta": -2.157683691756272, "ci_low": -2.9778057795698913, "ci_high": -1.2482112455197145}, "-2": {"beta": -0.6918682795698914, "ci_low": -1.6116767473118265, "ci_high": 0.1885332661290331}, "-1": {"beta": 0.0, "ci_low": 0.0, "ci_high": 0.0}, "0": {"beta": 1.0534274193548392, "ci_low": 0.08779345878136302, "ci_high": 2.058074596774193}, "1": {"beta": 0.46118951612903214, "ci_low": -0.5543262768817219, "ci_high": 1.6787676411290318}, "2": {"beta": 2.925106163316192, "ci_low": 1.4137867675705174, "ci_high": 4.778283064029141}, "3": {"beta": 5.804435483870968, "ci_low": 3.8107442876344093, "ci_high": 8.20124327956989}, "4": {"beta": 4.816736792893876, "ci_low": 2.902836825035064, "ci_high": 7.2731317934782584},