{"NO2": {"coefficients": {"-12": {"beta": 5.364196129126207, "ci_low": 3.7753094641551597, "ci_high": 6.996812161532603}, "-11": {"beta": 0.7376991718418342, "ci_low": -0.7422257584658571, "ci_high": 2.3803839055220983}, "-10": {"beta": -3.5752808155462663, "ci_low": -5.205377399335317, "ci_high": -1.8169058254246508}, "-9": {"beta": -4.135588600942462, "ci_low": -5.930260922769484, "ci_high": -2.0854321537478846}, "-8": {"beta": -2.2301913745144892, "ci_low": -4.2268911459979535, "ci_high": 0.03509770180086223}, "-7": {"beta": -4.840572827867667, "ci_low": -6.495159593345294, "ci_high": -3.0429501372772436}, "-6": {"beta": -1.514680484728651, "ci_low": -3.4499466848783054, "ci_high": 0.40406550069547253}, "-5": {"beta": 1.3605451513093443, "ci_low": -0.3466259485069652, "ci_high": 3.1494476481404288}, "-4": {"beta": 1.713532711003696, "ci_low": 0.14466428037325355, "ci_high": 3.3997770489746517}, "-3": {"beta": 0.39142369043932046, "ci_low": -1.490113644176467, "ci_high": 2.455451677154797}, "-2": {"beta": 2.02275204030376, "ci_low": 0.4095479231644701, "ci_high": 3.7308773351142004}, "-1": {"beta": 0.0, "ci_low": 0.0, "ci_high": 0.0}, "0": {"beta": 0.5085141043339925, "ci_low": -1.0427985789111913, "ci_high": 2.162269553434552}, "1": {"beta": -0.8564427487772652, "ci_low": -2.237667772388539, "ci_high": 0.7543798617154862}, "2": {"beta": 0.18205825666487985, "ci_low": -1.4150911158385364, "ci_high": 1.987019006742238}, "3": {"beta": 2.0959270200833138, "ci_low": 0.6546949599805714, "ci_high": 3.756945912793039}, "4": {"beta": -3.698492259634497, "ci_low": -5.1637666781918155, "ci_high": -2.013450227497332}, "5": {"beta": -0.9912270905429084, "ci_low": -2.7637171901708437, "ci_high": 0.9137155517146838}, "6": {"beta": -0.6641055558076847, "ci_low": -2.126080997705014, "ci_high": 0.9944634473804742}, "7": {"beta": 0.1918761388777348, "ci_low": -1.2393535056346427, "ci_high": 1.831710938158544}, "8": {"beta": -0.6635482497467529, "ci_low": -2.068664057412129, "ci_high": 0.8871614784259089}, "9": {"beta": -1.3974642905712866, "ci_low": -3.7130246472363067, "ci_high": 0.6853703995767157}}}, "PM10": {"coefficients": {"-12": {"beta": 1.1188841845878132, "ci_low": 0.8163033546146964, "ci_high": 1.419655555555556}, "-11": {"beta": 1.4890490591397845, "ci_low": 1.068024025537635, "ci_high": 1.9480840053763446}, "-10": {"beta": 4.157101446492575, "ci_low": 3.4733597622247827, "ci_high": 4.891756458013312}, "-9": {"beta": 1.5202527235427266, "ci_low": 0.4158857217388229, "ci_high": 2.6655635434352}, "-8": {"beta": -0.374131686743742, "ci_low": -0.9566816724270363, "ci_high": 0.19762124060150218}, "-7": {"beta": -1.450027777595384, "ci_low": -2.065883917589864, "ci_high": -0.8882589866350927}, "-6": {"beta": -1.2489609630668537, "ci_low": -1.666720075823983, "ci_high": -0.8294002710086489}, "-5": {"beta": -0.5378031082971767, "ci_low": -1.2326042000330126, "ci_high": 0.28156764867477707}, "-4": {"beta": -0.9806910696830052, "ci_low": -1.6695562105065636, "ci_high": -0.31052624349776686}, "-3": {"beta": -1.062160954301075, "ci_low": -1.4998484374999992, "ci_high": -0.6338201836917559}, "-2": {"beta": -0.4439012096774198, "ci_low": -0.8015862735215057, "ci_high": -0.09159433803763424}, "-1": {"beta": 0.0, "ci_low": 0.0, "ci_high": 0.0}, "0": {"beta": 0.4431191261082811, "ci_low": -0.1748406210797496, "ci_high": 1.1805813906574227}, "1": {"beta": 0.13435030452475283, "ci_low": -0.4909220454530137, "ci_high": 0.769458741022584}, "2": {"beta": 3.054372938223238, "ci_low": 1.7877674928723253, "ci_high": 4.3292923015953}, "3": {"beta": 3.431334149489142, "ci_low": 2.830160912494852, "ci_high": 4.115176287646046}, "4": {"beta": 5.073806539270686, "ci_low": 4.0113748356416545, "ci_high": 6.348157594086018}, "5": {"beta": 6.147034730222735, "ci_low": 5.081365339381719, "ci_high": 7.289404848910329}, "6": {"beta": 7.075867133820674, "ci_low": 5.771277707895044, "ci_high": 8.65593712833985}, "7": {"beta": 8.274700156810034, "ci_low": 6.4524410506272405, "ci_high": 10.154064146505375}, "8": {"beta": 4.257842741935484, "ci_low": 3.1230900537634407, "ci_high": 5.85479250672043}, "9": {"beta": 3.6349649671132167, "ci_low": 2.855089574038586, "ci_high": 4.442526791543743}}}, "PM2.5": {"coefficients": {"-12": {"beta": 1.153519713261649, "ci_low": 0.953124372759857, "ci_high": 1.3600054715501793}, "-11": {"beta": 1.3628830645161292, "ci_low": 1.0931253360215059, "ci_high": 1.6550231014784949}, "-10": {"beta": 3.306433403737839, "ci_low": 2.807583034114183, "ci_high": 3.7954071596582173}, "-9": {"beta": 1.184049471797774, "ci_low": 0.4421487941544046, "ci_high": 1.9036373591067721}, "-8": {"beta": 0.02746551610882081, "ci_low": -0.44064244715872347, "ci_high": 0.40978613147030896}, "-7": {"beta": -0.683529135115421, "ci_low": -1.19959607453267, "ci_high": -0.20205552570225177}, "-6": {"beta": -0.4955249240299209, "ci_low": -0.7933862311535764, "ci_high": -0.20189506998013118}, "-5": {"beta": -0.35366023313211303, "ci_low": -0.7307036275879548, "ci_high": 0.007045062439084002}, "-4": {"beta": -0.9198939568496013, "ci_low": -1.2890492075129165, "ci_high": -0.5604363599270348}, "-3": {"beta": -0.8310184811827951, "ci_low": -1.1203652553763437, "ci_high": -0.5299684363799283}, "-2": {"beta": -0.31664986559139796, "ci_low": -0.5866869959677424, "ci_high": -0.03186013104838698}, "-1": {"beta": 0.0, "ci_low": 0.0, "ci_high": 0.0}, "0": {"beta": 0.12519591940199987, "ci_low": -0.18066906642025068, "ci_high": 0.4070755529617052}, "1": {"beta": 0.04197694168216276, "ci_low": -0.26155205457359787, "ci_high": 0.340361195453351}, "2": {"beta": 1.083429038285498, "ci_low": 0.7264255788835576, "ci_high": 1.5426848052867215}, "3": {"beta": 2.094888772616882, "ci_low": 1.715669021461899, "ci_high": 2.5580614498714347}, "4": {"beta": 1.8846616409537167, "ci_low": 1.4297281147732588, "ci_high": 2.4632409274193545}, "5": {"beta": 1.8057218461981566, "ci_low": 1.377798357094854, "ci_high": 2.2581089399721583}, "6": {"beta": 2.374668156196571, "ci_low": 2.026609921943097, "ci_high": 2.7859028623097535}, "7": {"beta": 1.694866935483871, "ci_low": 1.4285236251120075, "ci_high": 1.9808478214605743}, "8": {"beta": 1.2936223118279573, "ci_low": 1.049164146505377, "ci_high": 1.5462000168010754}, "9": {"beta": 1.4007691718656803, "ci_low": 1.1629810589916738, "ci_high": 1.64716626112347}}}, "ICA": {"coefficients": {"-12": {"beta": 3.9624551971326167, "ci_low": 3.377332549283154, "ci_high": 4.552723454301075}, "-11": {"beta": 3.091733870967743, "ci_low": 2.215305779569894, "ci_high": 3.9877772177419373}, "-10": {"beta": 7.5568996415770595, "ci_low": 5.892581205197132, "ci_high": 9.125651881720428}, "-9": {"beta": 1.400873655913979, "ci_low": -0.3611643145161296, "ci_high": 3.318439180107527}, "-8": {"beta": -0.36626344086021456, "ci_low": -1.566885080645161, "ci_high": 0.8628276209677416}, "-7": {"beta": -3.000888056835636, "ci_low": -4.354777655769966, "ci_high": -1.678131300403226}, "-6": {"beta": -2.162035413744739, "ci_low": -3.1585097446236547, "ci_high": -1.2038193226975207}, "-5": {"beta": 0.01679547491039557, "ci_low": -1.4417545922939061, "ci_high": 1.485374663978495}, "-4": {"beta": -2.0453629032258056, "ci_low": -3.2092741935483837, "ci_high": -0.8598370295698918}, "-3": {"beta": -2.157683691756272, "ci_low": -3.032435595878137, "ci_high": -1.2864574932795676}, "-2": {"beta": -0.6918682795698914, "ci_low": -1.5778141801075267, "ci_high": 0.11294522849462396}, "-1": {"beta": 0.0, "ci_low": 0.0, "ci_high": 0.0}, "0": {"beta": 1.0534274193548392, "ci_low": 0.143195284498209, "ci_high": 2.062628528225805}, "1": {"beta": 0.46118951612903214, "ci_low": -0.535920698924732, "ci_high": 1.5985005040322582}, "2": {"beta": 2.925106163316192, "ci_low": 1.4195877283972267, "ci_high": 4.504877802614151}, "3": {"beta": 5.804435483870968, "ci_low": 3.9025117607526876, "ci_high": 8.288608870967739}, "4": {"beta": 4.816736792893876, "ci_low": 2.8531173299438994, "ci_high": 7.096719407433381},