{"NO2": {"coefficients": {"-12": {"beta": 5.364196129126207, "ci_low": 3.7753094641551597, "ci_high": 6.996812161532603}, "-11": {"beta": 0.7376991718418342, "ci_low": -0.7422257584658571, "ci_high": 2.3803839055220983}, "-10": {"beta": -3.5752808155462663, "ci_low": -5.205377399335317, "ci_high": -1.8169058254246508}, "-9": {"beta": -4.135588600942462, "ci_low": -5.930260922769484, "ci_high": -2.0854321537478846}, "-8": {"beta": -2.2301913745144892, "ci_low": -4.2268911459979535, "ci_high": 0.03509770180086223}, "-7": {"beta": -4.840572827867667, "ci_low": -6.495159593345294, "ci_high": -3.0429501372772436}, "-6": {"beta": -1.514680484728651, "ci_low": -3.4499466848783054, "ci_high": 0.40406550069547253}, "-5": {"beta": 1.3605451513093443, "ci_low": -0.3466259485069652, "ci_high": 3.1494476481404288}, "-4": {"beta": 1.713532711003696, "ci_low": 0.14466428037325355, "ci_high": 3.3997770489746517}, "-3": {"beta": 0.39142369043932046, "ci_low": -1.490113644176467, "ci_high": 2.455451677154797}, "-2": {"beta": 2.02275204030376, "ci_low": 0.4095479231644701, "ci_high": 3.7308773351142004}, "-1": {"beta": 0.0, "ci_low": 0.0, "ci_high": 0.0}, "0": {"beta": 0.5085141043339925, "ci_low": -1.0427985789111913, "ci_high": 2.162269553434552}, "1": {"beta": -0.8564427487772652, "ci_low": -2.237667772388539, "ci_high": 0.7543798617154862}, "2": {"beta": 0.18205825666487985, "ci_low": -1.4150911158385364, "ci_high": 1.987019006742238}, "3": {"beta": 2.0959270200833138, "ci_low": 0.6546949599805714, "ci_high": 3.756945912793039}, "4": {"beta": -3.698492259634497, "ci_low": -5.1637666781918155, "ci_high": -2.013450227497332}, "5": {"beta": -0.9912270905429084, "ci_low": -2.7637171901708437, "ci_high": 0.9137155517146838}, "6": {"beta": -0.6641055558076847, "ci_low": -2.126080997705014, "ci_high": 0.9944634473804742}, "7": {"beta": 0.1918761388777348, "ci_low": -1.2393535056346427, "ci_high": 1.831710938158544}, "8": {"beta": -0.6635482497467529, "ci_low": -2.068664057412129, "ci_high": 0.8871614784259089}, "9": {"beta": -1.254948123704519, "ci_low": -3.4404250465958914, "ci_high": 0.7993120603970156}, "10": {"beta": -0.803777974913179, "ci_low": -2.4811610079785367, "ci_high": 1.089984318395989}}}, "PM10": {"coefficients": {"-12": {"beta": 1.1188841845878132, "ci_low": 0.8099827340949818, "ci_high": 1.4199361335125449}, "-11": {"beta": 1.4890490591397845, "ci_low": 1.0710852654569891, "ci_high": 1.984502100134409}, "-10": {"beta": 4.157101446492575, "ci_low": 3.4716317916346644, "ci_high": 4.816303072996671}, "-9": {"beta": 1.5202527235427266, "ci_low": 0.38203079902376863, "ci_high": 2.65870339470147}, "-8": {"beta": -0.374131686743742, "ci_low": -0.9588652976527341, "ci_high": 0.21102863871708735}, "-7": {"beta": -1.450027777595384, "ci_low": -2.0673876187513085, "ci_high": -0.8969398389476093}, "-6": {"beta": -1.2489609630668537, "ci_low": -1.646812653401122, "ci_high": -0.8254941013616177}, "-5": {"beta": -0.5378031082971767, "ci_low": -1.206133766850201, "ci_high": 0.2709281571676726}, "-4": {"beta": -0.9806910696830052, "ci_low": -1.631297012463342, "ci_high": -0.34389107666527186}, "-3": {"beta": -1.062160954301075, "ci_low": -1.4692778533826163, "ci_high": -0.6833945116487454}, "-2": {"beta": -0.4439012096774198, "ci_low": -0.8531198756720428, "ci_high": -0.04805880376344176}, "-1": {"beta": 0.0, "ci_low": 0.0, "ci_high": 0.0}, "0": {"beta": 0.4431191261082811, "ci_low": -0.1845594466845889, "ci_high": 1.2001948993704012}, "1": {"beta": 0.13435030452475283, "ci_low": -0.49243960308196505, "ci_high": 0.8099740004412896}, "2": {"beta": 3.054372938223238, "ci_low": 1.830978179231657, "ci_high": 4.326249897188509}, "3": {"beta": 3.431334149489142, "ci_low": 2.8687485573982445, "ci_high": 4.045581194891941}, "4": {"beta": 5.073806539270686, "ci_low": 3.9824556013323984, "ci_high": 6.210639887213649}, "5": {"beta": 6.147034730222735, "ci_low": 5.0106962275585625, "ci_high": 7.270474276353685}, "6": {"beta": 7.075867133820674, "ci_low": 5.719889787868162, "ci_high": 8.624856892513845}, "7": {"beta": 8.274700156810034, "ci_low": 6.51938525985663, "ci_high": 10.244090532594084}, "8": {"beta": 4.257842741935484, "ci_low": 3.084958333333334, "ci_high": 5.791139280913978}, "9": {"beta": 3.5550853470274264, "ci_low": 2.8042080292095206, "ci_high": 4.433231950166549}, "10": {"beta": 2.7220066828624865, "ci_low": 2.3154299029920526, "ci_high": 3.1368611430783733}}}, "PM2.5": {"coefficients": {"-12": {"beta": 1.153519713261649, "ci_low": 0.9478997087813622, "ci_high": 1.383112763216846}, "-11": {"beta": 1.3628830645161292, "ci_low": 1.1139253192204301, "ci_high": 1.672200016801075}, "-10": {"beta": 3.306433403737839, "ci_low": 2.773994146025345, "ci_high": 3.8415344502048123}, "-9": {"beta": 1.184049471797774, "ci_low": 0.4850330981182803, "ci_high": 1.9248376028697411}, "-8": {"beta": 0.02746551610882081, "ci_low": -0.3954433563748076, "ci_high": 0.41344333628931185}, "-7": {"beta": -0.683529135115421, "ci_low": -1.1969322166618657, "ci_high": -0.19081891462415804}, "-6": {"beta": -0.4955249240299209, "ci_low": -0.7868370441795232, "ci_high": -0.19775814121668994}, "-5": {"beta": -0.35366023313211303, "ci_low": -0.707253344475099, "ci_high": 0.00391685800242151}, "-4": {"beta": -0.9198939568496013, "ci_low": -1.3111692926529102, "ci_high": -0.5879574943705473}, "-3": {"beta": -0.8310184811827951, "ci_low": -1.155617599126344, "ci_high": -0.5037973426299281}, "-2": {"beta": -0.31664986559139796, "ci_low": -0.5979576612903234, "ci_high": -0.033361055107526856}, "-1": {"beta": 0.0, "ci_low": 0.0, "ci_high": 0.0}, "0": {"beta": 0.12519591940199987, "ci_low": -0.1655925713898319, "ci_high": 0.43413495110002853}, "1": {"beta": 0.04197694168216276, "ci_low": -0.2525197988671265, "ci_high": 0.31840802362930165}, "2": {"beta": 1.083429038285498, "ci_low": 0.680126822372003, "ci_high": 1.5078830114378556}, "3": {"beta": 2.094888772616882, "ci_low": 1.6616065531993656, "ci_high": 2.601536255411255}, "4": {"beta": 1.8846616409537167, "ci_low": 1.4131251095722304, "ci_high": 2.440338819249649}, "5": {"beta": 1.8057218461981566, "ci_low": 1.4044696320564516, "ci_high": 2.289572976670507}, "6": {"beta": 2.374668156196571, "ci_low": 2.0218991505058987, "ci_high": 2.76056248183233}, "7": {"beta": 1.694866935483871, "ci_low": 1.4265620015681004, "ci_high": 1.963561841957886}, "8": {"beta": 1.2936223118279573, "ci_low": 1.0780015120967743, "ci_high": 1.5602679771505377}, "9": {"beta": 1.3868640671263832, "ci_low": 1.1643029812168855, "ci_high": 1.6153715946168385}, "10": {"beta": 1.3431298754424636, "ci_low": 1.1057603536365461, "ci_high": 1.6025201534637352}}}, "ICA": {"coefficients": {"-12": {"beta": 3.9624551971326167, "ci_low": 3.3737942428315413, "ci_high": 4.589016577060931}, "-11": {"beta": 3.091733870967743, "ci_low": 2.272689852150538, "ci_high": 3.9610719086021513}, "-10": {"beta": 7.5568996415770595, "ci_low": 6.065235215053762, "ci_high": 9.141791554659497}, "-9": {"beta": 1.400873655913979, "ci_low": -0.42817540322580755, "ci_high": 3.3046875000000013}, "-8": {"beta": -0.36626344086021456, "ci_low": -1.5873067876344082, "ci_high": 0.8753780241935483}, "-7": {"beta": -3.000888056835636, "ci_low": -4.375039152505758, "ci_high": -1.644871921802994}, "-6": {"beta": -2.162035413744739, "ci_low": -3.18292572463768, "ci_high": -1.1570579125759697}, "-5": {"beta": 0.01679547491039557, "ci_low": -1.4671284162186389, "ci_high": 1.598296230958782}, "-4": {"beta": -2.0453629032258056, "ci_low": -3.2628276209677396, "ci_high": -0.9787802419354859}, "-3": {"beta": -2.157683691756272, "ci_low": -2.955384184587814, "ci_high": -1.3275145609318997}, "-2": {"beta": -0.6918682795698914, "ci_low": -1.5655409946236545, "ci_high": 0.1879368279569893}, "-1": {"beta": 0.0, "ci_low": 0.0, "ci_high": 0.0}, "0": {"beta": 1.0534274193548392, "ci_low": 0.07976926523297567, "ci_high": 1.973956373207886}, "1": {"beta": 0.46118951612903214, "ci_low": -0.7012096774193551, "ci_high": 1.5231686827956992},