{"NO2": {"coefficients": {"-12": {"beta": 5.364196129126207, "ci_low": 3.7753094641551597, "ci_high": 6.996812161532603}, "-11": {"beta": 0.7376991718418342, "ci_low": -0.7422257584658571, "ci_high": 2.3803839055220983}, "-10": {"beta": -3.5752808155462663, "ci_low": -5.205377399335317, "ci_high": -1.8169058254246508}, "-9": {"beta": -4.135588600942462, "ci_low": -5.930260922769484, "ci_high": -2.0854321537478846}, "-8": {"beta": -2.2301913745144892, "ci_low": -4.2268911459979535, "ci_high": 0.03509770180086223}, "-7": {"beta": -4.840572827867667, "ci_low": -6.495159593345294, "ci_high": -3.0429501372772436}, "-6": {"beta": -1.514680484728651, "ci_low": -3.4499466848783054, "ci_high": 0.40406550069547253}, "-5": {"beta": 1.3605451513093443, "ci_low": -0.3466259485069652, "ci_high": 3.1494476481404288}, "-4": {"beta": 1.713532711003696, "ci_low": 0.14466428037325355, "ci_high": 3.3997770489746517}, "-3": {"beta": 0.39142369043932046, "ci_low": -1.490113644176467, "ci_high": 2.455451677154797}, "-2": {"beta": 2.02275204030376, "ci_low": 0.4095479231644701, "ci_high": 3.7308773351142004}, "-1": {"beta": 0.0, "ci_low": 0.0, "ci_high": 0.0}, "0": {"beta": 0.5085141043339925, "ci_low": -1.0427985789111913, "ci_high": 2.162269553434552}, "1": {"beta": -0.8564427487772652, "ci_low": -2.237667772388539, "ci_high": 0.7543798617154862}, "2": {"beta": 0.18205825666487985, "ci_low": -1.4150911158385364, "ci_high": 1.987019006742238}, "3": {"beta": 2.0959270200833138, "ci_low": 0.6546949599805714, "ci_high": 3.756945912793039}, "4": {"beta": -3.698492259634497, "ci_low": -5.1637666781918155, "ci_high": -2.013450227497332}, "5": {"beta": -0.9912270905429084, "ci_low": -2.7637171901708437, "ci_high": 0.9137155517146838}, "6": {"beta": -0.6641055558076847, "ci_low": -2.126080997705014, "ci_high": 0.9944634473804742}, "7": {"beta": 0.1918761388777348, "ci_low": -1.2393535056346427, "ci_high": 1.831710938158544}, "8": {"beta": -0.6635482497467529, "ci_low": -2.068664057412129, "ci_high": 0.8871614784259089}, "9": {"beta": -1.2548230943750525, "ci_low": -3.4392651865372583, "ci_high": 0.7989823414092746}, "10": {"beta": -0.7500537223021795, "ci_low": -3.9269721349864994, "ci_high": 2.1240831905478714}}}, "PM10": {"coefficients": {"-12": {"beta": 1.1188841845878132, "ci_low": 0.8079405689964144, "ci_high": 1.4095484543010748}, "-11": {"beta": 1.4890490591397845, "ci_low": 1.090159190188171, "ci_high": 1.9954101982526868}, "-10": {"beta": 4.157101446492575, "ci_low": 3.468309373399897, "ci_high": 4.836448672715052}, "-9": {"beta": 1.5202527235427266, "ci_low": 0.48968491351867544, "ci_high": 2.7120023698358793}, "-8": {"beta": -0.374131686743742, "ci_low": -0.9825009832208221, "ci_high": 0.1923293730798764}, "-7": {"beta": -1.450027777595384, "ci_low": -2.0464592497522416, "ci_high": -0.8538822946672517}, "-6": {"beta": -1.2489609630668537, "ci_low": -1.6889344648492286, "ci_high": -0.8377278225806455}, "-5": {"beta": -0.5378031082971767, "ci_low": -1.20354490213128, "ci_high": 0.2758134827450013}, "-4": {"beta": -0.9806910696830052, "ci_low": -1.6161223347385143, "ci_high": -0.3677620007680491}, "-3": {"beta": -1.062160954301075, "ci_low": -1.4897935063844083, "ci_high": -0.6707078377016129}, "-2": {"beta": -0.4439012096774198, "ci_low": -0.8290684643817205, "ci_high": -0.06854880712365728}, "-1": {"beta": 0.0, "ci_low": 0.0, "ci_high": 0.0}, "0": {"beta": 0.4431191261082811, "ci_low": -0.1739245435707891, "ci_high": 1.2524054448453108}, "1": {"beta": 0.13435030452475283, "ci_low": -0.47324457649500046, "ci_high": 0.7752618522111726}, "2": {"beta": 3.054372938223238, "ci_low": 1.7641640619114478, "ci_high": 4.350361109139618}, "3": {"beta": 3.431334149489142, "ci_low": 2.8855522109440894, "ci_high": 4.025602899177723}, "4": {"beta": 5.073806539270686, "ci_low": 3.980431955645161, "ci_high": 6.317453632684663}, "5": {"beta": 6.147034730222735, "ci_low": 4.979262042770737, "ci_high": 7.2219059799827185}, "6": {"beta": 7.075867133820674, "ci_low": 5.722412140846579, "ci_high": 8.628449760357785}, "7": {"beta": 8.274700156810034, "ci_low": 6.545138435259857, "ci_high": 10.342613533266132}, "8": {"beta": 4.257842741935484, "ci_low": 3.139823672715053, "ci_high": 5.645264532930109}, "9": {"beta": 3.5550853470274264, "ci_low": 2.8281058289991416, "ci_high": 4.363815947446722}, "10": {"beta": 2.0281479399296933, "ci_low": 1.543572969170027, "ci_high": 2.542810419251447}}}, "PM2.5": {"coefficients": {"-12": {"beta": 1.153519713261649, "ci_low": 0.9462826164874552, "ci_high": 1.38255898297491}, "-11": {"beta": 1.3628830645161292, "ci_low": 1.1021706989247313, "ci_high": 1.676402973790323}, "-10": {"beta": 3.306433403737839, "ci_low": 2.8337252072132615, "ci_high": 3.7815036642345103}, "-9": {"beta": 1.184049471797774, "ci_low": 0.4946275201612907, "ci_high": 1.977775858918128}, "-8": {"beta": 0.02746551610882081, "ci_low": -0.4082938056456667, "ci_high": 0.434951067626223}, "-7": {"beta": -0.683529135115421, "ci_low": -1.1854845349551288, "ci_high": -0.21398770313622043}, "-6": {"beta": -0.4955249240299209, "ci_low": -0.7768489583333329, "ci_high": -0.2020840455528281}, "-5": {"beta": -0.35366023313211303, "ci_low": -0.6905250889769224, "ci_high": 0.01612730853651875}, "-4": {"beta": -0.9198939568496013, "ci_low": -1.3196875763685232, "ci_high": -0.582306319604454}, "-3": {"beta": -0.8310184811827951, "ci_low": -1.1432085825492828, "ci_high": -0.5177703881048383}, "-2": {"beta": -0.31664986559139796, "ci_low": -0.5792950268817205, "ci_high": -0.023626848118279607}, "-1": {"beta": 0.0, "ci_low": 0.0, "ci_high": 0.0}, "0": {"beta": 0.12519591940199987, "ci_low": -0.15807562564846206, "ci_high": 0.4276165997571211}, "1": {"beta": 0.04197694168216276, "ci_low": -0.25109742905651183, "ci_high": 0.32803853362404695}, "2": {"beta": 1.083429038285498, "ci_low": 0.7084940702486147, "ci_high": 1.4735181995167506}, "3": {"beta": 2.094888772616882, "ci_low": 1.684540879707211, "ci_high": 2.5428707017637517}, "4": {"beta": 1.8846616409537167, "ci_low": 1.3967611288861626, "ci_high": 2.4244069731767186}, "5": {"beta": 1.8057218461981566, "ci_low": 1.3498182903705842, "ci_high": 2.286518292170699}, "6": {"beta": 2.374668156196571, "ci_low": 2.026437122141825, "ci_high": 2.771611305408714}, "7": {"beta": 1.694866935483871, "ci_low": 1.4189233590949824, "ci_high": 1.9518300599238354}, "8": {"beta": 1.2936223118279573, "ci_low": 1.0691108030913987, "ci_high": 1.5456203797043009}, "9": {"beta": 1.3868640671263832, "ci_low": 1.1572225060142982, "ci_high": 1.6344809579291333}, "10": {"beta": 0.999590893817205, "ci_low": 0.8008012957829311, "ci_high": 1.2231666666666672}}}, "ICA": {"coefficients": {"-12": {"beta": 3.9624551971326167, "ci_low": 3.325058243727599, "ci_high": 4.5837550403225835}, "-11": {"beta": 3.091733870967743, "ci_low": 2.2832409274193557, "ci_high": 4.011970766129034}, "-10": {"beta": 7.5568996415770595, "ci_low": 5.991120631720429, "ci_high": 9.074459005376339}, "-9": {"beta": 1.400873655913979, "ci_low": -0.4899277553763423, "ci_high": 3.3618363575268804}, "-8": {"beta": -0.36626344086021456, "ci_low": -1.6199932795698933, "ci_high": 0.9134828629032252}, "-7": {"beta": -3.000888056835636, "ci_low": -4.35062554003456, "ci_high": -1.770901887720813}, "-6": {"beta": -2.162035413744739, "ci_low": -3.132805195184663, "ci_high": -1.2591204271855985}, "-5": {"beta": 0.01679547491039557, "ci_low": -1.5012485999103928, "ci_high": 1.5571987007168469}, "-4": {"beta": -2.0453629032258056, "ci_low": -3.203788642473117, "ci_high": -0.8875420026881722}, "-3": {"beta": -2.157683691756272, "ci_low": -2.9314381720430096, "ci_high": -1.268695676523296}, "-2": {"beta": -0.6918682795698914, "ci_low": -1.5782426075268794, "ci_high": 0.20655241935484003}, "-1": {"beta": 0.0, "ci_low": 0.0, "ci_high": 0.0}, "0": {"beta": 1.0534274193548392, "ci_low": 0.18073672715053843, "ci_high": 2.116393369175626}, "1": {"beta": 0.46118951612903214, "ci_low": -0.5963877688172042, "ci_high": 1.5171160954301066},