{"NO2": {"coefficients": {"-12": {"beta": 5.364196129126207, "ci_low": 3.7753094641551597, "ci_high": 6.996812161532603}, "-11": {"beta": 0.7376991718418342, "ci_low": -0.7422257584658571, "ci_high": 2.3803839055220983}, "-10": {"beta": -3.5752808155462663, "ci_low": -5.205377399335317, "ci_high": -1.8169058254246508}, "-9": {"beta": -4.135588600942462, "ci_low": -5.930260922769484, "ci_high": -2.0854321537478846}, "-8": {"beta": -2.2301913745144892, "ci_low": -4.2268911459979535, "ci_high": 0.03509770180086223}, "-7": {"beta": -4.840572827867667, "ci_low": -6.495159593345294, "ci_high": -3.0429501372772436}, "-6": {"beta": -1.514680484728651, "ci_low": -3.4499466848783054, "ci_high": 0.40406550069547253}, "-5": {"beta": 1.3605451513093443, "ci_low": -0.3466259485069652, "ci_high": 3.1494476481404288}, "-4": {"beta": 1.713532711003696, "ci_low": 0.14466428037325355, "ci_high": 3.3997770489746517}, "-3": {"beta": 0.39142369043932046, "ci_low": -1.490113644176467, "ci_high": 2.455451677154797}, "-2": {"beta": 2.02275204030376, "ci_low": 0.4095479231644701, "ci_high": 3.7308773351142004}, "-1": {"beta": 0.0, "ci_low": 0.0, "ci_high": 0.0}, "0": {"beta": 0.5085141043339925, "ci_low": -1.0427985789111913, "ci_high": 2.162269553434552}, "1": {"beta": -0.8564427487772652, "ci_low": -2.237667772388539, "ci_high": 0.7543798617154862}, "2": {"beta": 0.18205825666487985, "ci_low": -1.4150911158385364, "ci_high": 1.987019006742238}, "3": {"beta": 2.0959270200833138, "ci_low": 0.6546949599805714, "ci_high": 3.756945912793039}, "4": {"beta": -3.698492259634497, "ci_low": -5.1637666781918155, "ci_high": -2.013450227497332}, "5": {"beta": -0.9912270905429084, "ci_low": -2.7637171901708437, "ci_high": 0.9137155517146838}, "6": {"beta": -0.6641055558076847, "ci_low": -2.126080997705014, "ci_high": 0.9944634473804742}, "7": {"beta": 0.1918761388777348, "ci_low": -1.2393535056346427, "ci_high": 1.831710938158544}, "8": {"beta": -0.6635482497467529, "ci_low": -2.068664057412129, "ci_high": 0.8871614784259089}, "9": {"beta": 0.41748405045868786, "ci_low": -0.8930356874755536, "ci_high": 2.008081485754812}}}, "PM10": {"coefficients": {"-12": {"beta": 1.1188841845878132, "ci_low": 0.8272165266577057, "ci_high": 1.429391879480287}, "-11": {"beta": 1.4890490591397845, "ci_low": 1.0608551747311823, "ci_high": 1.9659722782258067}, "-10": {"beta": 4.157101446492575, "ci_low": 3.4923817020289287, "ci_high": 4.866168758800562}, "-9": {"beta": 1.5202527235427266, "ci_low": 0.4114004713143745, "ci_high": 2.559802220394735}, "-8": {"beta": -0.374131686743742, "ci_low": -1.033583364535332, "ci_high": 0.17029896561800922}, "-7": {"beta": -1.450027777595384, "ci_low": -2.0516236998923056, "ci_high": -0.8600584297839741}, "-6": {"beta": -1.2489609630668537, "ci_low": -1.7140514770336606, "ci_high": -0.8358567525712953}, "-5": {"beta": -0.5378031082971767, "ci_low": -1.2182366021642936, "ci_high": 0.20928309147645097}, "-4": {"beta": -0.9806910696830052, "ci_low": -1.610393026244588, "ci_high": -0.25348210249092284}, "-3": {"beta": -1.062160954301075, "ci_low": -1.4739216649865592, "ci_high": -0.6528466481854835}, "-2": {"beta": -0.4439012096774198, "ci_low": -0.8371669186827955, "ci_high": -0.057775201612903206}, "-1": {"beta": 0.0, "ci_low": 0.0, "ci_high": 0.0}, "0": {"beta": 0.4431191261082811, "ci_low": -0.1959522569444455, "ci_high": 1.2093029327603275}, "1": {"beta": 0.13435030452475283, "ci_low": -0.49270724555845197, "ci_high": 0.7861702137989454}, "2": {"beta": 3.054372938223238, "ci_low": 1.8541382064076473, "ci_high": 4.3736363520080745}, "3": {"beta": 3.431334149489142, "ci_low": 2.7905667887079137, "ci_high": 4.037409770588952}, "4": {"beta": 5.073806539270686, "ci_low": 4.017249598235158, "ci_high": 6.388751596102153}, "5": {"beta": 6.147034730222735, "ci_low": 5.060782243063556, "ci_high": 7.296320231494815}, "6": {"beta": 7.075867133820674, "ci_low": 5.7247243486539645, "ci_high": 8.60677687233485}, "7": {"beta": 8.274700156810034, "ci_low": 6.4313671931003595, "ci_high": 10.193183442540322}, "8": {"beta": 4.257842741935484, "ci_low": 3.0995612399193546, "ci_high": 5.766842909946237}, "9": {"beta": 2.6645456889331416, "ci_low": 2.2369829666745717, "ci_high": 3.119226826299689}}}, "PM2.5": {"coefficients": {"-12": {"beta": 1.153519713261649, "ci_low": 0.9604423051075272, "ci_high": 1.3537952452956992}, "-11": {"beta": 1.3628830645161292, "ci_low": 1.0993315692204302, "ci_high": 1.6596868279569892}, "-10": {"beta": 3.306433403737839, "ci_low": 2.844797186219918, "ci_high": 3.820371207757297}, "-9": {"beta": 1.184049471797774, "ci_low": 0.43984134479343484, "ci_high": 1.9328558290888513}, "-8": {"beta": 0.02746551610882081, "ci_low": -0.4210163190865264, "ci_high": 0.4008121347345183}, "-7": {"beta": -0.683529135115421, "ci_low": -1.204469426611724, "ci_high": -0.1787830015628738}, "-6": {"beta": -0.4955249240299209, "ci_low": -0.7935440589936891, "ci_high": -0.2027908448749412}, "-5": {"beta": -0.35366023313211303, "ci_low": -0.7079750712424538, "ci_high": -0.005174019897974846}, "-4": {"beta": -0.9198939568496013, "ci_low": -1.2897546159317814, "ci_high": -0.5527543082757297}, "-3": {"beta": -0.8310184811827951, "ci_low": -1.1718116403449819, "ci_high": -0.52278937892025}, "-2": {"beta": -0.31664986559139796, "ci_low": -0.5833353494623663, "ci_high": -0.03867725134408628}, "-1": {"beta": 0.0, "ci_low": 0.0, "ci_high": 0.0}, "0": {"beta": 0.12519591940199987, "ci_low": -0.1647253613115444, "ci_high": 0.41304234254150163}, "1": {"beta": 0.04197694168216276, "ci_low": -0.22183004116473948, "ci_high": 0.34314023529084836}, "2": {"beta": 1.083429038285498, "ci_low": 0.7026327061174986, "ci_high": 1.5518046844106002}, "3": {"beta": 2.094888772616882, "ci_low": 1.712891339425684, "ci_high": 2.577456589442382}, "4": {"beta": 1.8846616409537167, "ci_low": 1.4017013024485743, "ci_high": 2.465732830031557}, "5": {"beta": 1.8057218461981566, "ci_low": 1.3487907156057983, "ci_high": 2.2707086453533023}, "6": {"beta": 2.374668156196571, "ci_low": 2.018900080352968, "ci_high": 2.7852153377494955}, "7": {"beta": 1.694866935483871, "ci_low": 1.4339554883512546, "ci_high": 1.9598431983646951}, "8": {"beta": 1.2936223118279573, "ci_low": 1.0669931115591402, "ci_high": 1.5480425067204295}, "9": {"beta": 1.3909725835123132, "ci_low": 1.1202368347773355, "ci_high": 1.6796124454046504}}}, "ICA": {"coefficients": {"-12": {"beta": 3.9624551971326167, "ci_low": 3.3970351702508954, "ci_high": 4.618645833333335}, "-11": {"beta": 3.091733870967743, "ci_low": 2.2484122983870973, "ci_high": 3.984223790322581}, "-10": {"beta": 7.5568996415770595, "ci_low": 6.006268481182795, "ci_high": 8.99771337365591}, "-9": {"beta": 1.400873655913979, "ci_low": -0.4736895161290326, "ci_high": 3.375730846774192}, "-8": {"beta": -0.36626344086021456, "ci_low": -1.5961441532258058, "ci_high": 0.8737063172043004}, "-7": {"beta": -3.000888056835636, "ci_low": -4.2500072004608285, "ci_high": -1.6581738731278794}, "-6": {"beta": -2.162035413744739, "ci_low": -3.147798693899019, "ci_high": -1.217831784712482}, "-5": {"beta": 0.01679547491039557, "ci_low": -1.3928098398297466, "ci_high": 1.6692233702957016}, "-4": {"beta": -2.0453629032258056, "ci_low": -3.279922715053763, "ci_high": -0.9695900537634414}, "-3": {"beta": -2.157683691756272, "ci_low": -2.971631944444442, "ci_high": -1.3133910170250869}, "-2": {"beta": -0.6918682795698914, "ci_low": -1.6174983198924713, "ci_high": 0.19167506720430286}, "-1": {"beta": 0.0, "ci_low": 0.0, "ci_high": 0.0}, "0": {"beta": 1.0534274193548392, "ci_low": 0.14944668458781396, "ci_high": 2.0677226142473115}, "1": {"beta": 0.46118951612903214, "ci_low": -0.5803679435483878, "ci_high": 1.5525999663978483}, "2": {"beta": 2.925106163316192, "ci_low": 1.5043374045504143, "ci_high": 4.674383351838865}, "3": {"beta": 5.804435483870968, "ci_low": 3.840230174731183, "ci_high": 8.211197916666666}, "4": {"beta": 4.816736792893876, "ci_low": 2.9824994886629272, "ci_high": 7.023463432094438},