{"NO2": {"coefficients": {"-12": {"beta": 4.485970875740171, "ci_low": 0.26107299465137945, "ci_high": 8.710868756828962}, "-11": {"beta": 2.0289684261452345, "ci_low": -1.445668944632073, "ci_high": 5.5036057969225425}, "-10": {"beta": 3.4370037527539585, "ci_low": -0.8183700193507111, "ci_high": 7.692377524858628}, "-9": {"beta": 2.464152951863217, "ci_low": -2.417980968025212, "ci_high": 7.346286871751646}, "-8": {"beta": 3.253288206514541, "ci_low": -1.926472097121839, "ci_high": 8.433048510150922}, "-7": {"beta": 1.851016291895431, "ci_low": -4.075773939268965, "ci_high": 7.777806523059827}, "-6": {"beta": 0.051180400631204215, "ci_low": -4.986506666837734, "ci_high": 5.088867468100142}, "-5": {"beta": 2.1870018639419326, "ci_low": -0.7031852780886467, "ci_high": 5.077189005972512}, "-4": {"beta": 1.5370620261849668, "ci_low": -1.1829783338290007, "ci_high": 4.257102386198934}, "-3": {"beta": 0.3800340373779365, "ci_low": -1.251179140315504, "ci_high": 2.0112472150713767}, "-2": {"beta": 1.497264050168586, "ci_low": 0.09685964947653858, "ci_high": 2.8976684508606336}, "-1": {"beta": 0.0, "ci_low": 0.0, "ci_high": 0.0}, "0": {"beta": 2.425663404294137, "ci_low": 0.4093714286190515, "ci_high": 4.441955379969222}, "1": {"beta": 3.0519523473418007, "ci_low": 0.09234459920447557, "ci_high": 6.011560095479126}, "2": {"beta": 3.8504142227770197, "ci_low": -0.33832485378720367, "ci_high": 8.039153299341244}, "3": {"beta": 4.83228703145418, "ci_low": 0.04712797201283703, "ci_high": 9.617446090895523}, "4": {"beta": -0.11618445128665567, "ci_low": -4.648996437666892, "ci_high": 4.416627535093581}, "5": {"beta": 1.5065676466445792, "ci_low": -2.5062895053326084, "ci_high": 5.519424798621767}, "6": {"beta": 2.0844662283172477, "ci_low": -1.256602430564762, "ci_high": 5.425534887199257}}}, "PM10": {"coefficients": {"-12": {"beta": 0.1925355436081242, "ci_low": -1.972195984169653, "ci_high": 2.3572670713859014}, "-11": {"beta": 0.7654121863799297, "ci_low": -1.442139238351253, "ci_high": 2.9729636111111124}, "-10": {"beta": 5.674524300221881, "ci_low": 1.6129413279996596, "ci_high": 9.736107272444102}, "-9": {"beta": 2.188455244293529, "ci_low": -1.1752077126957183, "ci_high": 5.5521182012827754}, "-8": {"beta": 0.13017244949290507, "ci_low": -2.7851617399053215, "ci_high": 3.0455066388911316}, "-7": {"beta": -1.7299125488266167, "ci_low": -5.393537548826616, "ci_high": 1.933712451173383}, "-6": {"beta": -0.8373977325853197, "ci_low": -3.687693771622253, "ci_high": 2.0128983064516137}, "-5": {"beta": 0.18857285679850833, "ci_low": -2.3870481709792695, "ci_high": 2.764193884576286}, "-4": {"beta": -0.9288828957780577, "ci_low": -4.072065610831821, "ci_high": 2.2142998192757055}, "-3": {"beta": -0.7346450119474319, "ci_low": -4.839524734169654, "ci_high": 3.37023471027479}, "-2": {"beta": -0.08050179211469555, "ci_low": -3.6876749910394264, "ci_high": 3.5266714068100353}, "-1": {"beta": 0.0, "ci_low": 0.0, "ci_high": 0.0}, "0": {"beta": 0.9516173174872655, "ci_low": -1.8143741547349568, "ci_high": 3.717608789709488}, "1": {"beta": 0.20401583708374815, "ci_low": -3.16149425629486, "ci_high": 3.569525930462356}, "2": {"beta": 3.5767187908911566, "ci_low": 1.2768086267988608, "ci_high": 5.8766289549834525}, "3": {"beta": 2.8671947823649333, "ci_low": -0.29597897220110037, "ci_high": 6.0303685369309665}, "4": {"beta": 4.896291101760948, "ci_low": 2.1355241791335517, "ci_high": 7.657058024388344}, "5": {"beta": 5.115937660010241, "ci_low": 1.6723241183435742, "ci_high": 8.559551201676907}, "6": {"beta": 4.400593050495177, "ci_low": -0.22958720088223306, "ci_high": 9.030773301872586}}}, "PM2.5": {"coefficients": {"-12": {"beta": 0.7825283751493446, "ci_low": -0.5623555692950997, "ci_high": 2.127412319593789}, "-11": {"beta": 1.268539426523299, "ci_low": -0.07994320788530307, "ci_high": 2.617022060931901}, "-10": {"beta": 4.195543586789558, "ci_low": 1.3973268367895582, "ci_high": 6.993760336789558}, "-9": {"beta": 1.6284369301389692, "ci_low": -0.5052285537319983, "ci_high": 3.7621024140099366}, "-8": {"beta": 0.060709633627081594, "ci_low": -1.979577587368957, "ci_high": 2.10099685462312}, "-7": {"beta": -1.1920549438507688, "ci_low": -3.802098277184102, "ci_high": 1.4179883894825642}, "-6": {"beta": -0.3546785881252914, "ci_low": -2.1923018326320705, "ci_high": 1.4829446563814874}, "-5": {"beta": 0.08519585403173746, "ci_low": -1.549435979301596, "ci_high": 1.7198276873650709}, "-4": {"beta": -0.8767158916352429, "ci_low": -2.9168474165619287, "ci_high": 1.163415633291443}, "-3": {"beta": -0.5417818100358396, "ci_low": -3.3893637267025065, "ci_high": 2.3058001066308274}, "-2": {"beta": -0.07070788530465855, "ci_low": -2.4451688530465936, "ci_high": 2.3037530824372765}, "-1": {"beta": 0.0, "ci_low": 0.0, "ci_high": 0.0}, "0": {"beta": 0.7235086870401828, "ci_low": -0.741222451848706, "ci_high": 2.1882398259290716}, "1": {"beta": 0.10096982150717615, "ci_low": -2.0542554959800903, "ci_high": 2.2561951389944426}, "2": {"beta": 1.8019563416105022, "ci_low": 0.726680680562956, "ci_high": 2.8772320026580482}, "3": {"beta": 1.5433636842691332, "ci_low": -0.6181338979194755, "ci_high": 3.704861266457742}, "4": {"beta": 2.148941288764222, "ci_low": 0.6757962057815199, "ci_high": 3.6220863717469243}, "5": {"beta": 1.9297291026625718, "ci_low": 0.2951751443292385, "ci_high": 3.564283060995905}, "6": {"beta": 1.4489881362370962, "ci_low": -1.0349128107326004, "ci_high": 3.932889083206793}}}, "ICA": {"coefficients": {"-12": {"beta": 3.82597072879331, "ci_low": -0.41116816009557855, "ci_high": 8.063109617682198}, "-11": {"beta": 4.252688172043014, "ci_low": 0.18081451612903532, "ci_high": 8.324561827956991}, "-10": {"beta": 10.847267025089607, "ci_low": 3.4952253584229416, "ci_high": 18.199308691756272}, "-9": {"beta": 4.517921146953409, "ci_low": -1.7926729390680967, "ci_high": 10.828515232974915}, "-8": {"beta": 1.7150537634408636, "ci_low": -4.284811827956985, "ci_high": 7.714919354838712}, "-7": {"beta": -1.922971070148492, "ci_low": -9.278366903481825, "ci_high": 5.432424763184841}, "-6": {"beta": -0.9857410004675096, "ci_low": -6.498555984104723, "ci_high": 4.5270739831697036}, "-5": {"beta": 1.819257765830347, "ci_low": -2.7994005675029863, "ci_high": 6.43791609916368}, "-4": {"beta": -1.5766129032258078, "ci_low": -6.9988844086021516, "ci_high": 3.845658602150536}, "-3": {"beta": -1.2846774193548391, "ci_low": -8.64461353046595, "ci_high": 6.075258691756272}, "-2": {"beta": 0.13351254480286912, "ci_low": -6.023100358422937, "ci_high": 6.290125448028675}, "-1": {"beta": 0.0, "ci_low": 0.0, "ci_high": 0.0}, "0": {"beta": 3.005137395459979, "ci_low": -1.1044653823177981, "ci_high": 7.114740173237756}, "1": {"beta": 1.6274641577060933, "ci_low": -4.221054659498208, "ci_high": 7.475982974910394}, "2": {"beta": 6.641751727183005, "ci_low": 2.7234738286322804, "ci_high": 10.56002962573373}, "3": {"beta": 6.274257552483359, "ci_low": -0.04410803891448989, "ci_high": 12.592623143881209}, "4": {"beta": 6.755999688327879, "ci_low": 1.4858137369487308, "ci_high": 12.026185639707027}, "5": {"beta": 6.8870487711213535, "ci_low": 1.3783404377880206, "ci_high": 12.395757104454686}, "6": {"beta": 7.154216196411415, "ci_low": -0.1495746438089709, "ci_high": 14.458007036631802}}}}