{"PM2.5_out": 5.879375, "ICA_out": 16.880208333333332, "weather_code": 6.145833333333334, "PM10_zbe": 11.323645833333334, "wind_speed_10m": 9.197916666666668, "fc_wind_speed_10m_d1": 9.110501079062914, "fc_boundary_layer_height_d3": 491.38163419488995, "fc_cloud_cover_d2": 70.77422941967231, "PM10_out": 9.6125, "fc_precipitation_acum_3d_d2": 3.302053846535591, "precipitation": 0.30000000000000004, "rain": 0.30000000000000004, "viento_vel_out": 0.7322916666666667, "temp_range": 8.75, "PM10_zbe_lag_30d": 11.260416666666666, "fc_relative_humidity_2m_d1": 79.01801167184829, "wind_u": 1.6471217453723828, "PM2.5_zbe_roll_mean_7d": 6.981598084886128, "wind_v": -2.443800253583631, "ICA_zbe": 18.354166666666668, "PM10_zbe_diff_30d": 0.13968749999999952, "PM2.5_out_diff_7d": 0.11333333333333329, "wind_gusts_10m": 21.854166666666664, "PM10_out_roll_mean_30d": 10.314378880718955, "ICA_zbe_roll_mean_3d": 19.013888888888886, "ICA_out_diff_7d": 0.08333333333333393, "NO2_out_roll_std_14d": 3.9068359878240013, "fc_cloud_cover_d1": 71.31579160946139, "PM10_zbe_roll_std_3d": 2.624917933947899, "fc_wind_direction_10m_d3": 211.1231223994509, "fc_sunshine_duration_d1": 32603.213762294694, "PM10_out_lag_3d": 9.62874451754386, "NO2_out_lag_30d": 12.210117263333332, "NO2_out_roll_max_3d": 15.395625135416665, "fc_wind_gusts_10m_d2": 22.192168755648936, "PM2.5_out_roll_mean_7d": 6.453876488095238, "PM10_zbe_roll_max_14d": 21.296666666666667, "traffic_occupancy": 14.54937161141397, "PM2.5_zbe_roll_std_30d": 3.6422339437851545, "exp_traffic_occupancy_d2": 14.348885043276074, "PM2.5_out_roll_mean_30d": 6.78902981567197, "fc_HDD_d3": 3.256258843079502, "fc_wind_speed_10m_d2": 8.971925134867469, "NO2_zbe": 10.274906333854167, "exp_traffic_occupancy_d3": 14.350268184828243, "NO2_zbe_roll_max_3d": 13.370965042385418, "ICA_zbe_roll_max_30d": 43.4375, "PM2.5_out_lag_7d": 5.874114583333332, "fc_precipitation_d1": 0.7330491528596534, "fc_HDD_d2": 3.09689440052015, "ICA_zbe_roll_std_7d": 6.107474708678954, "ICA_zbe_lag_7d": 18.354166666666668, "ventilation_index": 4585.185763888889, "fc_ventilation_index_d2": 4625.076667288853, "PM2.5_out_roll_std_14d": 2.996518721677969, "fc_temperature_2m_d3": 12.510810064450906, "NO2_out_roll_mean_30d": 12.745175631059723, "PM10_zbe_roll_mean_7d": 11.729166666666668, "traffic_volume_lag_2d": 977153.5, "ICA_out_diff_30d": 0.34114583333333304, "ICA_out_lag_2d": 16.932291666666664, "fc_wind_gusts_10m_d1": 22.066301649259987, "NO2_out_roll_std_3d": 2.626533226821632, "NO2_out_lag_2d": 11.928370184791667, "ICA_zbe_lag_3d": 18.395833333333332, "PM2.5_zbe_roll_max_30d": 16.744791666666668, "ICA_zbe_roll_std_30d": 8.712768847798966, "fc_wind_u_d2": 1.7571956763133454, "presion_out": 958.5502083333333, "ICA_out_roll_std_3d": 3.683337458256463, "PM10_zbe_lag_7d": 11.304479166666667, "fc_precipitation_d3": 1.0136253039438874, "PM10_out_lag_14d": 9.618947368421052, "dow_sin": 0.0, "ICA_zbe_roll_mean_7d": 19.510416666666668, "PM10_zbe_lag_2d": 11.351041666666667, "fc_precipitation_acum_7d_d1": 10.820303435282652, "PM10_out_roll_max_3d": 12.14125, "ICA_out_roll_max_14d": 31.583333333333332, "humedad_zbe": 72.07479166666667, "HDD": 2.8000000000000007, "HDD_acum_7d": 21.299999999999997, "HDD_acum_14d": 43.2, "HDD_lag_1d": 2.8500000000000005, "HDD_lag_7d": 3.0, "fc_HDD_d1": 2.9138097046373312, "dia_muy_frio": 0.0, "es_invierno_estricto": 0.0, "domingo_invierno": 0.0, "es_domingo": 0.0}