{"PM10_zbe": 11.323645833333334, "ICA_zbe": 18.354166666666668, "weather_code": 6.145833333333334, "cloud_cover": 73.52083333333334, "ICA_out": 16.880208333333332, "NO2_zbe_roll_std_14d": 3.33146233400624, "relative_humidity_2m": 78.85416666666666, "PM10_out": 9.6125, "wind_gusts_10m": 21.854166666666664, "fc_ventilation_index_d1": 4605.614095545485, "precipitation": 0.30000000000000004, "viento_vel_out": 0.7322916666666667, "fc_cloud_cover_d1": 71.31579160946139, "fc_wind_speed_10m_d1": 9.110501079062914, "PM2.5_out": 5.879375, "wind_u": 1.6471217453723828, "NO2_zbe_roll_std_7d": 2.9040891859457574, "PM10_zbe_diff_30d": 0.13968749999999952, "fc_sunshine_duration_d3": 33225.2207551776, "ventilation_index": 4594.962239583334, "wind_speed_10m": 9.197916666666668, "NO2_zbe": 10.274906333854167, "PM2.5_out_lag_7d": 5.874114583333332, "NO2_zbe_lag_14d": 10.51058219375, "fc_boundary_layer_height_d1": 487.91922865793725, "rain": 0.30000000000000004, "PM2.5_out_diff_7d": 0.11333333333333329, "temp_range": 8.75, "NO2_out_lag_3d": 11.9348468359375, "fc_precipitation_acum_3d_d2": 3.302053846535591, "PM2.5_zbe": 6.471770833333334, "PM2.5_zbe_roll_mean_14d": 7.42718005952381, "NO2_out_lag_14d": 12.083899840625, "fc_boundary_layer_height_d3": 491.38163419488995, "ICA_zbe_roll_mean_30d": 20.540247584541063, "dow_sin": 0.0, "fc_cloud_cover_d2": 70.77422941967231, "NO2_zbe_roll_max_14d": 17.991246347916665, "fc_HDD_d3": 3.256258843079502, "HDD_lag_1d": 2.8500000000000005, "NO2_zbe_roll_std_3d": 2.1854526264397363, "fc_ventilation_index_d2": 4631.521719755273, "fc_dew_point_d2": 8.163435325236932, "HDD_acum_7d": 21.299999999999997, "NO2_out_roll_mean_3d": 12.226451602855906, "NO2_out": 11.787856624505208, "HDD_acum_14d": 43.2, "PM10_out_roll_max_30d": 21.505208333333332, "traffic_volume_lag_2d": 977153.5, "wind_v": -2.443800253583631, "ICA_zbe_lag_1d": 18.354166666666668, "PM2.5_zbe_roll_mean_30d": 7.414803442028985, "NO2_out_roll_std_3d": 2.6265332268216115, "doy_sin": 0.19244979981841032, "PM2.5_zbe_lag_14d": 6.512291666666666, "exp_traffic_occupancy_d1": 14.347052836405574, "fc_precipitation_acum_7d_d1": 10.820303435282652, "PM2.5_zbe_roll_max_7d": 11.4175, "PM2.5_zbe_lag_1d": 6.496458333333334, "PM10_out_roll_mean_30d": 10.314378880718955, "ICA_out_lag_1d": 16.911458333333332, "PM2.5_zbe_roll_max_14d": 13.854583333333332, "PM10_out_lag_7d": 9.6125, "NO2_zbe_lag_7d": 10.43836535953125, "traffic_occupancy_lag_7d": 14.56003230474198, "boundary_layer_height": 450.41666666666663, "exp_traffic_occupancy_d3": 14.350268184828243, "PM10_out_diff_7d": -0.08999999999999986, "NO2_zbe_lag_2d": 10.285066530208333, "PM2.5_out_roll_std_3d": 1.6382954547371043, "PM2.5_out_roll_mean_14d": 6.827064732142857, "viento_dir_out": 146.80812500000002, "traffic_load": 11.306091126220362, "fc_precipitation_acum_7d_d2": 11.034965652502983, "NO2_zbe_roll_std_30d": 3.739362697383137, "ICA_out_lag_7d": 16.911458333333332, "NO2_zbe_diff_30d": -0.49456060140625, "fc_wind_v_d2": -2.0904676544587915, "fc_wind_speed_10m_d3": 9.145257627824687, "ICA_out_lag_3d": 16.947916666666664, "HDD": 2.8000000000000007, "HDD_lag_7d": 3.0, "fc_HDD_d1": 2.9138097046373312, "fc_HDD_d2": 3.09689440052015, "dia_muy_frio": 0.0, "es_invierno_estricto": 0.0, "domingo_invierno": 0.0, "es_domingo": 0.0}