{"ICA_out": 16.880208333333332, "PM10_zbe": 11.323645833333334, "PM2.5_out": 5.879375, "PM10_out": 9.6125, "weather_code": 6.041666666666666, "relative_humidity_2m": 78.83333333333333, "wind_v": -2.487165127190358, "fc_precipitation_acum_3d_d2": 3.207724047602878, "cloud_cover": 73.47916666666666, "fc_wind_speed_10m_d1": 9.214864016913348, "humedad_zbe": 72.06229166666667, "rain": 0.30000000000000004, "fc_precipitation_d1": 0.653936894214545, "viento_vel_out": 0.7327083333333333, "wind_speed_10m": 9.197916666666668, "presion_zbe": 957.6611458333332, "humedad_out": 73.29104166666667, "temp_range": 8.8, "fc_dew_point_d3": 8.153270293350541, "wind_gusts_10m": 21.831249999999997, "fc_ventilation_index_d1": 4589.68366827483, "sunshine_duration": 32521.300000000003, "ICA_out_roll_mean_7d": 17.922619047619044, "ICA_out_diff_30d": 0.34114583333333304, "precipitation_acum_3d": 3.0, "fc_sunshine_duration_d1": 32934.2016874397, "fc_HDD_d3": 3.1912457245313526, "fc_temperature_2m_d2": 12.220588633137044, "fc_sunshine_duration_d2": 32582.182113034265, "wind_direction_10m": 210.49452358688035, "PM2.5_out_lag_30d": 5.8730208333333325, "PM10_zbe_lag_7d": 11.323645833333334, "ICA_zbe": 18.354166666666668, "fc_precipitation_acum_7d_d2": 10.599310798487304, "traffic_occupancy_lag_7d": 14.56003230474198, "PM2.5_out_roll_std_14d": 2.9890164646157276, "fc_dew_point_d2": 7.948951969376618, "fc_wind_u_d1": 1.476506444270969, "ICA_zbe_diff_7d": -0.04166666666666785, "week_of_year": 24.0, "exp_traffic_occupancy_d1": 14.348885043276074, "fc_precipitation_acum_3d_d3": 3.753281848047024, "wind_u": 1.6471217453723828, "fc_precipitation_acum_3d_d1": 3.055884392089722, "ICA_zbe_lag_3d": 18.375, "HDD_acum_14d": 43.0, "PM10_out_diff_7d": -0.09968749999999993, "ICA_out_roll_mean_3d": 17.104166666666657, "temp_max_dia": 17.0, "PM10_out_lag_14d": 9.616041666666666, "NO2_out_diff_30d": -0.040886231111427085, "PM10_zbe_roll_mean_7d": 11.729166666666668, "ICA_zbe_roll_std_3d": 3.963519744596974, "fc_temperature_2m_d1": 11.943853759935916, "PM2.5_out_lag_14d": 5.883541666666667, "fc_relative_humidity_2m_d3": 78.11684590327212, "NO2_zbe": 10.272515680208333, "ICA_out_lag_7d": 16.932291666666664, "fc_cloud_cover_d2": 71.03392729563859, "PM10_zbe_lag_3d": 11.351041666666667, "NO2_out_roll_std_30d": 4.424677760103917, "PM10_zbe_roll_mean_14d": 11.89732886904762, "PM10_out_roll_mean_30d": 10.321510825163399, "PM10_zbe_roll_mean_3d": 11.481215277777773, "fc_wind_gusts_10m_d1": 21.795422201725927, "PM10_zbe_roll_max_3d": 14.568541666666667, "traffic_occupancy_lag_2d": 14.554819055090656, "PM2.5_zbe_roll_mean_7d": 6.9759375, "traffic_volume_lag_7d": 976841.0, "PM2.5_zbe_lag_3d": 6.496458333333334, "ICA_out_roll_mean_30d": 18.88697887504666, "PM2.5_zbe_roll_mean_14d": 7.414159226190476, "NO2_zbe_lag_1d": 10.274906333854167, "PM10_out_roll_std_14d": 3.972474360940827, "ICA_zbe_roll_max_3d": 23.5, "ICA_zbe_lag_2d": 18.354166666666668, "fc_precipitation_acum_7d_d3": 10.865617554191507, "PM10_out_roll_std_3d": 2.3218558163277274, "exp_traffic_volume_d1": 925843.3693548387, "NO2_zbe_roll_mean_7d": 10.797068864215987, "HDD": 2.8000000000000007, "HDD_acum_7d": 21.2, "HDD_lag_1d": 2.8000000000000007, "HDD_lag_7d": 3.0, "fc_HDD_d1": 2.7566888509162637, "fc_HDD_d2": 3.0468941704656594, "dia_muy_frio": 0.0, "es_invierno_estricto": 0.0, "domingo_invierno": 0.0, "es_domingo": 0.0}