{"NO2_out": 11.748112477015624, "exp_traffic_volume_d1": 926085.2012544803, "fc_temperature_2m_d1": 11.943853759935916, "doy_cos": -0.09882013873287177, "fc_wind_speed_10m_d1": 9.214864016913348, "exp_traffic_occupancy_d1": 14.44973401284349, "temp_min_dia": 8.149999999999999, "NO2_zbe_roll_std_14d": 3.324772663576078, "fc_HDD_d2": 3.0468941704656594, "day_of_week": 3.0, "fc_wind_gusts_10m_d1": 21.795422201725927, "traffic_occupancy_lag_2d": 14.554819055090656, "traffic_occupancy_lag_1d": 14.554819055090656, "traffic_occupancy": 14.554819055090656, "fc_dew_point_d1": 7.959078791845259, "fc_ventilation_index_d1": 4585.689144317419, "NO2_out_roll_mean_30d": 12.722606292405317, "PM10_zbe_lag_14d": 11.303541666666668, "PM2.5_zbe_lag_14d": 6.510416666666667, "NO2_zbe_roll_mean_7d": 10.797068864215987, "wind_gusts_10m": 21.831249999999997, "NO2_zbe_roll_mean_14d": 11.068174965153581, "ICA_out_roll_mean_30d": 18.88697887504666, "dow_cos": -0.22252093395631434, "fc_precipitation_acum_3d_d1": 3.055884392089722, "PM2.5_zbe_roll_std_3d": 1.6955991765884844, "PM2.5_out_lag_30d": 5.8730208333333325, "NO2_out_roll_max_7d": 18.212777490208335, "traffic_volume_lag_14d": 976849.5, "fc_sunshine_duration_d1": 32934.2016874397, "fc_precipitation_d1": 0.653936894214545, "traffic_volume_lag_2d": 976849.5, "traffic_volume_lag_1d": 976732.5, "PM10_out_lag_14d": 9.616041666666666, "fc_dew_point_d2": 7.948951969376618, "PM10_out_roll_std_3d": 2.321855816327711, "NO2_zbe_lag_3d": 10.285066530208333, "fc_temperature_2m_d2": 12.220588633137044, "ICA_out_roll_mean_14d": 19.241071428571427, "presion_out": 958.5502083333333, "traffic_volume_lag_7d": 976841.0, "NO2_zbe_roll_std_7d": 2.9008702919470344, "PM10_zbe_roll_mean_7d": 11.729166666666668, "NO2_out_lag_30d": 12.201351620833334, "fc_cloud_cover_d2": 71.03392729563859, "PM10_zbe_roll_std_7d": 3.834697140636216, "PM10_zbe_roll_mean_14d": 11.89732886904762, "traffic_occupancy_lag_7d": 14.56003230474198, "NO2_out_roll_std_14d": 3.9008596953985624, "PM2.5_out_roll_mean_30d": 6.787399214606416, "ICA_zbe_lag_3d": 18.375, "NO2_out_roll_max_14d": 20.42003584333333, "PM2.5_out_roll_std_7d": 2.521196419232262, "ICA_out_roll_std_30d": 7.740592864646896, "fc_cloud_cover_d3": 70.5655761139048, "exp_traffic_volume_d2": 926283.8858422939, "fc_HDD_d3": 3.1912457245313526, "fc_wind_v_d3": -2.4620621903451383, "fc_wind_gusts_10m_d2": 21.880436609855888, "es_domingo": 0.0, "fc_wind_u_d2": 1.6006259933791405, "NO2_zbe_lag_30d": 10.61158613125, "fc_precipitation_d3": 0.9622950794974239, "NO2_out_roll_std_7d": 3.5625262837081366, "NO2_out_roll_max_30d": 22.066465168333334, "ICA_zbe_lag_2d": 18.354166666666668, "cloud_cover": 73.47916666666666, "NO2_zbe_lag_14d": 10.501617320833333, "NO2_zbe_lag_2d": 10.278691524479168, "PM10_out_roll_mean_3d": 9.677916666666665, "PM2.5_out_roll_max_30d": 16.00645833333333, "ICA_zbe_lag_1d": 18.354166666666668, "fc_precipitation_acum_3d_d2": 3.207724047602878, "fc_wind_v_d2": -2.566003460941475, "PM2.5_zbe_roll_std_30d": 3.6413825195908256, "PM10_zbe_lag_30d": 11.255, "fc_wind_speed_10m_d2": 9.142132224166026, "PM10_zbe_lag_2d": 11.323645833333334, "PM2.5_out_roll_mean_3d": 6.157361111111111, "PM10_out_roll_mean_7d": 10.19154017857143, "HDD": 2.8000000000000007, "HDD_acum_7d": 21.2, "HDD_acum_14d": 43.0, "HDD_lag_1d": 2.8000000000000007, "HDD_lag_7d": 3.0, "fc_HDD_d1": 2.7566888509162637, "dia_muy_frio": 0.0, "es_invierno_estricto": 0.0, "domingo_invierno": 0.0}