{"PM10_zbe": 11.323645833333334, "PM2.5_zbe": 6.471770833333334, "ICA_out": 16.880208333333332, "fc_precipitation_acum_3d_d2": 3.302053846535591, "weather_code": 6.145833333333334, "ICA_zbe": 18.354166666666668, "fc_boundary_layer_height_d3": 491.38163419488995, "fc_wind_speed_10m_d1": 9.110501079062914, "rain": 0.30000000000000004, "fc_ventilation_index_d1": 4603.596198609924, "fc_cloud_cover_d2": 70.77422941967231, "PM10_zbe_diff_7d": -0.2639583333333313, "PM2.5_out": 5.879375, "wind_gusts_10m": 21.854166666666664, "precipitation": 0.30000000000000004, "wind_speed_10m": 9.197916666666668, "wind_v": -2.443800253583631, "fc_cloud_cover_d1": 71.31579160946139, "ICA_out_roll_mean_7d": 17.93154761904762, "fc_relative_humidity_2m_d1": 79.01801167184829, "wind_direction_10m": 210.49452358688035, "traffic_volume_lag_7d": 976841.0, "viento_vel_out": 0.7322916666666667, "PM10_zbe_lag_2d": 11.351041666666667, "PM2.5_out_roll_mean_14d": 6.827064732142857, "fc_dew_point_d1": 7.891547228791416, "NO2_zbe_lag_14d": 10.51058219375, "fc_precipitation_d1": 0.7330491528596534, "PM10_zbe_roll_max_14d": 21.296666666666667, "PM10_zbe_roll_max_3d": 14.568541666666667, "ICA_zbe_diff_7d": 0.0, "NO2_zbe_lag_30d": 10.631906354291667, "fc_relative_humidity_2m_d3": 78.11035163610653, "fc_relative_humidity_2m_d2": 78.32837795500353, "NO2_zbe_lag_7d": 10.43836535953125, "fc_precipitation_acum_3d_d3": 3.5401608199792625, "PM2.5_out_diff_7d": 0.11333333333333329, "traffic_volume": 976732.5, "NO2_zbe_roll_std_7d": 2.9040891859457574, "fc_wind_u_d3": 1.3009755719861382, "fc_dew_point_d2": 8.163435325236932, "temp_range": 8.75, "viento_dir_out": 146.80812500000002, "PM10_zbe_lag_30d": 11.260416666666666, "NO2_zbe_roll_std_14d": 3.3314623340062397, "ICA_out_roll_mean_30d": 18.894791375046662, "NO2_out": 11.787856624505208, "NO2_zbe": 10.274906333854167, "NO2_out_lag_7d": 11.985846770078126, "fc_boundary_layer_height_d1": 487.91922865793725, "fc_HDD_d2": 3.09689440052015, "ICA_zbe_roll_std_3d": 3.9673865425712433, "PM10_zbe_lag_14d": 11.305416666666666, "HDD_lag_7d": 3.0, "fc_sunshine_duration_d3": 33225.2207551776, "PM2.5_out_lag_2d": 5.897395833333333, "fc_wind_v_d2": -2.0904676544587915, "presion_zbe": 957.6611458333332, "PM2.5_zbe_roll_mean_7d": 6.981598084886128, "PM2.5_out_lag_1d": 5.897395833333333, "ICA_zbe_roll_mean_14d": 20.55654761904762, "NO2_out_roll_mean_30d": 12.745175631059723, "ICA_out_diff_30d": 0.34114583333333304, "fc_precipitation_acum_7d_d2": 11.034965652502983, "fc_precipitation_d3": 1.0136253039438874, "HDD_acum_14d": 43.2, "ICA_out_roll_max_7d": 27.614583333333336, "NO2_out_roll_mean_14d": 12.349959788343437, "PM10_zbe_roll_std_3d": 2.624917933947899, "PM2.5_zbe_roll_mean_30d": 7.414803442028985, "NO2_out_roll_std_30d": 4.429519224017818, "traffic_volume_lag_2d": 977153.5, "ICA_zbe_roll_mean_3d": 19.013888888888886, "NO2_zbe_roll_mean_30d": 11.72648242246041, "NO2_out_lag_2d": 11.928370184791667, "PM10_out_lag_7d": 9.6125, "NO2_zbe_roll_mean_3d": 10.734470820624999, "ICA_zbe_lag_1d": 18.354166666666668, "ICA_out_roll_std_3d": 3.683337458256463, "NO2_zbe_roll_max_7d": 15.165129122916667, "HDD": 2.8000000000000007, "HDD_acum_7d": 21.299999999999997, "HDD_lag_1d": 2.8500000000000005, "fc_HDD_d1": 2.9138097046373312, "fc_HDD_d3": 3.256258843079502, "dia_muy_frio": 0.0, "es_invierno_estricto": 0.0, "domingo_invierno": 0.0, "es_domingo": 0.0}