{"PM10_zbe": 11.323645833333334, "PM2.5_zbe": 6.471770833333334, "ICA_out": 16.880208333333332, "fc_precipitation_acum_3d_d2": 3.302053846535591, "weather_code": 6.145833333333334, "ICA_zbe": 18.354166666666668, "precipitation": 0.30000000000000004, "fc_boundary_layer_height_d3": 491.38163419488995, "PM2.5_out": 5.879375, "fc_wind_speed_10m_d1": 9.110501079062914, "wind_v": -2.443800253583631, "wind_speed_10m": 9.197916666666668, "rain": 0.30000000000000004, "fc_cloud_cover_d2": 70.77422941967231, "wind_gusts_10m": 21.854166666666664, "fc_ventilation_index_d1": 4605.614095545485, "fc_relative_humidity_2m_d1": 79.01801167184829, "PM10_zbe_diff_7d": -0.2639583333333313, "ICA_out_roll_mean_7d": 17.93154761904762, "fc_cloud_cover_d1": 71.31579160946139, "wind_direction_10m": 210.49452358688035, "PM2.5_out_diff_7d": 0.11333333333333329, "fc_precipitation_d1": 0.7330491528596534, "viento_vel_out": 0.7322916666666667, "PM10_zbe_roll_std_3d": 2.6249179339478967, "fc_wind_gusts_10m_d2": 22.192168755648936, "NO2_zbe_roll_std_7d": 2.9040891859457574, "fc_sunshine_duration_d3": 33225.2207551776, "PM2.5_out_lag_7d": 5.874114583333332, "PM2.5_zbe_diff_30d": 0.21458333333333357, "fc_ventilation_index_d2": 4631.521719755273, "NO2_out_lag_14d": 12.083899840625, "NO2_zbe_roll_mean_30d": 11.72648242246041, "PM2.5_zbe_roll_mean_7d": 6.981598084886128, "fc_wind_direction_10m_d3": 211.1231223994509, "PM10_zbe_lag_2d": 11.351041666666667, "traffic_occupancy_lag_7d": 14.56003230474198, "fc_relative_humidity_2m_d3": 78.11035163610653, "PM10_zbe_lag_1d": 11.351041666666667, "sunshine_duration": 32443.385000000002, "traffic_volume_lag_2d": 977153.5, "exp_traffic_volume_d1": 925508.440232975, "fc_relative_humidity_2m_d2": 78.32837795500353, "PM2.5_zbe_roll_mean_14d": 7.42718005952381, "PM10_zbe_lag_30d": 11.260416666666666, "fc_dew_point_d2": 8.163435325236932, "PM10_zbe_lag_14d": 11.305416666666666, "NO2_out": 11.787856624505208, "traffic_volume_lag_14d": 976732.5, "NO2_zbe_roll_std_14d": 3.33146233400624, "fc_wind_gusts_10m_d1": 22.066301649259987, "wind_u": 1.6471217453723828, "PM10_zbe_roll_mean_30d": 11.912791062801933, "fc_precipitation_d3": 1.0136253039438874, "fc_dew_point_d1": 7.891547228791416, "PM10_out_roll_std_3d": 2.3275283599185, "NO2_zbe_lag_3d": 10.314750142708334, "presion_zbe": 957.6611458333332, "PM10_out_lag_30d": 9.608958333333334, "PM2.5_out_lag_3d": 5.897395833333333, "temp_range": 8.75, "HDD_acum_7d": 21.299999999999997, "ICA_out_diff_30d": 0.34114583333333304, "ICA_out_roll_std_14d": 6.932785193885987, "PM2.5_zbe_roll_mean_30d": 7.414803442028985, "PM10_zbe_lag_3d": 11.362604166666667, "PM2.5_out_roll_mean_14d": 6.827064732142857, "NO2_zbe_lag_14d": 10.51058219375, "PM10_out": 9.6125, "ICA_zbe_diff_30d": 0.6041666666666679, "PM2.5_zbe_lag_30d": 6.482500000000001, "humedad_zbe": 72.07479166666667, "HDD_lag_7d": 3.0, "PM2.5_zbe_lag_1d": 6.496458333333334, "fc_precipitation_acum_7d_d3": 10.796647254647914, "ICA_zbe_roll_std_3d": 3.9673865425712433, "fc_wind_speed_10m_d3": 9.145257627824687, "NO2_out_roll_max_14d": 20.42003584333333, "ICA_zbe_diff_7d": 0.0, "NO2_zbe_roll_mean_14d": 11.087616600796117, "HDD": 2.8000000000000007, "HDD_acum_14d": 43.2, "HDD_lag_1d": 2.8500000000000005, "fc_HDD_d1": 2.9138097046373312, "fc_HDD_d2": 3.09689440052015, "fc_HDD_d3": 3.256258843079502, "dia_muy_frio": 0.0, "es_invierno_estricto": 0.0, "domingo_invierno": 0.0, "es_domingo": 0.0}