{"NO2_zbe": 10.272515680208333, "exp_traffic_volume_d1": 925843.3693548387, "NO2_zbe_roll_mean_7d": 10.797068864215987, "HDD_acum_7d": 21.2, "HDD_acum_14d": 43.0, "HDD_lag_1d": 2.8000000000000007, "HDD_lag_7d": 3.0, "fc_HDD_d1": 2.7566888509162637, "fc_wind_gusts_10m_d1": 21.795422201725927, "fc_wind_speed_10m_d1": 9.214864016913348, "traffic_occupancy_lag_2d": 14.554819055090656, "fc_wind_v_d1": -2.401709578909678, "NO2_zbe_roll_std_30d": 3.7367101903806574, "NO2_out": 11.748112477015624, "NO2_zbe_roll_max_30d": 19.786805083333334, "fc_wind_direction_10m_d1": 210.57340525420034, "traffic_occupancy_lag_1d": 14.554819055090656, "dew_point": 7.933333333333333, "fc_relative_humidity_2m_d3": 78.11684590327212, "traffic_occupancy_lag_7d": 14.56003230474198, "es_verano": 0.0, "fc_boundary_layer_height_d1": 484.3439706536204, "traffic_volume_lag_1d": 976732.5, "NO2_out_roll_mean_7d": 12.157863660373511, "fc_wind_u_d1": 1.476506444270969, "NO2_zbe_roll_max_3d": 13.363992345, "PM2.5_out_roll_std_7d": 2.521196419232268, "NO2_zbe_lag_2d": 10.278691524479168, "PM10_out_lag_2d": 9.6125, "ICA_out_roll_mean_30d": 18.88697887504666, "exp_traffic_occupancy_d1": 14.348885043276074, "PM2.5_out_roll_mean_30d": 6.787399214606416, "fc_ventilation_index_d1": 4589.68366827483, "PM2.5_out_lag_1d": 5.879375, "NO2_out_roll_mean_3d": 12.183104966579865, "wind_direction_10m": 210.49452358688035, "doy_cos": -0.09882013873287177, "cloud_cover": 73.47916666666666, "fc_HDD_d3": 3.1912457245313526, "ICA_zbe_lag_1d": 18.354166666666668, "humedad_zbe": 72.06229166666667, "fc_precipitation_d1": 0.653936894214545, "PM2.5_zbe_roll_std_30d": 3.6413825195908256, "wind_v": -2.487165127190358, "temperatura_zbe": 14.061458333333334, "NO2_out_diff_7d": 0.057108715520833186, "ICA_zbe_diff_7d": -0.04166666666666785, "day_of_week": 3.0, "NO2_out_roll_max_3d": 15.368132947916665, "dow_cos": -0.22252093395631434, "PM2.5_zbe_roll_mean_30d": 7.412331219806763, "viento_vel_out": 0.7327083333333333, "ICA_out_roll_std_30d": 7.740592864646896, "ventilation_index": 4578.15798611111, "fc_dew_point_d2": 7.948951969376618, "ICA_out_lag_3d": 16.932291666666664, "PM2.5_zbe_lag_2d": 6.496458333333334, "fc_wind_u_d2": 1.6006259933791405, "PM2.5_out": 5.879375, "fc_dew_point_d1": 7.959078791845259, "NO2_zbe_roll_std_14d": 3.324772663576077, "fc_wind_speed_10m_d2": 9.142132224166026, "ICA_out_roll_std_7d": 5.6045337011138585, "PM2.5_zbe_lag_1d": 6.471770833333334, "NO2_zbe_lag_1d": 10.274906333854167, "PM2.5_out_roll_mean_3d": 6.15736111111111, "PM10_zbe_lag_3d": 11.351041666666667, "fc_wind_v_d3": -2.4620621903451383, "fc_temperature_2m_d3": 12.611854087431524, "PM10_out_lag_3d": 9.617494517543859, "traffic_volume_lag_2d": 976849.5, "PM10_zbe_roll_std_7d": 3.834697140636216, "ICA_zbe": 18.354166666666668, "PM10_zbe_roll_std_14d": 4.645530112390459, "fc_sunshine_duration_d1": 32934.2016874397, "PM10_zbe_diff_7d": -0.27145833333333336, "PM2.5_zbe_lag_14d": 6.510416666666667, "PM10_zbe_lag_14d": 11.303541666666668, "ICA_out_lag_2d": 16.911458333333332, "PM2.5_out_diff_7d": 0.06052083333333291, "HDD": 2.8000000000000007, "fc_HDD_d2": 3.0468941704656594, "dia_muy_frio": 0.0, "es_invierno_estricto": 0.0, "domingo_invierno": 0.0, "es_domingo": 0.0}