{"PM2.5_zbe": 6.471770833333334, "PM10_zbe": 11.323645833333334, "ICA_out": 16.880208333333332, "weather_code": 6.041666666666666, "ICA_zbe": 18.354166666666668, "fc_ventilation_index_d1": 4585.689144317419, "rain": 0.30000000000000004, "fc_precipitation_d1": 0.653936894214545, "fc_precipitation_acum_3d_d2": 3.207724047602878, "PM2.5_out": 5.879375, "wind_v": -2.487165127190358, "fc_wind_gusts_10m_d1": 21.795422201725927, "wind_speed_10m": 9.197916666666668, "presion_zbe": 957.6611458333332, "fc_precipitation_acum_3d_d1": 3.055884392089722, "PM10_zbe_roll_std_3d": 2.615089526738786, "PM10_zbe_diff_7d": -0.27145833333333336, "fc_wind_speed_10m_d1": 9.214864016913348, "traffic_occupancy_lag_2d": 14.554819055090656, "fc_precipitation_acum_7d_d3": 10.865617554191507, "traffic_volume_lag_7d": 976841.0, "ICA_zbe_lag_7d": 18.375, "PM10_zbe_lag_30d": 11.255, "temp_max_dia": 17.0, "wind_u": 1.6471217453723828, "NO2_zbe_diff_30d": -0.5156777995312503, "exp_traffic_volume_d2": 926283.8858422939, "presion_out": 958.5502083333333, "viento_vel_out": 0.7327083333333333, "PM2.5_out_roll_max_3d": 8.011145833333334, "fc_cloud_cover_d3": 70.5655761139048, "ventilation_index": 4576.055555555555, "humedad_zbe": 72.06229166666667, "fc_wind_u_d1": 1.476506444270969, "temp_range": 8.8, "viento_dir_out": 146.8514583333333, "NO2_zbe": 10.272515680208333, "PM2.5_zbe_lag_14d": 6.510416666666667, "ICA_zbe_roll_mean_7d": 19.479166666666668, "traffic_volume_lag_14d": 976849.5, "traffic_occupancy": 14.554819055090656, "PM10_zbe_roll_mean_3d": 11.481215277777773, "PM10_zbe_lag_1d": 11.323645833333334, "fc_cloud_cover_d2": 71.03392729563859, "NO2_out_lag_2d": 11.870546959041667, "fc_dew_point_d1": 7.959078791845259, "NO2_zbe_roll_std_30d": 3.7367101903806574, "PM2.5_zbe_roll_std_30d": 3.6413825195908256, "humedad_out": 73.29104166666667, "PM10_out_lag_7d": 9.617494517543859, "PM10_zbe_roll_mean_30d": 11.916989281400967, "HDD_lag_7d": 3.0, "PM2.5_out_lag_3d": 5.879375, "temperature_2m": 12.202083333333334, "fc_wind_gusts_10m_d2": 21.880436609855888, "NO2_out_roll_std_3d": 2.616830303994159, "traffic_occupancy_lag_7d": 14.56003230474198, "PM2.5_zbe_roll_std_14d": 3.1671215181938184, "NO2_out_lag_30d": 12.201351620833334, "ICA_zbe_lag_1d": 18.354166666666668, "PM10_out": 9.6125, "PM10_out_lag_3d": 9.617494517543859, "PM2.5_zbe_lag_3d": 6.496458333333334, "PM10_zbe_roll_mean_14d": 11.89732886904762, "PM2.5_zbe_diff_7d": 0.1383333333333332, "NO2_zbe_lag_3d": 10.285066530208333, "ICA_out_roll_std_3d": 3.6724739386483236, "PM10_out_roll_std_3d": 2.321855816327711, "temperatura_zbe": 14.061458333333334, "ICA_out_roll_mean_3d": 17.104166666666657, "fc_sunshine_duration_d1": 32934.2016874397, "NO2_out": 11.748112477015624, "fc_HDD_d2": 3.0468941704656594, "fc_wind_u_d2": 1.6006259933791405, "PM2.5_out_diff_7d": 0.06052083333333291, "NO2_out_diff_7d": 0.057108715520833186, "ICA_zbe_diff_30d": 0.6041666666666679, "ICA_zbe_lag_30d": 18.354166666666668, "ICA_out_lag_30d": 16.927083333333332, "fc_dew_point_d2": 7.948951969376618, "HDD": 2.8000000000000007, "HDD_acum_7d": 21.2, "HDD_acum_14d": 43.0, "HDD_lag_1d": 2.8000000000000007, "fc_HDD_d1": 2.7566888509162637, "fc_HDD_d3": 3.1912457245313526, "dia_muy_frio": 0.0, "es_invierno_estricto": 0.0, "domingo_invierno": 0.0, "es_domingo": 0.0}