{"NO2_out": 11.787856624505208, "exp_traffic_volume_d1": 925508.440232975, "fc_temperature_2m_d1": 11.931964649321682, "fc_HDD_d1": 2.9138097046373312, "doy_cos": -0.09882013873287143, "fc_wind_gusts_10m_d1": 22.066301649259987, "NO2_zbe_roll_mean_7d": 10.822312747168368, "NO2_out_roll_mean_14d": 12.349959788343437, "traffic_occupancy_lag_1d": 14.554819055090656, "traffic_occupancy_lag_2d": 14.554819055090656, "ICA_out_roll_mean_30d": 18.894791375046662, "exp_traffic_occupancy_d1": 14.347052836405574, "NO2_zbe_roll_std_14d": 3.3314623340062397, "PM10_out_roll_mean_30d": 10.314378880718955, "dew_point": 7.9, "PM10_out_lag_14d": 9.618947368421052, "traffic_occupancy": 14.54937161141397, "traffic_occupancy_lag_14d": 14.554819055090656, "NO2_zbe_roll_std_3d": 2.185452626439741, "NO2_out_diff_7d": 0.04462497582291691, "temp_min_dia": 8.1, "fc_ventilation_index_d1": 4603.596198609924, "fc_cloud_cover_d3": 70.85980641148768, "NO2_zbe_lag_3d": 10.314750142708334, "PM10_zbe_lag_14d": 11.305416666666666, "sunshine_duration": 32443.385000000002, "HDD_acum_14d": 43.2, "NO2_zbe_roll_mean_3d": 10.734470820624999, "PM2.5_out_roll_mean_30d": 6.78902981567197, "PM10_out_roll_max_7d": 15.491875, "NO2_out_roll_std_14d": 3.9068359878240013, "boundary_layer_height": 450.41666666666663, "fc_precipitation_d2": 1.0111261315013838, "NO2_zbe_roll_std_30d": 3.7393626973831373, "wind_gusts_10m": 21.854166666666664, "fc_wind_speed_10m_d3": 9.145257627824687, "PM10_zbe_roll_mean_14d": 11.891525297619047, "PM10_zbe_lag_30d": 11.260416666666666, "fc_wind_v_d3": -2.501413205936653, "NO2_zbe_lag_2d": 10.285066530208333, "NO2_out_roll_std_30d": 4.429519224017818, "PM10_zbe_roll_std_14d": 4.647525423956008, "PM10_out_lag_2d": 9.617494517543859, "HDD_lag_7d": 3.0, "fc_wind_v_d1": -2.2021084864673557, "viento_dir_out": 146.80812500000002, "fc_wind_u_d1": 1.6474556711258173, "PM2.5_zbe_roll_mean_7d": 6.981598084886128, "wind_speed_10m": 9.197916666666668, "NO2_out_roll_max_7d": 18.212777490208335, "temperatura_zbe": 14.044479166666665, "humedad_out": 73.31864583333333, "ICA_zbe_lag_14d": 18.395833333333332, "fc_boundary_layer_height_d2": 514.2094616958502, "dow_sin": 0.0, "HDD_lag_1d": 2.8500000000000005, "PM10_zbe_roll_max_14d": 21.296666666666667, "ICA_out_roll_max_7d": 27.614583333333336, "exp_traffic_volume_d2": 925843.3693548387, "ICA_out_roll_std_30d": 7.7430846679926875, "fc_wind_v_d2": -2.0904676544587915, "wind_v": -2.443800253583631, "ICA_zbe_lag_7d": 18.354166666666668, "traffic_occupancy_lag_7d": 14.56003230474198, "NO2_zbe_lag_14d": 10.51058219375, "fc_HDD_d2": 3.09689440052015, "cloud_cover": 73.52083333333334, "PM2.5_zbe_roll_mean_14d": 7.42718005952381, "temperatura_out": 13.969114583333333, "HDD": 2.8000000000000007, "ICA_out_roll_std_14d": 6.932785193885987, "PM2.5_out_roll_std_30d": 3.3847087390622503, "fc_HDD_d3": 3.256258843079502, "NO2_out_roll_max_14d": 20.420035843333334, "NO2_zbe_roll_mean_30d": 11.72648242246041, "fc_sunshine_duration_d2": 32705.004662621075, "PM10_zbe_lag_7d": 11.304479166666667, "exp_traffic_volume_d3": 926423.303844086, "ICA_out_roll_mean_14d": 19.244791666666664, "fc_ventilation_index_d3": 4510.859432622946, "HDD_acum_7d": 21.299999999999997, "dia_muy_frio": 0.0, "es_invierno_estricto": 0.0, "domingo_invierno": 0.0, "es_domingo": 0.0}