{"PM2.5_out": 5.879375, "ICA_out": 16.880208333333332, "weather_code": 6.041666666666666, "PM10_zbe": 11.323645833333334, "fc_precipitation_acum_3d_d2": 3.207724047602878, "wind_speed_10m": 9.197916666666668, "rain": 0.30000000000000004, "fc_precipitation_acum_7d_d3": 10.865617554191507, "fc_wind_gusts_10m_d1": 21.795422201725927, "wind_gusts_10m": 21.831249999999997, "wind_v": -2.487165127190358, "temp_range": 8.8, "PM10_out": 9.6125, "wind_u": 1.6471217453723828, "PM2.5_zbe": 6.471770833333334, "fc_wind_speed_10m_d1": 9.214864016913348, "ICA_zbe_roll_mean_3d": 18.972222222222218, "PM2.5_out_roll_std_14d": 2.9890164646157276, "NO2_out_roll_std_14d": 3.9008596953985624, "PM10_out_roll_mean_30d": 10.32146568627451, "fc_ventilation_index_d1": 4585.689144317419, "fc_relative_humidity_2m_d1": 78.3854779153029, "fc_cloud_cover_d3": 70.5655761139048, "presion_zbe": 957.6611458333332, "fc_wind_v_d2": -2.566003460941475, "PM2.5_zbe_roll_std_7d": 2.5213672776307723, "PM10_out_lag_3d": 9.617494517543859, "PM2.5_zbe_roll_max_30d": 16.744791666666668, "precipitation": 0.30000000000000004, "exp_traffic_volume_d1": 926085.2012544803, "NO2_out_diff_7d": 0.057108715520833186, "exp_traffic_occupancy_d1": 14.44973401284349, "precipitation_acum_3d": 3.0, "fc_HDD_d2": 3.0468941704656594, "ICA_out_roll_mean_7d": 17.922619047619044, "NO2_zbe": 10.272515680208333, "fc_dew_point_d2": 7.948951969376618, "temp_max_dia": 17.0, "PM10_zbe_lag_30d": 11.255, "viento_vel_out": 0.7327083333333333, "PM10_out_lag_7d": 9.617494517543859, "fc_sunshine_duration_d3": 32930.237003087044, "PM2.5_zbe_diff_7d": 0.1383333333333332, "fc_precipitation_d1": 0.653936894214545, "fc_wind_direction_10m_d2": 210.5247178594065, "PM2.5_zbe_lag_3d": 6.496458333333334, "PM10_out_roll_max_3d": 12.14125, "ICA_zbe_diff_7d": -0.04166666666666785, "NO2_out_diff_30d": -0.040886231111427085, "viento_dir_out": 146.8514583333333, "NO2_out_roll_std_3d": 2.616830303994159, "fc_boundary_layer_height_d3": 505.67205371800776, "fc_temperature_2m_d3": 12.611854087431524, "PM10_out_lag_14d": 9.616041666666666, "fc_boundary_layer_height_d2": 506.3282400610618, "presion_out": 958.5502083333333, "PM2.5_out_lag_3d": 5.879375, "exp_traffic_volume_d2": 926283.8858422939, "exp_traffic_volume_d3": 926673.0965053763, "NO2_out_lag_3d": 11.928370184791667, "fc_relative_humidity_2m_d2": 78.71396744641345, "fc_precipitation_acum_7d_d1": 11.038933550230988, "exp_traffic_occupancy_d3": 14.449877104900164, "PM2.5_out_roll_max_3d": 8.011145833333334, "ICA_out_diff_7d": 0.08333333333333215, "traffic_occupancy_lag_14d": 14.559858115411437, "dow_cos": -0.22252093395631434, "PM10_out_roll_std_3d": 2.321855816327711, "humedad_zbe": 72.06229166666667, "PM10_out_lag_1d": 9.6125, "fc_precipitation_acum_3d_d1": 3.055884392089722, "ICA_zbe_diff_30d": 0.6041666666666679, "temperature_2m": 12.202083333333334, "PM2.5_zbe_roll_std_30d": 3.6413825195908256, "HDD_lag_7d": 3.0, "PM2.5_out_lag_30d": 5.8730208333333325, "PM10_zbe_lag_14d": 11.303541666666668, "fc_boundary_layer_height_d1": 484.3439706536204, "PM2.5_out_roll_mean_7d": 6.443294138090824, "PM2.5_out_diff_7d": 0.06052083333333291, "HDD": 2.8000000000000007, "HDD_acum_7d": 21.2, "HDD_acum_14d": 43.0, "HDD_lag_1d": 2.8000000000000007, "fc_HDD_d1": 2.7566888509162637, "fc_HDD_d3": 3.1912457245313526, "dia_muy_frio": 0.0, "es_invierno_estricto": 0.0, "domingo_invierno": 0.0, "es_domingo": 0.0}