{"PM2.5_out": 5.879375, "ICA_out": 16.880208333333332, "weather_code": 6.145833333333334, "PM10_zbe": 11.323645833333334, "wind_speed_10m": 9.197916666666668, "fc_wind_speed_10m_d1": 9.110501079062914, "fc_precipitation_acum_3d_d2": 3.302053846535591, "fc_boundary_layer_height_d3": 491.38163419488995, "precipitation": 0.30000000000000004, "PM10_out": 9.6125, "fc_cloud_cover_d2": 70.77422941967231, "rain": 0.30000000000000004, "viento_vel_out": 0.7322916666666667, "PM10_zbe_lag_30d": 11.260416666666666, "wind_u": 1.6471217453723828, "fc_relative_humidity_2m_d1": 79.01801167184829, "ICA_zbe_roll_mean_3d": 19.013888888888886, "PM2.5_zbe_roll_mean_7d": 6.981598084886128, "NO2_out_roll_std_14d": 3.9068359878240013, "wind_v": -2.443800253583631, "temp_range": 8.75, "wind_gusts_10m": 21.854166666666664, "ICA_zbe": 18.354166666666668, "PM10_out_roll_mean_30d": 10.314378880718955, "ICA_out_diff_7d": 0.08333333333333393, "fc_cloud_cover_d1": 71.31579160946139, "fc_wind_gusts_10m_d2": 22.192168755648936, "wind_direction_10m": 210.49452358688035, "NO2_zbe": 10.274906333854167, "fc_sunshine_duration_d3": 33225.2207551776, "PM10_zbe_roll_max_14d": 21.296666666666667, "PM10_zbe_roll_std_3d": 2.6249179339478967, "fc_ventilation_index_d3": 4512.034410746693, "PM2.5_out_roll_mean_7d": 6.453876488095237, "PM2.5_out_roll_mean_30d": 6.78902981567197, "fc_sunshine_duration_d1": 32603.213762294694, "PM2.5_zbe_lag_1d": 6.496458333333334, "ICA_zbe_roll_max_30d": 43.4375, "PM2.5_zbe_roll_std_30d": 3.6422339437851545, "NO2_zbe_lag_14d": 10.51058219375, "fc_wind_u_d2": 1.7571956763133454, "PM10_out_lag_30d": 9.608958333333334, "PM10_zbe_diff_30d": 0.13968749999999952, "PM10_out_lag_3d": 9.62874451754386, "fc_ventilation_index_d2": 4631.521719755273, "PM2.5_out_diff_7d": 0.11333333333333329, "fc_wind_speed_10m_d2": 8.971925134867469, "fc_ventilation_index_d1": 4605.614095545485, "ICA_zbe_lag_1d": 18.354166666666668, "NO2_zbe_lag_2d": 10.285066530208333, "PM2.5_zbe_roll_max_30d": 16.744791666666668, "fc_temperature_2m_d3": 12.510810064450906, "fc_wind_gusts_10m_d1": 22.066301649259987, "NO2_zbe_roll_mean_14d": 11.087616600796117, "fc_wind_v_d2": -2.0904676544587915, "ICA_zbe_lag_14d": 18.395833333333332, "ICA_out_roll_mean_7d": 17.93154761904762, "fc_dew_point_d3": 8.13044651946527, "fc_precipitation_d3": 1.0136253039438874, "NO2_zbe_roll_max_3d": 13.370965042385418, "PM2.5_out_roll_std_14d": 2.9965187216779676, "NO2_out_roll_std_30d": 4.42951922401782, "PM2.5_zbe_roll_max_3d": 8.473749999999999, "ICA_zbe_lag_7d": 18.354166666666668, "fc_wind_direction_10m_d3": 211.1231223994509, "doy_sin": 0.19244979981841032, "fc_relative_humidity_2m_d2": 78.32837795500353, "fc_precipitation_d1": 0.7330491528596534, "traffic_occupancy": 14.54937161141397, "NO2_zbe_lag_30d": 10.631906354291667, "ICA_out_roll_std_30d": 7.7430846679926875, "presion_out": 958.5502083333333, "ICA_zbe_roll_max_7d": 29.9375, "ICA_out_roll_max_14d": 31.583333333333332, "PM2.5_zbe_diff_30d": 0.21458333333333357, "traffic_load": 11.306091126220362, "PM2.5_zbe_roll_mean_14d": 7.42718005952381, "ICA_out_lag_2d": 16.932291666666664, "PM10_zbe_lag_2d": 11.351041666666667, "fc_HDD_d2": 3.09689440052015, "HDD": 2.8000000000000007, "HDD_acum_7d": 21.299999999999997, "HDD_acum_14d": 43.2, "HDD_lag_1d": 2.8500000000000005, "HDD_lag_7d": 3.0, "fc_HDD_d1": 2.9138097046373312, "fc_HDD_d3": 3.256258843079502, "dia_muy_frio": 0.0, "es_invierno_estricto": 0.0, "domingo_invierno": 0.0, "es_domingo": 0.0}