{"NO2_zbe": 10.274906333854167, "exp_traffic_volume_d1": 925508.440232975, "HDD_acum_7d": 21.299999999999997, "fc_wind_gusts_10m_d1": 22.066301649259987, "HDD_lag_7d": 3.0, "NO2_zbe_roll_mean_7d": 10.822312747168368, "fc_wind_direction_10m_d1": 210.8066387127057, "HDD_acum_14d": 43.2, "fc_HDD_d1": 2.9138097046373312, "fc_wind_speed_10m_d1": 9.110501079062914, "HDD_lag_1d": 2.8500000000000005, "NO2_out": 11.787856624505208, "fc_wind_v_d1": -2.2021084864673557, "traffic_occupancy_lag_2d": 14.554819055090656, "NO2_out_roll_mean_7d": 12.17087699186482, "NO2_zbe_roll_mean_14d": 11.087616600796117, "traffic_occupancy_lag_1d": 14.554819055090656, "PM10_out_roll_mean_14d": 10.494666997003822, "exp_traffic_occupancy_d1": 14.347052836405574, "NO2_zbe_roll_max_30d": 19.786805083333334, "ICA_out_roll_std_30d": 7.7430846679926875, "traffic_volume_lag_14d": 976732.5, "PM2.5_out_roll_mean_14d": 6.827064732142857, "temperatura_out": 13.969114583333333, "wind_speed_10m": 9.197916666666668, "traffic_occupancy_lag_14d": 14.554819055090656, "fc_dew_point_d2": 8.163435325236932, "traffic_occupancy_lag_7d": 14.56003230474198, "PM10_out_roll_std_30d": 4.552646285881215, "PM10_zbe_roll_mean_30d": 11.912791062801933, "fc_boundary_layer_height_d2": 514.2094616958502, "PM2.5_out_roll_mean_3d": 6.158819444444445, "NO2_zbe_roll_std_30d": 3.739362697383137, "cloud_cover": 73.52083333333334, "dew_point": 7.9, "boundary_layer_height": 450.41666666666663, "fc_HDD_d3": 3.256258843079502, "fc_boundary_layer_height_d1": 487.91922865793725, "wind_v": -2.443800253583631, "ICA_out_lag_30d": 16.9375, "fc_sunshine_duration_d2": 32705.004662621075, "NO2_out_roll_mean_14d": 12.349959788343437, "NO2_zbe_lag_14d": 10.51058219375, "NO2_out_roll_std_30d": 4.42951922401782, "NO2_zbe_lag_30d": 10.631906354291667, "traffic_volume_lag_2d": 977153.5, "PM10_out_roll_mean_30d": 10.314378880718955, "fc_ventilation_index_d1": 4605.614095545485, "fc_sunshine_duration_d3": 33225.2207551776, "traffic_volume": 976732.5, "PM2.5_out_roll_max_3d": 8.026197916666668, "PM2.5_out_lag_1d": 5.897395833333333, "ICA_zbe_lag_2d": 18.375, "es_verano": 0.0, "fc_precipitation_d3": 1.0136253039438874, "NO2_zbe_diff_7d": -0.06307266145833257, "day_of_year": 162.0, "humedad_zbe": 72.07479166666667, "exp_traffic_occupancy_d3": 14.350268184828243, "fc_temperature_2m_d1": 11.931964649321682, "PM2.5_zbe_lag_1d": 6.496458333333334, "PM10_zbe_lag_30d": 11.260416666666666, "NO2_zbe_roll_std_14d": 3.33146233400624, "NO2_out_lag_3d": 11.9348468359375, "PM2.5_zbe_lag_3d": 6.511354166666667, "ventilation_index": 4594.962239583334, "PM2.5_zbe_roll_mean_3d": 6.680812198067636, "ICA_zbe_roll_mean_30d": 20.540247584541063, "NO2_zbe_lag_2d": 10.285066530208333, "PM10_zbe_roll_mean_3d": 11.485902777777774, "PM10_out_diff_7d": -0.08999999999999986, "temperature_2m": 12.189583333333335, "NO2_out_roll_std_7d": 3.5701963949820863, "viento_dir_out": 146.80812500000002, "NO2_zbe_lag_1d": 10.278691524479168, "traffic_volume_lag_7d": 976841.0, "PM10_out_roll_mean_7d": 10.198355654761905, "fc_HDD_d2": 3.09689440052015, "fc_wind_speed_10m_d3": 9.145257627824687, "traffic_occupancy": 14.54937161141397, "HDD": 2.8000000000000007, "dia_muy_frio": 0.0, "es_invierno_estricto": 0.0, "domingo_invierno": 0.0, "es_domingo": 0.0}