{"NO2_zbe": 10.274906333854167, "exp_traffic_volume_d1": 925508.440232975, "HDD_acum_7d": 21.299999999999997, "fc_wind_gusts_10m_d1": 22.066301649259987, "HDD_lag_7d": 3.0, "NO2_zbe_roll_mean_7d": 10.822312747168368, "fc_wind_direction_10m_d1": 210.8066387127057, "fc_HDD_d1": 2.9138097046373312, "HDD_acum_14d": 43.2, "fc_wind_speed_10m_d1": 9.110501079062914, "HDD_lag_1d": 2.8500000000000005, "fc_wind_v_d1": -2.2021084864673557, "NO2_out": 11.787856624505208, "traffic_occupancy_lag_2d": 14.554819055090656, "NO2_zbe_roll_mean_14d": 11.087616600796117, "NO2_out_roll_mean_7d": 12.17087699186482, "traffic_occupancy_lag_1d": 14.554819055090656, "exp_traffic_occupancy_d1": 14.347052836405574, "NO2_zbe_roll_max_30d": 19.786805083333334, "ICA_out_roll_std_30d": 7.7430846679926875, "traffic_occupancy_lag_7d": 14.56003230474198, "PM2.5_out_roll_mean_14d": 6.827064732142857, "traffic_volume_lag_14d": 976732.5, "fc_dew_point_d2": 8.163435325236932, "temperatura_out": 13.969114583333333, "PM10_out_roll_mean_14d": 10.494666997003822, "traffic_occupancy_lag_14d": 14.554819055090656, "wind_speed_10m": 9.197916666666668, "PM10_out_roll_std_30d": 4.552646285881215, "fc_ventilation_index_d1": 4603.596198609924, "fc_boundary_layer_height_d2": 514.2094616958502, "PM10_zbe_roll_mean_30d": 11.912791062801933, "traffic_volume_lag_2d": 977153.5, "NO2_zbe_roll_std_30d": 3.7393626973831373, "cloud_cover": 73.52083333333334, "NO2_zbe_lag_30d": 10.631906354291667, "fc_sunshine_duration_d3": 33225.2207551776, "wind_v": -2.443800253583631, "fc_boundary_layer_height_d1": 487.91922865793725, "PM2.5_out_roll_mean_3d": 6.158819444444445, "boundary_layer_height": 450.41666666666663, "NO2_zbe_lag_14d": 10.51058219375, "ICA_out_lag_30d": 16.9375, "PM2.5_zbe_roll_mean_3d": 6.680812198067633, "fc_HDD_d3": 3.256258843079502, "fc_sunshine_duration_d2": 32705.004662621075, "PM10_out_roll_mean_30d": 10.314378880718955, "NO2_out_roll_std_30d": 4.429519224017818, "NO2_zbe_diff_7d": -0.06307266145833257, "traffic_volume_lag_7d": 976841.0, "dew_point": 7.9, "viento_dir_out": 146.80812500000002, "es_verano": 0.0, "ICA_zbe_lag_2d": 18.375, "PM2.5_out_lag_1d": 5.897395833333333, "PM2.5_out_roll_max_3d": 8.026197916666668, "NO2_out_roll_mean_14d": 12.349959788343437, "fc_precipitation_d3": 1.0136253039438874, "fc_temperature_2m_d1": 11.931964649321682, "PM10_zbe_lag_30d": 11.260416666666666, "NO2_zbe_roll_std_14d": 3.3314623340062397, "PM2.5_zbe_lag_1d": 6.496458333333334, "NO2_out_lag_3d": 11.9348468359375, "ventilation_index": 4585.185763888889, "ICA_zbe_roll_mean_30d": 20.540247584541063, "PM10_zbe_roll_mean_3d": 11.485902777777774, "NO2_out_roll_std_7d": 3.570196394982084, "PM2.5_zbe_lag_3d": 6.511354166666667, "NO2_zbe_lag_2d": 10.285066530208333, "exp_traffic_occupancy_d3": 14.350268184828243, "PM10_out_diff_7d": -0.08999999999999986, "fc_HDD_d2": 3.09689440052015, "ICA_out_lag_14d": 16.958333333333332, "day_of_week": 3.0, "PM10_out_roll_mean_7d": 10.198355654761905, "fc_precipitation_d1": 0.7330491528596534, "ICA_out_roll_std_14d": 6.932785193885987, "fc_dew_point_d3": 8.13044651946527, "NO2_zbe_lag_1d": 10.278691524479168, "PM10_zbe_roll_max_14d": 21.296666666666667, "HDD": 2.8000000000000007, "dia_muy_frio": 0.0, "es_invierno_estricto": 0.0, "domingo_invierno": 0.0, "es_domingo": 0.0}