{"PM2.5_out": 5.879375, "ICA_out": 16.880208333333332, "PM10_zbe": 11.323645833333334, "weather_code": 6.041666666666666, "wind_speed_10m": 9.197916666666668, "fc_precipitation_acum_3d_d2": 3.207724047602878, "rain": 0.30000000000000004, "wind_v": -2.487165127190358, "fc_precipitation_acum_7d_d3": 10.865617554191507, "fc_ventilation_index_d1": 4589.68366827483, "fc_wind_gusts_10m_d1": 21.795422201725927, "temp_range": 8.8, "fc_wind_speed_10m_d1": 9.214864016913348, "wind_u": 1.6471217453723828, "wind_gusts_10m": 21.831249999999997, "NO2_out_roll_std_14d": 3.9008596953985624, "PM2.5_zbe": 6.471770833333334, "fc_precipitation_acum_3d_d1": 3.055884392089722, "PM10_out_lag_7d": 9.617494517543859, "PM2.5_zbe_diff_7d": 0.1383333333333332, "traffic_volume_lag_7d": 976841.0, "wind_direction_10m": 210.49452358688035, "fc_ventilation_index_d2": 4562.592206484246, "HDD_lag_7d": 3.0, "fc_cloud_cover_d1": 72.08493274410125, "fc_dew_point_d3": 8.153270293350541, "fc_temperature_2m_d2": 12.220588633137044, "sunshine_duration": 32521.300000000003, "NO2_zbe_diff_30d": -0.5156777995312503, "NO2_out_diff_30d": -0.040886231111427085, "PM10_out_lag_3d": 9.617494517543859, "PM10_zbe_lag_2d": 11.323645833333334, "PM10_zbe_lag_30d": 11.255, "temp_max_dia": 17.0, "NO2_zbe": 10.272515680208333, "viento_vel_out": 0.7327083333333333, "PM2.5_out_lag_3d": 5.879375, "PM10_out_roll_std_30d": 4.548486343020169, "PM2.5_out_roll_std_14d": 2.9890164646157276, "fc_boundary_layer_height_d1": 484.3439706536204, "PM2.5_zbe_lag_1d": 6.471770833333334, "ICA_zbe_lag_14d": 18.395833333333332, "PM10_zbe_roll_mean_3d": 11.481215277777773, "fc_temperature_2m_d3": 12.611854087431524, "fc_boundary_layer_height_d3": 505.67205371800776, "ICA_zbe_roll_max_30d": 43.4375, "NO2_out_lag_3d": 11.928370184791667, "exp_traffic_occupancy_d1": 14.348885043276074, "dow_cos": -0.22252093395631434, "presion_out": 958.5502083333333, "ICA_zbe": 18.354166666666668, "PM10_out_roll_max_14d": 18.598541666666666, "doy_sin": 0.19667288979357647, "NO2_zbe_roll_max_3d": 13.363992345, "ICA_zbe_roll_max_14d": 36.229166666666664, "PM10_out_lag_14d": 9.616041666666666, "fc_wind_v_d2": -2.566003460941475, "PM10_out_lag_30d": 9.589375, "fc_wind_speed_10m_d3": 9.164158461867608, "fc_precipitation_acum_7d_d2": 10.599310798487304, "PM10_zbe_lag_1d": 11.323645833333334, "cloud_cover": 73.47916666666666, "PM2.5_out_diff_7d": 0.06052083333333291, "fc_wind_u_d3": 1.4193584147513043, "fc_wind_direction_10m_d2": 210.5247178594065, "fc_sunshine_duration_d1": 32934.2016874397, "fc_HDD_d1": 2.7566888509162637, "traffic_volume": 976486.0, "ICA_zbe_diff_30d": 0.6041666666666679, "fc_precipitation_d1": 0.653936894214545, "fc_precipitation_acum_7d_d1": 11.038933550230988, "NO2_out_diff_7d": 0.057108715520833186, "ICA_zbe_lag_1d": 18.354166666666668, "humedad_zbe": 72.06229166666667, "fc_wind_v_d3": -2.4620621903451383, "ICA_out_roll_mean_7d": 17.922619047619044, "PM2.5_zbe_roll_std_7d": 2.5213672776307705, "NO2_zbe_roll_max_14d": 17.977101739583333, "PM2.5_out_roll_std_30d": 3.384500737260729, "PM10_out_roll_max_3d": 12.14125, "HDD": 2.8000000000000007, "HDD_acum_7d": 21.2, "HDD_acum_14d": 43.0, "HDD_lag_1d": 2.8000000000000007, "fc_HDD_d2": 3.0468941704656594, "fc_HDD_d3": 3.1912457245313526, "dia_muy_frio": 0.0, "es_invierno_estricto": 0.0, "domingo_invierno": 0.0, "es_domingo": 0.0}