{"NO2_out": 11.594830208333333, "exp_traffic_volume_d1": 925886.5166666666, "temperatura_out": 14.331979166666667, "temperature_2m": 12.383333333333333, "NO2_out_roll_mean_14d": 11.950197008874474, "NO2_out_lag_3d": 11.595328262499999, "temp_min_dia": 8.5, "dew_point": 8.208333333333334, "temp_max_dia": 17.4, "cloud_cover": 72.79166666666667, "NO2_out_lag_2d": 11.595328262499999, "NO2_out_roll_max_30d": 21.386133207447916, "dow_cos": -0.22252093395631434, "viento_vel_out": 0.7391666666666667, "NO2_out_roll_mean_7d": 11.805355917396303, "HDD": 2.5999999999999996, "PM10_out_lag_14d": 9.616041666666666, "ICA_zbe_roll_std_7d": 6.194018465316079, "traffic_volume": 967923.0, "precipitation_acum_7d": 10.4, "HDD_acum_7d": 18.4, "day_of_week": 3.0, "NO2_out_roll_max_7d": 18.013957222395835, "NO2_zbe_lag_7d": 10.163742257708334, "NO2_out_lag_14d": 11.715058704479167, "exp_traffic_occupancy_d1": 14.476188632162092, "traffic_occupancy": 14.630695017361111, "PM2.5_zbe_roll_std_30d": 3.6520641883252996, "NO2_out_diff_30d": 0.16744329412500036, "NO2_zbe_roll_max_30d": 19.389961189708334, "ICA_zbe_lag_30d": 18.395833333333332, "PM2.5_zbe_roll_std_3d": 1.6971999552435637, "NO2_zbe_roll_max_3d": 12.995039282916666, "NO2_out_roll_max_3d": 15.172699394979167, "PM2.5_out_lag_2d": 6.051666666666667, "PM2.5_out_roll_std_30d": 3.4036892286084224, "ICA_out_roll_max_7d": 28.145833333333332, "PM2.5_out_roll_mean_30d": 6.8145902777777785, "ICA_out_lag_2d": 17.03125, "humedad_out": 72.83109375000001, "PM10_zbe_lag_2d": 11.494166666666667, "PM2.5_zbe_roll_std_7d": 2.5343478153290944, "PM10_out_lag_2d": 9.71125, "PM2.5_out_roll_mean_7d": 6.560446428571429, "wind_v": -2.9868195804375395, "PM2.5_out_roll_mean_14d": 6.8507725840336136, "ICA_zbe_lag_2d": 18.666666666666668, "exp_traffic_volume_d3": 926286.45, "traffic_load": 11.331056084379359, "PM10_out_roll_mean_7d": 10.268874481158283, "NO2_zbe_roll_mean_3d": 10.425050952638886, "NO2_zbe_roll_mean_7d": 10.454359757377976, "PM2.5_zbe_roll_mean_3d": 6.757361111111113, "ICA_out_roll_mean_3d": 17.295138888888868, "ICA_zbe_roll_mean_7d": 19.803571428571427, "NO2_out_lag_30d": 11.928370184791667, "temp_media_dia": 12.4, "ICA_zbe_lag_14d": 18.354166666666668, "wind_u": 1.4469840513231877, "NO2_out_roll_std_3d": 2.5705018307865317, "ICA_out_roll_mean_30d": 18.98159722222222, "PM10_zbe_roll_std_3d": 2.6123092783254362, "exp_traffic_occupancy_d2": 14.477527710543484, "ICA_out_lag_30d": 16.947916666666664, "PM2.5_zbe_roll_std_14d": 3.195697428179711, "temperatura_zbe": 14.415624999999999, "PM10_out_roll_max_7d": 15.509375, "ICA_out_diff_30d": 0.5409418201838996, "ICA_out_diff_7d": 0.14583333333333393, "humedad_zbe": 71.77916666666667, "ICA_zbe_roll_std_30d": 8.82027656006007, "HDD_lag_1d": 2.5999999999999996, "precipitation_acum_3d": 2.8000000000000003, "PM10_out_roll_mean_30d": 10.465211805555555, "PM10_out_roll_std_14d": 4.022312262857333, "PM10_zbe_diff_7d": -0.19083333333333385, "NO2_zbe": 10.063136903750001, "ICA_out_lag_14d": 16.9375, "PM2.5_zbe_lag_1d": 6.578888888888889, "PM2.5_out_diff_7d": 0.13312499999999972, "HDD_acum_14d": 40.0, "HDD_lag_7d": 2.6999999999999993, "dia_muy_frio": 0.0, "es_invierno_estricto": 0.0, "domingo_invierno": 0.0, "es_domingo": 0.0}