{"NO2_zbe_roll_mean_7d": 10.454359757377976, "NO2_zbe": 10.063136903750001, "exp_traffic_volume_d1": 925886.5166666666, "dew_point": 8.208333333333334, "HDD_acum_7d": 18.4, "wind_v": -2.9868195804375395, "traffic_occupancy_lag_2d": 14.630695017361111, "HDD_acum_14d": 40.0, "NO2_out_diff_7d": 0.08034492186458397, "temp_media_dia": 12.4, "NO2_out": 11.594830208333333, "NO2_out_lag_2d": 11.595328262499999, "presion_zbe": 957.6115625, "temp_max_dia": 17.4, "viento_vel_out": 0.7391666666666667, "relative_humidity_2m": 78.5, "day_of_week": 3.0, "ICA_out_roll_std_7d": 5.661286179863867, "HDD": 2.5999999999999996, "exp_traffic_volume_d3": 926286.45, "PM10_out_roll_max_30d": 21.505208333333332, "NO2_out_roll_max_3d": 15.172699394979167, "PM10_zbe_roll_mean_14d": 12.012470238095238, "dow_cos": -0.22252093395631434, "traffic_occupancy_lag_7d": 14.630695017361111, "ICA_out_lag_30d": 16.947916666666664, "NO2_zbe_roll_std_30d": 3.6906336048852504, "NO2_zbe_roll_max_14d": 17.52089076875, "ICA_zbe_lag_14d": 18.354166666666668, "PM2.5_out_roll_mean_7d": 6.560446428571429, "NO2_zbe_lag_30d": 10.285066530208333, "ICA_zbe_lag_3d": 18.666666666666668, "traffic_volume_lag_2d": 970775.0, "HDD_lag_1d": 2.5999999999999996, "NO2_zbe_roll_max_3d": 12.995039282916666, "ICA_zbe_roll_max_7d": 30.208333333333332, "PM10_out_lag_30d": 9.617494517543859, "NO2_zbe_roll_mean_14d": 10.667943608525297, "PM2.5_zbe_lag_14d": 6.482500000000001, "viento_dir_out": 147.22854166666667, "temperature_2m": 12.383333333333333, "traffic_occupancy_lag_14d": 14.622553469316598, "PM2.5_out_lag_3d": 6.033541666666667, "ICA_out_roll_max_7d": 28.145833333333332, "ICA_zbe_roll_std_30d": 8.82027656006007, "traffic_volume_lag_1d": 969320.0, "PM2.5_zbe_roll_std_7d": 2.5343478153290944, "PM2.5_zbe_roll_mean_14d": 7.4859374999999995, "NO2_zbe_diff_30d": -0.3675703791666667, "NO2_zbe_lag_14d": 10.21155483125, "ICA_zbe_roll_std_7d": 6.194018465316079, "PM10_out_roll_std_7d": 3.3867627769461723, "ICA_out_diff_7d": 0.14583333333333393, "PM2.5_zbe_lag_7d": 6.526458333333333, "NO2_out_lag_3d": 11.595328262499999, "PM10_zbe_roll_max_30d": 23.823513513513515, "traffic_occupancy": 14.630695017361111, "ICA_zbe_roll_mean_3d": 19.222222222222225, "traffic_occupancy_lag_1d": 14.630695017361111, "PM2.5_zbe_roll_max_7d": 11.509791666666667, "PM2.5_out_roll_std_14d": 3.0116948593326933, "NO2_zbe_roll_mean_30d": 11.619235801767013, "PM2.5_out_lag_1d": 6.0754166666666665, "ICA_out_roll_max_14d": 31.583333333333332, "ICA_zbe": 18.666666666666668, "NO2_out_roll_mean_7d": 11.805355917396303, "PM10_zbe_lag_3d": 11.485, "PM2.5_zbe_roll_std_14d": 3.195697428179711, "exp_traffic_occupancy_d1": 14.476188632162092, "PM10_zbe_roll_std_30d": 5.048167206130762, "NO2_out_diff_30d": 0.16744329412500036, "ICA_out_lag_14d": 16.9375, "es_verano": 0.0, "ICA_out_roll_mean_30d": 18.98159722222222, "temp_min_dia": 8.5, "PM2.5_out_lag_14d": 5.883541666666667, "PM10_out_roll_max_3d": 12.468541666666667, "ICA_zbe_lag_1d": 18.666666666666668, "PM2.5_out_roll_mean_30d": 6.8145902777777785, "precipitation_acum_3d": 2.8000000000000003, "HDD_lag_7d": 2.6999999999999993, "dia_muy_frio": 0.0, "es_invierno_estricto": 0.0, "domingo_invierno": 0.0, "es_domingo": 0.0}