{"NO2_out": 11.748112477015624, "exp_traffic_volume_d1": 925843.3693548387, "fc_temperature_2m_d1": 11.943853759935916, "doy_cos": -0.09882013873287177, "fc_wind_gusts_10m_d1": 21.795422201725927, "fc_wind_speed_10m_d1": 9.214864016913348, "traffic_volume_lag_1d": 976732.5, "traffic_occupancy_lag_1d": 14.554819055090656, "exp_traffic_occupancy_d1": 14.348885043276074, "traffic_occupancy_lag_2d": 14.554819055090656, "fc_HDD_d2": 3.0468941704656594, "day_of_week": 3.0, "traffic_occupancy": 14.554819055090656, "dew_point": 7.933333333333333, "PM10_zbe_lag_14d": 11.303541666666668, "PM10_out_roll_mean_30d": 10.321510825163399, "fc_temperature_2m_d2": 12.220588633137044, "fc_ventilation_index_d3": 4631.126295141775, "NO2_zbe_roll_std_14d": 3.324772663576077, "PM10_zbe_roll_max_14d": 21.296666666666667, "fc_precipitation_d1": 0.653936894214545, "relative_humidity_2m": 78.83333333333333, "ICA_out_roll_mean_30d": 18.88697887504666, "fc_precipitation_acum_3d_d2": 3.207724047602878, "fc_precipitation_acum_3d_d1": 3.055884392089722, "PM10_zbe_roll_mean_14d": 11.89732886904762, "fc_precipitation_acum_7d_d1": 11.038933550230988, "traffic_volume_lag_14d": 976849.5, "PM10_out_roll_std_3d": 2.3218558163277274, "PM2.5_zbe_roll_std_7d": 2.5213672776307705, "fc_wind_v_d2": -2.566003460941475, "PM2.5_out_roll_mean_30d": 6.787399214606416, "ICA_zbe_roll_std_14d": 7.659491393134546, "fc_dew_point_d1": 7.959078791845259, "ICA_zbe_lag_30d": 18.354166666666668, "PM10_out_lag_14d": 9.616041666666666, "NO2_zbe_roll_std_30d": 3.7367101903806574, "PM2.5_zbe_roll_std_14d": 3.1671215181938184, "viento_vel_out": 0.7327083333333333, "NO2_zbe_diff_7d": -0.04940627083333382, "ICA_zbe_roll_mean_14d": 20.53125, "NO2_out_roll_max_14d": 20.42003584333333, "PM2.5_zbe_roll_mean_30d": 7.412331219806763, "NO2_zbe_diff_30d": -0.5156777995312503, "fc_cloud_cover_d3": 70.5655761139048, "PM2.5_out_roll_std_7d": 2.521196419232268, "PM10_zbe_lag_2d": 11.323645833333334, "PM2.5_out_roll_mean_3d": 6.15736111111111, "PM2.5_zbe_roll_std_30d": 3.6413825195908256, "exp_traffic_volume_d3": 926756.1693548387, "humedad_out": 73.29104166666667, "wind_speed_10m": 9.197916666666668, "wind_u": 1.6471217453723828, "NO2_out_lag_3d": 11.928370184791667, "NO2_out_roll_mean_30d": 12.722606292405317, "traffic_occupancy_lag_7d": 14.56003230474198, "wind_gusts_10m": 21.831249999999997, "NO2_zbe_lag_30d": 10.61158613125, "NO2_out_lag_1d": 11.787856624505208, "PM10_zbe_lag_30d": 11.255, "NO2_out_roll_mean_3d": 12.183104966579865, "NO2_out_lag_2d": 11.870546959041667, "fc_HDD_d3": 3.1912457245313526, "PM10_zbe_roll_mean_30d": 11.916989281400967, "NO2_zbe_lag_14d": 10.501617320833333, "ICA_out_lag_2d": 16.911458333333332, "precipitation_acum_7d": 10.950000000000003, "fc_boundary_layer_height_d3": 505.67205371800776, "HDD_lag_7d": 3.0, "PM10_out_roll_max_3d": 12.14125, "ICA_out": 16.880208333333332, "PM2.5_zbe_roll_max_7d": 11.4175, "fc_dew_point_d2": 7.948951969376618, "ICA_out_roll_std_3d": 3.6724739386483236, "wind_direction_10m": 210.49452358688035, "PM2.5_out_lag_30d": 5.8730208333333325, "PM10_zbe_roll_std_3d": 2.615089526738786, "NO2_out_diff_7d": 0.057108715520833186, "PM2.5_out": 5.879375, "NO2_out_lag_7d": 11.972698302421875, "HDD": 2.8000000000000007, "HDD_acum_7d": 21.2, "HDD_acum_14d": 43.0, "HDD_lag_1d": 2.8000000000000007, "fc_HDD_d1": 2.7566888509162637, "dia_muy_frio": 0.0, "es_invierno_estricto": 0.0, "domingo_invierno": 0.0, "es_domingo": 0.0}