{"ICA_out": 16.880208333333332, "PM10_out": 9.6125, "PM10_zbe": 11.323645833333334, "PM2.5_out": 5.879375, "fc_wind_speed_10m_d1": 9.110501079062914, "cloud_cover": 73.52083333333334, "wind_v": -2.443800253583631, "relative_humidity_2m": 78.85416666666666, "fc_precipitation_acum_3d_d1": 3.020889632757133, "viento_vel_out": 0.7322916666666667, "fc_precipitation_acum_3d_d2": 3.302053846535591, "weather_code": 6.145833333333334, "rain": 0.30000000000000004, "presion_out": 958.5502083333333, "wind_speed_10m": 9.197916666666668, "exp_traffic_occupancy_d1": 14.347052836405574, "precipitation": 0.30000000000000004, "ICA_out_lag_3d": 16.947916666666664, "precipitation_acum_3d": 3.0, "ICA_zbe": 18.354166666666668, "wind_direction_10m": 210.49452358688035, "fc_boundary_layer_height_d3": 491.38163419488995, "fc_dew_point_d2": 8.163435325236932, "PM2.5_out_diff_7d": 0.11333333333333329, "PM2.5_zbe_lag_1d": 6.496458333333334, "fc_wind_direction_10m_d2": 211.2162274466677, "temp_range": 8.75, "fc_cloud_cover_d2": 70.77422941967231, "exp_traffic_volume_d3": 926423.303844086, "fc_precipitation_acum_7d_d3": 10.796647254647914, "fc_sunshine_duration_d2": 32705.004662621075, "PM2.5_out_lag_7d": 5.874114583333332, "PM10_zbe_diff_7d": -0.2639583333333313, "fc_relative_humidity_2m_d3": 78.11035163610653, "PM2.5_zbe_diff_7d": 0.14854166666666657, "NO2_out_roll_std_3d": 2.626533226821632, "fc_relative_humidity_2m_d1": 79.01801167184829, "fc_precipitation_acum_3d_d3": 3.5401608199792625, "fc_sunshine_duration_d3": 33225.2207551776, "NO2_zbe": 10.274906333854167, "PM2.5_zbe_roll_mean_7d": 6.981598084886128, "fc_ventilation_index_d1": 4603.596198609924, "PM2.5_zbe_lag_3d": 6.511354166666667, "NO2_zbe_lag_30d": 10.631906354291667, "fc_sunshine_duration_d1": 32603.213762294694, "fc_wind_gusts_10m_d1": 22.066301649259987, "doy_sin": 0.19244979981841032, "NO2_zbe_lag_14d": 10.51058219375, "temp_max_dia": 17.0, "ICA_out_roll_mean_7d": 17.93154761904762, "NO2_out_diff_7d": 0.04462497582291691, "exp_traffic_occupancy_d2": 14.348885043276074, "fc_wind_v_d3": -2.501413205936653, "PM10_out_lag_14d": 9.618947368421052, "NO2_out_roll_mean_14d": 12.349959788343437, "ICA_zbe_lag_1d": 18.354166666666668, "ICA_zbe_diff_30d": 0.6041666666666679, "NO2_zbe_diff_7d": -0.06307266145833257, "PM2.5_zbe_diff_30d": 0.21458333333333357, "humedad_out": 73.31864583333333, "NO2_out_roll_max_7d": 18.212777490208335, "NO2_zbe_lag_3d": 10.314750142708334, "PM2.5_out_roll_max_14d": 12.40359375, "traffic_occupancy_lag_2d": 14.554819055090656, "PM2.5_zbe_roll_mean_30d": 7.414803442028985, "NO2_out_diff_30d": 0.021953820958333203, "PM10_out_roll_std_3d": 2.32752835991856, "fc_wind_gusts_10m_d2": 22.192168755648936, "PM10_out_roll_max_30d": 21.505208333333332, "traffic_occupancy_lag_1d": 14.554819055090656, "boundary_layer_height": 450.41666666666663, "fc_precipitation_d2": 1.0111261315013838, "HDD_acum_7d": 21.299999999999997, "NO2_out_lag_7d": 11.985846770078126, "ICA_out_lag_1d": 16.911458333333332, "NO2_out": 11.787856624505208, "PM2.5_zbe_roll_max_14d": 13.854583333333332, "traffic_occupancy": 14.54937161141397, "fc_relative_humidity_2m_d2": 78.32837795500353, "PM10_out_roll_max_14d": 18.598541666666666, "HDD": 2.8000000000000007, "HDD_acum_14d": 43.2, "HDD_lag_1d": 2.8500000000000005, "HDD_lag_7d": 3.0, "fc_HDD_d1": 2.9138097046373312, "fc_HDD_d2": 3.09689440052015, "fc_HDD_d3": 3.256258843079502, "dia_muy_frio": 0.0, "es_invierno_estricto": 0.0, "domingo_invierno": 0.0, "es_domingo": 0.0}