{"NO2_out": 11.787856624505208, "exp_traffic_volume_d1": 925508.440232975, "fc_temperature_2m_d1": 11.931964649321682, "doy_cos": -0.09882013873287143, "fc_HDD_d1": 2.9138097046373312, "fc_wind_gusts_10m_d1": 22.066301649259987, "NO2_zbe_roll_mean_7d": 10.822312747168368, "exp_traffic_occupancy_d1": 14.347052836405574, "NO2_zbe_roll_std_14d": 3.33146233400624, "PM10_out_lag_14d": 9.618947368421052, "traffic_occupancy_lag_2d": 14.554819055090656, "traffic_occupancy_lag_1d": 14.554819055090656, "NO2_out_roll_mean_14d": 12.349959788343437, "PM10_zbe_lag_14d": 11.305416666666666, "ICA_out_roll_mean_30d": 18.894791375046662, "NO2_zbe_roll_mean_14d": 11.087616600796117, "HDD_lag_7d": 3.0, "temperatura_zbe": 14.044479166666665, "HDD_acum_14d": 43.2, "viento_dir_out": 146.80812500000002, "PM10_out_roll_mean_14d": 10.494666997003822, "viento_vel_out": 0.7322916666666667, "fc_boundary_layer_height_d2": 514.2094616958502, "fc_wind_v_d3": -2.501413205936653, "PM10_out_roll_mean_30d": 10.314378880718955, "dew_point": 7.9, "temperatura_out": 13.969114583333333, "NO2_zbe_roll_std_3d": 2.1854526264397363, "NO2_zbe_lag_2d": 10.285066530208333, "PM2.5_out_roll_mean_30d": 6.78902981567197, "traffic_occupancy": 14.54937161141397, "fc_ventilation_index_d1": 4605.614095545485, "fc_wind_direction_10m_d1": 210.8066387127057, "PM10_out_roll_std_30d": 4.552646285881215, "PM10_zbe_roll_mean_14d": 11.891525297619047, "NO2_zbe_lag_14d": 10.51058219375, "ICA_zbe_roll_std_14d": 7.669935008993375, "PM10_out_roll_max_7d": 15.491875, "fc_ventilation_index_d3": 4512.034410746693, "NO2_zbe_roll_std_30d": 3.739362697383137, "PM10_zbe_roll_max_14d": 21.296666666666667, "NO2_out_diff_7d": 0.04462497582291647, "dow_sin": 0.0, "fc_precipitation_d2": 1.0111261315013838, "fc_HDD_d3": 3.256258843079502, "HDD_lag_1d": 2.8500000000000005, "NO2_zbe_lag_3d": 10.314750142708334, "traffic_occupancy_lag_14d": 14.554819055090656, "exp_traffic_volume_d3": 926423.303844086, "NO2_zbe_roll_mean_30d": 11.72648242246041, "cloud_cover": 73.52083333333334, "PM10_zbe_lag_2d": 11.351041666666667, "PM2.5_zbe_roll_mean_14d": 7.42718005952381, "exp_traffic_occupancy_d3": 14.350268184828243, "PM10_zbe_roll_max_3d": 14.568541666666667, "ICA_zbe_lag_7d": 18.354166666666668, "PM2.5_out_roll_std_3d": 1.6382954547371043, "NO2_out_roll_max_7d": 18.212777490208335, "ICA_out_roll_max_7d": 27.614583333333336, "day_of_week": 3.0, "fc_precipitation_d3": 1.0136253039438874, "PM2.5_out_roll_std_30d": 3.3847087390622486, "NO2_out_roll_std_30d": 4.42951922401782, "PM2.5_out_roll_std_7d": 2.5211964192322753, "fc_precipitation_acum_7d_d3": 10.796647254647914, "fc_wind_v_d1": -2.2021084864673557, "dow_cos": -0.22252093395631434, "NO2_out_roll_max_14d": 20.42003584333333, "relative_humidity_2m": 78.85416666666666, "NO2_out_roll_std_3d": 2.6265332268216115, "NO2_out_roll_std_14d": 3.9068359878240013, "PM10_zbe_lag_7d": 11.304479166666667, "day_of_year": 162.0, "PM10_out_roll_std_3d": 2.3275283599185, "temp_max_dia": 17.0, "PM10_zbe_roll_std_3d": 2.6249179339478967, "traffic_volume_lag_2d": 977153.5, "wind_v": -2.443800253583631, "NO2_zbe_roll_max_30d": 19.786805083333334, "PM2.5_zbe_roll_std_3d": 1.6964743004622658, "HDD": 2.8000000000000007, "HDD_acum_7d": 21.299999999999997, "fc_HDD_d2": 3.09689440052015, "dia_muy_frio": 0.0, "es_invierno_estricto": 0.0, "domingo_invierno": 0.0, "es_domingo": 0.0}