{"NO2_zbe": 10.272515680208333, "exp_traffic_volume_d1": 926085.2012544803, "NO2_zbe_roll_mean_7d": 10.797068864215987, "HDD_acum_7d": 21.2, "HDD_lag_1d": 2.8000000000000007, "HDD_lag_7d": 3.0, "fc_wind_speed_10m_d1": 9.214864016913348, "traffic_occupancy_lag_2d": 14.554819055090656, "fc_dew_point_d1": 7.959078791845259, "NO2_out": 11.748112477015624, "fc_wind_gusts_10m_d1": 21.795422201725927, "fc_wind_direction_10m_d1": 210.57340525420034, "fc_wind_v_d1": -2.401709578909678, "traffic_occupancy_lag_14d": 14.559858115411437, "NO2_zbe_roll_std_30d": 3.7367101903806574, "traffic_occupancy_lag_1d": 14.554819055090656, "fc_boundary_layer_height_d1": 484.3439706536204, "HDD_acum_14d": 43.0, "dew_point": 7.933333333333333, "fc_wind_speed_10m_d2": 9.142132224166026, "NO2_zbe_lag_2d": 10.278691524479168, "fc_HDD_d3": 3.1912457245313526, "fc_wind_u_d1": 1.476506444270969, "PM10_out_diff_7d": -0.09968749999999993, "traffic_volume_lag_7d": 976841.0, "wind_v": -2.487165127190358, "NO2_out_lag_3d": 11.928370184791667, "day_of_week": 3.0, "exp_traffic_occupancy_d1": 14.44973401284349, "NO2_zbe_roll_max_14d": 17.977101739583333, "PM2.5_zbe_roll_std_7d": 2.5213672776307723, "ICA_out_roll_std_7d": 5.6045337011138585, "NO2_zbe_roll_max_30d": 19.786805083333334, "PM10_zbe_roll_std_7d": 3.834697140636216, "fc_HDD_d2": 3.0468941704656594, "NO2_zbe_roll_std_14d": 3.324772663576078, "weather_code": 6.041666666666666, "ventilation_index": 4576.055555555555, "PM2.5_out_roll_mean_14d": 6.820889136904762, "PM10_zbe_roll_max_14d": 21.296666666666667, "NO2_out_diff_7d": 0.057108715520833186, "PM2.5_zbe": 6.471770833333334, "traffic_volume_lag_2d": 976849.5, "PM2.5_zbe_roll_std_3d": 1.6955991765884844, "PM2.5_zbe_lag_14d": 6.510416666666667, "fc_wind_u_d2": 1.6006259933791405, "ICA_zbe_roll_max_30d": 43.4375, "PM2.5_out_diff_7d": 0.06052083333333291, "traffic_occupancy_lag_7d": 14.56003230474198, "NO2_out_roll_max_14d": 20.42003584333333, "PM2.5_zbe_roll_std_14d": 3.1671215181938184, "fc_precipitation_acum_3d_d1": 3.055884392089722, "fc_ventilation_index_d1": 4585.689144317419, "PM10_out_roll_std_3d": 2.321855816327711, "NO2_zbe_roll_mean_14d": 11.068174965153581, "NO2_out_roll_mean_7d": 12.157863660373511, "viento_dir_out": 146.8514583333333, "fc_precipitation_acum_3d_d3": 3.753281848047024, "PM2.5_out_roll_mean_30d": 6.787399214606416, "ICA_zbe_lag_7d": 18.375, "PM2.5_zbe_lag_2d": 6.496458333333334, "PM2.5_zbe_roll_mean_30d": 7.412331219806763, "NO2_zbe_lag_30d": 10.61158613125, "ICA_out_lag_30d": 16.927083333333332, "ICA_zbe_roll_std_7d": 6.107474708678954, "NO2_zbe_roll_std_7d": 2.9008702919470344, "fc_temperature_2m_d3": 12.611854087431524, "fc_precipitation_acum_7d_d1": 11.038933550230988, "PM2.5_out_roll_std_3d": 1.6341921906654608, "precipitation_acum_7d": 10.950000000000003, "PM2.5_out_roll_std_7d": 2.521196419232262, "fc_relative_humidity_2m_d3": 78.11684590327212, "PM2.5_out": 5.879375, "fc_wind_v_d3": -2.4620621903451383, "NO2_zbe_roll_std_3d": 2.1772974513172816, "fc_cloud_cover_d3": 70.5655761139048, "ICA_out_roll_mean_30d": 18.88697887504666, "NO2_out_roll_max_3d": 15.368132947916665, "NO2_out_roll_std_7d": 3.5625262837081366, "fc_wind_gusts_10m_d3": 21.82168592592786, "HDD": 2.8000000000000007, "fc_HDD_d1": 2.7566888509162637, "dia_muy_frio": 0.0, "es_invierno_estricto": 0.0, "domingo_invierno": 0.0, "es_domingo": 0.0}