{"PM10_zbe": 11.323645833333334, "ICA_zbe": 18.354166666666668, "fc_precipitation_acum_3d_d2": 3.207724047602878, "weather_code": 6.041666666666666, "cloud_cover": 73.47916666666666, "wind_gusts_10m": 21.831249999999997, "ICA_out": 16.880208333333332, "PM10_out": 9.6125, "relative_humidity_2m": 78.83333333333333, "PM2.5_out": 5.879375, "precipitation": 0.30000000000000004, "PM2.5_zbe": 6.471770833333334, "fc_precipitation_acum_3d_d1": 3.055884392089722, "fc_cloud_cover_d1": 72.08493274410125, "wind_u": 1.6471217453723828, "NO2_zbe_roll_std_14d": 3.324772663576077, "PM2.5_zbe_roll_mean_7d": 6.9759375, "fc_precipitation_acum_7d_d3": 10.865617554191507, "NO2_out_lag_3d": 11.928370184791667, "ventilation_index": 4578.15798611111, "precipitation_acum_7d": 10.950000000000003, "fc_wind_gusts_10m_d1": 21.795422201725927, "traffic_occupancy_lag_14d": 14.559858115411437, "viento_dir_out": 146.8514583333333, "PM2.5_zbe_lag_2d": 6.496458333333334, "sunshine_duration": 32521.300000000003, "fc_wind_speed_10m_d2": 9.142132224166026, "HDD_acum_7d": 21.2, "NO2_zbe_lag_14d": 10.501617320833333, "fc_sunshine_duration_d3": 32930.237003087044, "PM2.5_out_lag_7d": 5.879375, "fc_temperature_2m_d2": 12.220588633137044, "PM2.5_out_roll_mean_14d": 6.820889136904762, "PM2.5_zbe_lag_7d": 6.496458333333334, "PM10_out_roll_std_7d": 3.3718967302257576, "temp_range": 8.8, "PM10_zbe_roll_mean_14d": 11.89732886904762, "NO2_zbe_roll_max_14d": 17.977101739583333, "HDD_lag_1d": 2.8000000000000007, "NO2_out_roll_mean_30d": 12.722606292405317, "PM10_zbe_lag_1d": 11.323645833333334, "NO2_out": 11.748112477015624, "PM2.5_zbe_roll_std_7d": 2.5213672776307705, "fc_precipitation_d1": 0.653936894214545, "traffic_occupancy_lag_1d": 14.554819055090656, "NO2_zbe_lag_7d": 10.405793205364585, "NO2_out_roll_std_14d": 3.9008596953985624, "viento_vel_out": 0.7327083333333333, "PM10_out_lag_7d": 9.617494517543859, "rain": 0.30000000000000004, "exp_traffic_volume_d3": 926756.1693548387, "presion_out": 958.5502083333333, "traffic_volume_lag_2d": 976849.5, "NO2_zbe_roll_mean_7d": 10.797068864215987, "wind_speed_10m": 9.197916666666668, "fc_relative_humidity_2m_d2": 78.71396744641345, "ICA_out_roll_max_7d": 27.510416666666668, "fc_dew_point_d3": 8.153270293350541, "PM2.5_zbe_roll_std_14d": 3.1671215181938184, "exp_traffic_occupancy_d1": 14.348885043276074, "temperatura_out": 13.990468750000002, "NO2_out_diff_7d": 0.057108715520833186, "fc_wind_v_d2": -2.566003460941475, "ICA_out_roll_mean_30d": 18.88697887504666, "ICA_out_lag_3d": 16.932291666666664, "PM2.5_zbe_diff_30d": 0.23166666666666602, "fc_precipitation_d3": 0.9622950794974239, "boundary_layer_height": 450.9375, "NO2_out_roll_mean_3d": 12.183104966579865, "PM2.5_out_roll_max_7d": 10.788125, "fc_HDD_d2": 3.0468941704656594, "PM2.5_out_roll_std_7d": 2.521196419232268, "fc_precipitation_d2": 1.0294778308995958, "PM2.5_out_diff_7d": 0.06052083333333291, "PM10_out_lag_14d": 9.616041666666666, "ICA_zbe_roll_mean_7d": 19.479166666666668, "wind_direction_10m": 210.49452358688035, "ICA_out_roll_mean_14d": 19.241071428571427, "PM10_zbe_roll_std_3d": 2.615089526738786, "fc_sunshine_duration_d2": 32582.182113034265, "HDD": 2.8000000000000007, "HDD_acum_14d": 43.0, "HDD_lag_7d": 3.0, "fc_HDD_d1": 2.7566888509162637, "fc_HDD_d3": 3.1912457245313526, "dia_muy_frio": 0.0, "es_invierno_estricto": 0.0, "domingo_invierno": 0.0, "es_domingo": 0.0}