{"PM10_zbe": 11.323645833333334, "ICA_zbe": 18.354166666666668, "weather_code": 6.145833333333334, "ICA_out": 16.880208333333332, "cloud_cover": 73.52083333333334, "wind_gusts_10m": 21.854166666666664, "fc_ventilation_index_d1": 4603.596198609924, "NO2_zbe_roll_std_14d": 3.3314623340062397, "PM10_zbe_diff_30d": 0.13968749999999952, "PM2.5_out": 5.879375, "PM10_out": 9.6125, "relative_humidity_2m": 78.85416666666666, "viento_vel_out": 0.7322916666666667, "precipitation": 0.30000000000000004, "fc_boundary_layer_height_d3": 491.38163419488995, "fc_cloud_cover_d1": 71.31579160946139, "fc_precipitation_acum_3d_d2": 3.302053846535591, "fc_sunshine_duration_d3": 33225.2207551776, "fc_wind_speed_10m_d1": 9.110501079062914, "ventilation_index": 4585.185763888889, "PM2.5_zbe": 6.471770833333334, "fc_cloud_cover_d2": 70.77422941967231, "wind_u": 1.6471217453723828, "NO2_zbe": 10.274906333854167, "NO2_zbe_lag_14d": 10.51058219375, "HDD_lag_1d": 2.8500000000000005, "fc_sunshine_duration_d2": 32705.004662621075, "exp_traffic_occupancy_d3": 14.350268184828243, "NO2_out": 11.787856624505208, "NO2_zbe_lag_7d": 10.43836535953125, "wind_speed_10m": 9.197916666666668, "NO2_zbe_roll_std_7d": 2.9040891859457574, "NO2_zbe_roll_mean_7d": 10.822312747168368, "fc_sunshine_duration_d1": 32603.213762294694, "PM2.5_out_diff_7d": 0.11333333333333329, "NO2_out_lag_3d": 11.9348468359375, "fc_boundary_layer_height_d1": 487.91922865793725, "NO2_out_lag_14d": 12.083899840625, "ICA_out_lag_7d": 16.911458333333332, "PM2.5_out_roll_mean_3d": 6.158819444444445, "PM10_zbe_lag_2d": 11.351041666666667, "NO2_out_roll_mean_3d": 12.226451602855903, "fc_HDD_d3": 3.256258843079502, "ICA_zbe_lag_14d": 18.395833333333332, "traffic_occupancy_lag_7d": 14.56003230474198, "PM2.5_zbe_lag_1d": 6.496458333333334, "PM10_out_roll_max_30d": 21.505208333333332, "traffic_volume": 976732.5, "ICA_out_lag_1d": 16.911458333333332, "NO2_zbe_lag_1d": 10.278691524479168, "PM2.5_zbe_roll_max_14d": 13.854583333333332, "exp_traffic_occupancy_d2": 14.348885043276074, "PM2.5_zbe_roll_max_7d": 11.4175, "PM2.5_zbe_roll_mean_14d": 7.42718005952381, "PM2.5_zbe_lag_14d": 6.512291666666666, "PM2.5_zbe_lag_3d": 6.511354166666667, "PM2.5_out_roll_mean_14d": 6.827064732142857, "ICA_out_lag_30d": 16.9375, "fc_wind_direction_10m_d3": 211.1231223994509, "doy_cos": -0.09882013873287143, "fc_relative_humidity_2m_d1": 79.01801167184829, "humedad_zbe": 72.07479166666667, "doy_sin": 0.19244979981841032, "NO2_zbe_roll_max_14d": 17.991246347916665, "PM2.5_out_roll_std_3d": 1.6382954547370883, "PM2.5_zbe_roll_mean_7d": 6.981598084886128, "HDD_acum_7d": 21.299999999999997, "PM2.5_zbe_diff_30d": 0.21458333333333357, "fc_wind_gusts_10m_d2": 22.192168755648936, "fc_cloud_cover_d3": 70.85980641148768, "ICA_out_roll_std_14d": 6.932785193885987, "ICA_zbe_lag_2d": 18.375, "traffic_volume_lag_1d": 976849.5, "day_of_year": 162.0, "NO2_out_roll_std_3d": 2.626533226821632, "PM2.5_out_lag_7d": 5.874114583333332, "NO2_out_roll_mean_30d": 12.745175631059723, "ICA_out_roll_std_30d": 7.7430846679926875, "traffic_volume_lag_2d": 977153.5, "fc_wind_v_d3": -2.501413205936653, "HDD": 2.8000000000000007, "HDD_acum_14d": 43.2, "HDD_lag_7d": 3.0, "fc_HDD_d1": 2.9138097046373312, "fc_HDD_d2": 3.09689440052015, "dia_muy_frio": 0.0, "es_invierno_estricto": 0.0, "domingo_invierno": 0.0, "es_domingo": 0.0}