{"ICA_out": 16.880208333333332, "PM10_zbe": 11.323645833333334, "PM10_out": 9.6125, "PM2.5_out": 5.879375, "relative_humidity_2m": 78.83333333333333, "wind_v": -2.487165127190358, "weather_code": 6.041666666666666, "traffic_occupancy_lag_7d": 14.56003230474198, "fc_wind_speed_10m_d1": 9.214864016913348, "fc_precipitation_acum_3d_d2": 3.207724047602878, "humedad_out": 73.29104166666667, "fc_precipitation_d1": 0.653936894214545, "cloud_cover": 73.47916666666666, "wind_speed_10m": 9.197916666666668, "humedad_zbe": 72.06229166666667, "rain": 0.30000000000000004, "precipitation_acum_3d": 3.0, "viento_vel_out": 0.7327083333333333, "precipitation": 0.30000000000000004, "ICA_out_roll_mean_7d": 17.922619047619044, "fc_ventilation_index_d1": 4585.689144317419, "exp_traffic_occupancy_d1": 14.44973401284349, "fc_precipitation_acum_7d_d3": 10.865617554191507, "ICA_zbe": 18.354166666666668, "fc_dew_point_d3": 8.153270293350541, "ICA_out_roll_mean_3d": 17.104166666666657, "fc_precipitation_acum_3d_d1": 3.055884392089722, "temp_range": 8.8, "PM10_out_roll_std_3d": 2.321855816327711, "fc_dew_point_d2": 7.948951969376618, "exp_traffic_volume_d3": 926673.0965053763, "sunshine_duration": 32521.300000000003, "fc_sunshine_duration_d2": 32582.182113034265, "NO2_out_roll_max_30d": 22.066465168333334, "NO2_zbe_roll_mean_7d": 10.797068864215987, "PM10_zbe_lag_3d": 11.351041666666667, "PM2.5_zbe": 6.471770833333334, "NO2_out_roll_std_14d": 3.9008596953985624, "PM10_zbe_diff_7d": -0.27145833333333336, "ICA_out_diff_30d": 0.34114583333333304, "fc_wind_u_d1": 1.476506444270969, "fc_temperature_2m_d2": 12.220588633137044, "fc_cloud_cover_d3": 70.5655761139048, "ICA_zbe_lag_3d": 18.375, "fc_HDD_d3": 3.1912457245313526, "PM2.5_out_lag_7d": 5.879375, "PM10_zbe_roll_std_3d": 2.615089526738786, "presion_zbe": 957.6611458333332, "wind_gusts_10m": 21.831249999999997, "wind_direction_10m": 210.49452358688035, "PM2.5_out_lag_30d": 5.8730208333333325, "fc_cloud_cover_d1": 72.08493274410125, "NO2_out_lag_14d": 12.06030485625, "fc_precipitation_d3": 0.9622950794974239, "PM2.5_zbe_roll_mean_7d": 6.9759375, "traffic_occupancy_lag_1d": 14.554819055090656, "traffic_volume_lag_7d": 976841.0, "NO2_zbe_lag_14d": 10.501617320833333, "PM2.5_zbe_roll_mean_30d": 7.412331219806763, "week_of_year": 24.0, "ICA_out_lag_7d": 16.932291666666664, "NO2_out_roll_std_3d": 2.616830303994159, "PM2.5_out_roll_std_14d": 2.9890164646157276, "NO2_out_diff_7d": 0.057108715520833186, "PM10_out_lag_14d": 9.616041666666666, "wind_u": 1.6471217453723828, "fc_wind_gusts_10m_d2": 21.880436609855888, "NO2_zbe_roll_std_7d": 2.9008702919470344, "traffic_volume": 976486.0, "PM10_zbe_roll_std_14d": 4.645530112390459, "exp_traffic_volume_d1": 926085.2012544803, "traffic_occupancy_lag_2d": 14.554819055090656, "PM10_zbe_roll_mean_3d": 11.481215277777773, "HDD_acum_7d": 21.2, "fc_wind_gusts_10m_d3": 21.82168592592786, "NO2_zbe_roll_std_14d": 3.324772663576078, "viento_dir_out": 146.8514583333333, "NO2_out_lag_3d": 11.928370184791667, "NO2_zbe": 10.272515680208333, "fc_precipitation_acum_3d_d3": 3.753281848047024, "HDD": 2.8000000000000007, "HDD_acum_14d": 43.0, "HDD_lag_1d": 2.8000000000000007, "HDD_lag_7d": 3.0, "fc_HDD_d1": 2.7566888509162637, "fc_HDD_d2": 3.0468941704656594, "dia_muy_frio": 0.0, "es_invierno_estricto": 0.0, "domingo_invierno": 0.0, "es_domingo": 0.0}