{"ICA_out": 16.880208333333332, "PM10_zbe": 11.323645833333334, "PM2.5_out": 5.879375, "PM10_out": 9.6125, "fc_wind_speed_10m_d1": 9.110501079062914, "cloud_cover": 73.52083333333334, "wind_v": -2.443800253583631, "rain": 0.30000000000000004, "fc_precipitation_acum_3d_d1": 3.020889632757133, "fc_precipitation_acum_3d_d2": 3.302053846535591, "relative_humidity_2m": 78.85416666666666, "fc_boundary_layer_height_d3": 491.38163419488995, "viento_vel_out": 0.7322916666666667, "weather_code": 6.145833333333334, "presion_out": 958.5502083333333, "ICA_zbe": 18.354166666666668, "wind_speed_10m": 9.197916666666668, "precipitation_acum_3d": 3.0, "fc_cloud_cover_d2": 70.77422941967231, "fc_dew_point_d2": 8.163435325236932, "fc_wind_direction_10m_d2": 211.2162274466677, "fc_ventilation_index_d1": 4605.614095545485, "exp_traffic_occupancy_d1": 14.347052836405574, "NO2_out_diff_7d": 0.04462497582291647, "fc_precipitation_acum_7d_d3": 10.796647254647914, "fc_precipitation_acum_7d_d1": 10.820303435282652, "exp_traffic_volume_d3": 926423.303844086, "fc_wind_gusts_10m_d1": 22.066301649259987, "humedad_out": 73.31864583333333, "PM10_zbe_roll_max_14d": 21.296666666666667, "fc_wind_v_d2": -2.0904676544587915, "NO2_zbe_lag_14d": 10.51058219375, "PM10_zbe_lag_2d": 11.351041666666667, "NO2_out_roll_std_30d": 4.42951922401782, "precipitation": 0.30000000000000004, "NO2_out_roll_std_14d": 3.9068359878240013, "PM2.5_out_lag_7d": 5.874114583333332, "NO2_zbe_diff_7d": -0.06307266145833257, "fc_precipitation_acum_3d_d3": 3.5401608199792625, "fc_relative_humidity_2m_d1": 79.01801167184829, "NO2_out_roll_std_3d": 2.6265332268216115, "ICA_out_roll_mean_7d": 17.93154761904762, "exp_traffic_volume_d1": 925508.440232975, "PM2.5_zbe_lag_3d": 6.511354166666667, "boundary_layer_height": 450.41666666666663, "PM10_out_lag_14d": 9.618947368421052, "PM10_zbe_lag_1d": 11.351041666666667, "NO2_zbe_lag_30d": 10.631906354291667, "NO2_out_lag_7d": 11.985846770078126, "ICA_out_lag_3d": 16.947916666666664, "PM10_out_roll_std_3d": 2.3275283599185, "NO2_out_roll_max_30d": 22.066465168333334, "precipitation_acum_7d": 11.0, "ICA_zbe_lag_1d": 18.354166666666668, "NO2_out_roll_max_14d": 20.42003584333333, "humedad_zbe": 72.07479166666667, "PM2.5_zbe_roll_mean_30d": 7.414803442028985, "PM10_out_diff_7d": -0.08999999999999986, "PM10_out_diff_30d": 0.2607291666666667, "fc_boundary_layer_height_d2": 514.2094616958502, "sunshine_duration": 32443.385000000002, "fc_sunshine_duration_d1": 32603.213762294694, "PM10_zbe_lag_7d": 11.304479166666667, "fc_relative_humidity_2m_d2": 78.32837795500353, "NO2_zbe": 10.274906333854167, "PM2.5_zbe_roll_max_14d": 13.854583333333332, "ICA_out_roll_std_14d": 6.932785193885987, "traffic_occupancy_lag_2d": 14.554819055090656, "NO2_zbe_roll_max_14d": 17.991246347916665, "PM10_zbe_roll_std_3d": 2.6249179339478967, "PM2.5_out_diff_7d": 0.11333333333333329, "fc_wind_speed_10m_d3": 9.145257627824687, "PM2.5_out_roll_std_14d": 2.9965187216779676, "NO2_zbe_lag_7d": 10.43836535953125, "fc_sunshine_duration_d3": 33225.2207551776, "PM10_out_roll_mean_7d": 10.198355654761905, "PM10_out_roll_std_30d": 4.552646285881215, "fc_temperature_2m_d2": 12.287866783953318, "traffic_occupancy": 14.54937161141397, "NO2_out_lag_3d": 11.9348468359375, "HDD": 2.8000000000000007, "HDD_acum_7d": 21.299999999999997, "HDD_acum_14d": 43.2, "HDD_lag_1d": 2.8500000000000005, "HDD_lag_7d": 3.0, "fc_HDD_d1": 2.9138097046373312, "fc_HDD_d2": 3.09689440052015, "fc_HDD_d3": 3.256258843079502, "dia_muy_frio": 0.0, "es_invierno_estricto": 0.0, "domingo_invierno": 0.0, "es_domingo": 0.0}