{"ICA_out": 17.036458333333336, "PM10_out": 9.727760416666667, "PM10_zbe": 11.510520833333334, "PM2.5_out": 6.082916666666666, "ICA_zbe": 18.666666666666668, "precipitation": 0.2, "relative_humidity_2m": 78.5, "wind_v": -2.9868195804375395, "weather_code": 5.333333333333333, "presion_zbe": 957.6115625, "precipitation_acum_3d": 2.8000000000000003, "wind_speed_10m": 9.204166666666667, "wind_u": 1.4469840513231877, "temp_max_dia": 17.4, "wind_gusts_10m": 21.891666666666666, "sunshine_duration": 33293.02, "traffic_occupancy_lag_7d": 14.630695017361111, "temp_range": 8.899999999999999, "rain": 0.2, "presion_out": 958.5304166666667, "cloud_cover": 72.79166666666667, "NO2_out_roll_std_7d": 3.5537246026188347, "NO2_out_roll_std_3d": 2.5705018307865317, "PM10_out_roll_std_30d": 4.580308640564655, "ventilation_index": 4679.119791666666, "viento_dir_out": 147.22854166666667, "NO2_out_diff_30d": 0.16744329412500036, "viento_vel_out": 0.7391666666666667, "PM10_zbe_roll_std_3d": 2.6123092783254362, "wind_direction_10m": 210.04693026780558, "exp_traffic_volume_d3": 926286.45, "NO2_zbe_roll_std_14d": 3.251204159268144, "NO2_out_diff_7d": 0.08034492186458397, "PM10_zbe_lag_1d": 11.494166666666667, "exp_traffic_volume_d1": 925886.5166666666, "PM2.5_zbe_lag_7d": 6.526458333333333, "traffic_volume": 967923.0, "PM2.5_out_lag_1d": 6.0754166666666665, "NO2_out_roll_mean_3d": 11.857832147916668, "temp_min_dia": 8.5, "PM2.5_zbe_lag_1d": 6.578888888888889, "boundary_layer_height": 458.3333333333333, "PM2.5_out_roll_std_14d": 3.0116948593326933, "dow_cos": -0.22252093395631434, "ICA_zbe_diff_30d": 0.7083333333333339, "PM2.5_zbe_roll_max_3d": 8.595833333333333, "NO2_out_roll_max_3d": 15.172699394979167, "humedad_zbe": 71.77916666666667, "HDD_lag_1d": 2.5999999999999996, "ICA_out_lag_7d": 16.96875, "traffic_volume_lag_7d": 971670.0, "exp_traffic_occupancy_d1": 14.476188632162092, "PM10_out_lag_7d": 9.645104166666666, "NO2_zbe_lag_30d": 10.285066530208333, "doy_cos": -0.15005539834465262, "PM2.5_out_lag_2d": 6.051666666666667, "PM2.5_zbe_roll_max_30d": 16.744791666666668, "PM2.5_out_lag_7d": 5.992604166666666, "NO2_out_roll_std_30d": 4.424411205441056, "NO2_zbe_roll_mean_14d": 10.667943608525297, "exp_traffic_occupancy_d2": 14.477527710543484, "dow_sin": 0.0, "PM10_out_roll_std_7d": 3.3867627769461723, "PM2.5_out_lag_3d": 6.033541666666667, "PM2.5_zbe_roll_max_14d": 13.939166666666667, "PM10_zbe_diff_7d": -0.19083333333333385, "NO2_out_lag_1d": 11.594332154166667, "traffic_occupancy_lag_14d": 14.622553469316598, "PM2.5_zbe_roll_mean_30d": 7.488118055555556, "NO2_out": 11.594830208333333, "PM10_zbe_roll_max_14d": 21.400000000000002, "temperatura_out": 14.331979166666667, "PM2.5_out_lag_30d": 5.897395833333333, "PM10_zbe_roll_std_7d": 3.8671461122925685, "ICA_out_roll_std_7d": 5.661286179863867, "NO2_zbe_roll_max_3d": 12.995039282916666, "ICA_out_roll_max_7d": 28.145833333333332, "exp_traffic_occupancy_d3": 14.477527710543484, "PM10_out_diff_7d": 0.004375000000000018, "ICA_out_lag_30d": 16.947916666666664, "HDD": 2.5999999999999996, "HDD_acum_7d": 18.4, "HDD_acum_14d": 40.0, "HDD_lag_7d": 2.6999999999999993, "dia_muy_frio": 0.0, "es_invierno_estricto": 0.0, "domingo_invierno": 0.0, "es_domingo": 0.0}