{"PM10_zbe": 11.323645833333334, "ICA_zbe": 18.354166666666668, "weather_code": 6.041666666666666, "fc_precipitation_acum_3d_d2": 3.207724047602878, "cloud_cover": 73.47916666666666, "relative_humidity_2m": 78.83333333333333, "wind_gusts_10m": 21.831249999999997, "ICA_out": 16.880208333333332, "rain": 0.30000000000000004, "fc_cloud_cover_d1": 72.08493274410125, "precipitation": 0.30000000000000004, "fc_wind_gusts_10m_d1": 21.795422201725927, "NO2_zbe_roll_std_14d": 3.324772663576078, "wind_speed_10m": 9.197916666666668, "PM10_zbe_diff_30d": 0.15161151960784336, "PM2.5_zbe": 6.471770833333334, "viento_vel_out": 0.7327083333333333, "ventilation_index": 4576.055555555555, "PM10_out": 9.6125, "PM2.5_out_lag_7d": 5.879375, "NO2_out_lag_3d": 11.928370184791667, "NO2_zbe_diff_30d": -0.5156777995312503, "NO2_zbe": 10.272515680208333, "PM2.5_zbe_roll_mean_7d": 6.9759375, "PM2.5_zbe_lag_2d": 6.496458333333334, "traffic_occupancy_lag_14d": 14.559858115411437, "traffic_occupancy_lag_2d": 14.554819055090656, "NO2_zbe_lag_1d": 10.274906333854167, "PM2.5_out_diff_7d": 0.06052083333333291, "PM2.5_zbe_diff_30d": 0.23166666666666602, "fc_precipitation_acum_7d_d3": 10.865617554191507, "humedad_zbe": 72.06229166666667, "NO2_zbe_roll_mean_7d": 10.797068864215987, "NO2_zbe_lag_14d": 10.501617320833333, "ICA_zbe_diff_7d": -0.04166666666666785, "fc_precipitation_acum_3d_d1": 3.055884392089722, "PM10_out_diff_7d": -0.09968749999999993, "fc_HDD_d2": 3.0468941704656594, "fc_ventilation_index_d1": 4585.689144317419, "PM10_zbe_lag_1d": 11.323645833333334, "exp_traffic_volume_d1": 926085.2012544803, "NO2_zbe_roll_max_14d": 17.977101739583333, "NO2_out_roll_std_14d": 3.9008596953985624, "fc_cloud_cover_d2": 71.03392729563859, "wind_u": 1.6471217453723828, "presion_out": 958.5502083333333, "exp_traffic_occupancy_d1": 14.44973401284349, "PM2.5_out_roll_mean_14d": 6.820889136904762, "traffic_occupancy_lag_1d": 14.554819055090656, "PM2.5_zbe_roll_max_14d": 13.854583333333332, "ICA_out_lag_2d": 16.911458333333332, "viento_dir_out": 146.8514583333333, "NO2_zbe_roll_std_30d": 3.7367101903806574, "NO2_zbe_lag_7d": 10.405793205364585, "NO2_out_lag_7d": 11.972698302421875, "fc_boundary_layer_height_d1": 484.3439706536204, "fc_wind_direction_10m_d3": 211.01013248760714, "ICA_out_roll_mean_7d": 17.922619047619044, "ICA_zbe_roll_mean_30d": 20.518055555555556, "fc_ventilation_index_d2": 4558.842723450647, "NO2_zbe_roll_std_7d": 2.9008702919470344, "fc_wind_speed_10m_d2": 9.142132224166026, "exp_traffic_occupancy_d3": 14.449877104900164, "fc_wind_gusts_10m_d2": 21.880436609855888, "ICA_out_lag_30d": 16.927083333333332, "exp_traffic_volume_d3": 926673.0965053763, "PM2.5_out_roll_max_7d": 10.788125, "fc_wind_speed_10m_d1": 9.214864016913348, "PM2.5_zbe_lag_1d": 6.471770833333334, "ICA_zbe_lag_3d": 18.375, "fc_relative_humidity_2m_d3": 78.11684590327212, "temperatura_zbe": 14.061458333333334, "NO2_out_roll_mean_30d": 12.722606292405317, "fc_dew_point_d3": 8.153270293350541, "traffic_volume_lag_1d": 976732.5, "fc_precipitation_d3": 0.9622950794974239, "PM10_out_roll_max_7d": 15.491875, "exp_traffic_volume_d2": 926283.8858422939, "ICA_out_roll_mean_30d": 18.88697887504666, "fc_temperature_2m_d2": 12.220588633137044, "HDD": 2.8000000000000007, "HDD_acum_7d": 21.2, "HDD_acum_14d": 43.0, "HDD_lag_1d": 2.8000000000000007, "HDD_lag_7d": 3.0, "fc_HDD_d1": 2.7566888509162637, "fc_HDD_d3": 3.1912457245313526, "dia_muy_frio": 0.0, "es_invierno_estricto": 0.0, "domingo_invierno": 0.0, "es_domingo": 0.0}