{"PM10_zbe": 11.510520833333334, "ICA_zbe": 18.666666666666668, "ICA_out": 17.036458333333336, "weather_code": 5.333333333333333, "precipitation": 0.2, "relative_humidity_2m": 78.5, "PM10_out": 9.727760416666667, "wind_gusts_10m": 21.891666666666666, "viento_vel_out": 0.7391666666666667, "PM10_zbe_diff_30d": 0.2604166666666661, "wind_u": 1.4469840513231877, "PM10_out_roll_mean_14d": 10.552693452380952, "wind_v": -2.9868195804375395, "cloud_cover": 72.79166666666667, "wind_speed_10m": 9.204166666666667, "sunshine_duration": 33293.02, "presion_zbe": 957.6115625, "PM10_out_roll_mean_30d": 10.465211805555555, "PM2.5_out": 6.082916666666666, "ventilation_index": 4679.119791666666, "PM2.5_zbe": 6.582465277777778, "precipitation_acum_3d": 2.8000000000000003, "NO2_out_roll_std_7d": 3.5537246026188347, "NO2_out": 11.594830208333333, "temp_max_dia": 17.4, "presion_out": 958.5304166666667, "boundary_layer_height": 458.3333333333333, "NO2_zbe_roll_std_14d": 3.251204159268144, "viento_dir_out": 147.22854166666667, "PM2.5_out_lag_7d": 5.992604166666666, "PM2.5_zbe_roll_max_30d": 16.744791666666668, "NO2_out_roll_std_14d": 3.917052631491286, "traffic_occupancy_lag_7d": 14.630695017361111, "NO2_zbe_lag_14d": 10.21155483125, "NO2_zbe_roll_std_7d": 2.8299268345417463, "dow_sin": 0.0, "ICA_zbe_diff_30d": 0.7083333333333339, "traffic_volume": 967923.0, "NO2_zbe_lag_7d": 10.163742257708334, "traffic_occupancy_lag_2d": 14.630695017361111, "exp_traffic_occupancy_d1": 14.476188632162092, "rain": 0.2, "ICA_zbe_lag_14d": 18.354166666666668, "PM10_zbe_lag_1d": 11.494166666666667, "ICA_zbe_roll_std_30d": 8.82027656006007, "NO2_zbe_lag_1d": 10.062140955416668, "PM2.5_out_roll_mean_7d": 6.560446428571429, "ICA_out_roll_mean_30d": 18.98159722222222, "day_of_week": 3.0, "PM2.5_zbe_lag_2d": 6.571666666666666, "PM10_out_roll_std_7d": 3.3867627769461723, "NO2_out_roll_std_3d": 2.5705018307865317, "traffic_volume_lag_1d": 969320.0, "exp_traffic_occupancy_d2": 14.477527710543484, "PM2.5_out_roll_std_14d": 3.0116948593326933, "NO2_out_roll_mean_7d": 11.805355917396303, "PM2.5_out_lag_3d": 6.033541666666667, "exp_traffic_volume_d2": 926283.8858422939, "NO2_zbe": 10.063136903750001, "ICA_zbe_lag_1d": 18.666666666666668, "ICA_zbe_roll_max_3d": 23.729166666666668, "ICA_out_diff_7d": 0.14583333333333393, "PM10_out_roll_std_14d": 4.022312262857333, "exp_traffic_volume_d1": 925886.5166666666, "PM2.5_zbe_lag_30d": 6.511354166666667, "NO2_out_lag_14d": 11.715058704479167, "PM2.5_zbe_lag_14d": 6.482500000000001, "NO2_zbe_roll_max_14d": 17.52089076875, "traffic_occupancy": 14.630695017361111, "PM10_out_roll_mean_7d": 10.268874481158283, "PM2.5_out_roll_std_30d": 3.4036892286084224, "PM2.5_out_roll_max_3d": 8.097708333333333, "PM2.5_out_roll_mean_30d": 6.8145902777777785, "PM10_out_roll_max_30d": 21.505208333333332, "exp_traffic_volume_d3": 926286.45, "dew_point": 8.208333333333334, "NO2_zbe_roll_mean_30d": 11.619235801767013, "PM10_zbe_roll_std_14d": 4.694836338392014, "PM10_zbe_lag_7d": 11.391041666666666, "PM10_zbe_roll_mean_30d": 12.048479166666668, "HDD": 2.5999999999999996, "HDD_acum_7d": 18.4, "HDD_acum_14d": 40.0, "HDD_lag_1d": 2.5999999999999996, "HDD_lag_7d": 2.6999999999999993, "dia_muy_frio": 0.0, "es_invierno_estricto": 0.0, "domingo_invierno": 0.0, "es_domingo": 0.0}