{"PM10_zbe": 11.323645833333334, "ICA_out": 16.880208333333332, "PM2.5_zbe": 6.471770833333334, "weather_code": 6.041666666666666, "ICA_zbe": 18.354166666666668, "fc_precipitation_d1": 0.653936894214545, "fc_ventilation_index_d1": 4589.68366827483, "rain": 0.30000000000000004, "fc_precipitation_acum_3d_d2": 3.207724047602878, "fc_wind_gusts_10m_d1": 21.795422201725927, "presion_zbe": 957.6611458333332, "PM2.5_out": 5.879375, "wind_v": -2.487165127190358, "fc_precipitation_acum_3d_d1": 3.055884392089722, "wind_speed_10m": 9.197916666666668, "wind_u": 1.6471217453723828, "PM2.5_zbe_roll_mean_30d": 7.412331219806763, "NO2_zbe": 10.272515680208333, "PM10_zbe_diff_30d": 0.15161151960784336, "traffic_volume_lag_7d": 976841.0, "fc_wind_speed_10m_d1": 9.214864016913348, "wind_gusts_10m": 21.831249999999997, "PM10_zbe_diff_7d": -0.27145833333333336, "fc_cloud_cover_d2": 71.03392729563859, "humedad_zbe": 72.06229166666667, "fc_wind_u_d1": 1.476506444270969, "presion_out": 958.5502083333333, "PM2.5_zbe_lag_14d": 6.510416666666667, "precipitation": 0.30000000000000004, "fc_precipitation_acum_7d_d1": 11.038933550230988, "PM10_zbe_roll_std_3d": 2.615089526738786, "NO2_zbe_lag_7d": 10.405793205364585, "NO2_zbe_diff_30d": -0.5156777995312503, "traffic_volume": 976486.0, "traffic_occupancy_lag_2d": 14.554819055090656, "fc_wind_u_d3": 1.4193584147513043, "fc_wind_direction_10m_d1": 210.57340525420034, "PM2.5_zbe_roll_mean_7d": 6.9759375, "NO2_out_roll_std_3d": 2.6168303039941594, "precipitation_acum_3d": 3.0, "NO2_zbe_lag_3d": 10.285066530208333, "PM10_out_lag_7d": 9.617494517543859, "PM2.5_out_lag_3d": 5.879375, "traffic_volume_lag_1d": 976732.5, "fc_wind_gusts_10m_d2": 21.880436609855888, "PM2.5_out_roll_mean_14d": 6.820889136904762, "traffic_volume_lag_14d": 976849.5, "NO2_out_diff_7d": 0.057108715520833186, "ICA_out_lag_2d": 16.911458333333332, "NO2_zbe_lag_30d": 10.61158613125, "temp_max_dia": 17.0, "ICA_zbe_roll_mean_30d": 20.518055555555556, "NO2_zbe_roll_std_30d": 3.7367101903806574, "fc_precipitation_acum_7d_d3": 10.865617554191507, "NO2_zbe_diff_7d": -0.04940627083333382, "PM2.5_zbe_roll_mean_14d": 7.414159226190476, "PM2.5_out_roll_std_3d": 1.634192190665427, "NO2_zbe_roll_std_14d": 3.324772663576077, "NO2_out_lag_2d": 11.870546959041667, "ICA_out_diff_7d": 0.08333333333333215, "PM10_out_lag_3d": 9.617494517543859, "fc_wind_speed_10m_d2": 9.142132224166026, "ICA_out_lag_3d": 16.932291666666664, "fc_dew_point_d1": 7.959078791845259, "traffic_occupancy_lag_7d": 14.56003230474198, "fc_relative_humidity_2m_d2": 78.71396744641345, "PM2.5_out_roll_max_14d": 12.400260416666669, "NO2_zbe_roll_mean_3d": 10.722882920225693, "PM10_out": 9.6125, "PM10_zbe_roll_mean_14d": 11.89732886904762, "NO2_zbe_roll_max_3d": 13.363992345, "PM10_zbe_lag_7d": 11.323645833333334, "fc_wind_speed_10m_d3": 9.164158461867608, "fc_temperature_2m_d1": 11.943853759935916, "ICA_out_roll_std_3d": 3.6724739386483236, "ICA_zbe_roll_max_3d": 23.5, "ICA_out_roll_std_7d": 5.6045337011138585, "ICA_zbe_lag_7d": 18.375, "exp_traffic_volume_d2": 926002.8760663082, "traffic_occupancy_lag_14d": 14.559858115411437, "HDD": 2.8000000000000007, "HDD_acum_7d": 21.2, "HDD_acum_14d": 43.0, "HDD_lag_1d": 2.8000000000000007, "HDD_lag_7d": 3.0, "fc_HDD_d1": 2.7566888509162637, "fc_HDD_d2": 3.0468941704656594, "fc_HDD_d3": 3.1912457245313526, "dia_muy_frio": 0.0, "es_invierno_estricto": 0.0, "domingo_invierno": 0.0, "es_domingo": 0.0}