{"ICA_zbe": 18.666666666666668, "PM2.5_zbe": 6.582465277777778, "ICA_out": 17.036458333333336, "PM10_zbe": 11.510520833333334, "weather_code": 5.333333333333333, "wind_speed_10m": 9.204166666666667, "PM2.5_out": 6.082916666666666, "precipitation": 0.2, "rain": 0.2, "wind_gusts_10m": 21.891666666666666, "wind_v": -2.9868195804375395, "boundary_layer_height": 458.3333333333333, "precipitation_acum_3d": 2.8000000000000003, "wind_u": 1.4469840513231877, "presion_zbe": 957.6115625, "presion_out": 958.5304166666667, "relative_humidity_2m": 78.5, "ventilation_index": 4679.119791666666, "viento_vel_out": 0.7391666666666667, "temp_max_dia": 17.4, "NO2_out_roll_std_7d": 3.5537246026188347, "NO2_out_lag_1d": 11.594332154166667, "PM10_zbe_lag_2d": 11.494166666666667, "PM10_out": 9.727760416666667, "PM2.5_out_lag_2d": 6.051666666666667, "sunshine_duration": 33293.02, "PM2.5_zbe_lag_2d": 6.571666666666666, "PM10_zbe_roll_mean_7d": 11.850238095238096, "NO2_zbe": 10.063136903750001, "PM10_out_lag_14d": 9.616041666666666, "ICA_out_roll_std_14d": 6.991550095733268, "PM10_zbe_roll_std_3d": 2.6123092783254362, "traffic_volume": 967923.0, "PM2.5_zbe_lag_1d": 6.578888888888889, "NO2_out_roll_std_30d": 4.424411205441056, "traffic_volume_lag_1d": 969320.0, "wind_direction_10m": 210.04693026780558, "PM2.5_out_roll_mean_30d": 6.8145902777777785, "NO2_zbe_diff_7d": -0.001875000000000071, "exp_traffic_occupancy_d1": 14.476188632162092, "NO2_out_lag_2d": 11.595328262499999, "day_of_year": 168.0, "traffic_occupancy_lag_1d": 14.630695017361111, "ICA_zbe_lag_3d": 18.666666666666668, "PM10_zbe_lag_14d": 11.360208333333333, "viento_dir_out": 147.22854166666667, "PM2.5_zbe_roll_max_7d": 11.509791666666667, "precipitation_acum_7d": 10.4, "PM2.5_out_roll_mean_14d": 6.8507725840336136, "ICA_out_roll_std_7d": 5.661286179863867, "traffic_occupancy_lag_2d": 14.630695017361111, "PM10_zbe_roll_mean_14d": 12.012470238095238, "NO2_zbe_lag_14d": 10.21155483125, "PM10_out_roll_mean_30d": 10.465211805555555, "month_cos": -1.8369701987210297e-16, "doy_cos": -0.15005539834465262, "exp_traffic_occupancy_d2": 14.477527710543484, "PM2.5_out_roll_std_3d": 1.6331573178348757, "NO2_out": 11.594830208333333, "temp_range": 8.899999999999999, "PM10_zbe_diff_7d": -0.19083333333333385, "PM2.5_out_roll_std_7d": 2.5262808923593085, "PM10_out_roll_mean_14d": 10.552693452380952, "ICA_zbe_roll_mean_3d": 19.222222222222225, "PM10_zbe_lag_1d": 11.494166666666667, "PM2.5_out_roll_mean_3d": 6.262361111111102, "ICA_zbe_roll_max_7d": 30.208333333333332, "ICA_zbe_roll_std_3d": 3.9993669927368587, "PM2.5_out_lag_1d": 6.0754166666666665, "ICA_out_diff_7d": 0.14583333333333393, "humedad_out": 72.83109375000001, "humedad_zbe": 71.77916666666667, "PM2.5_zbe_lag_7d": 6.526458333333333, "ICA_out_roll_max_3d": 21.677083333333332, "NO2_zbe_lag_3d": 10.064132852083334, "PM10_zbe_diff_30d": 0.2604166666666661, "PM2.5_out_lag_30d": 5.897395833333333, "PM2.5_zbe_roll_std_30d": 3.6520641883252996, "PM2.5_out_lag_7d": 5.992604166666666, "PM2.5_zbe_diff_30d": 0.2595833333333326, "HDD": 2.5999999999999996, "HDD_acum_7d": 18.4, "HDD_acum_14d": 40.0, "HDD_lag_1d": 2.5999999999999996, "HDD_lag_7d": 2.6999999999999993, "dia_muy_frio": 0.0, "es_invierno_estricto": 0.0, "domingo_invierno": 0.0, "es_domingo": 0.0}