{"PM2.5_out": 6.082916666666666, "ICA_out": 17.036458333333336, "ICA_zbe": 18.666666666666668, "wind_speed_10m": 9.204166666666667, "weather_code": 5.333333333333333, "PM10_out": 9.727760416666667, "wind_gusts_10m": 21.891666666666666, "PM2.5_zbe": 6.582465277777778, "precipitation": 0.2, "rain": 0.2, "PM10_zbe": 11.510520833333334, "presion_zbe": 957.6115625, "wind_v": -2.9868195804375395, "precipitation_acum_3d": 2.8000000000000003, "temp_range": 8.899999999999999, "wind_u": 1.4469840513231877, "viento_dir_out": 147.22854166666667, "traffic_occupancy_lag_7d": 14.630695017361111, "ventilation_index": 4679.119791666666, "temp_max_dia": 17.4, "sunshine_duration": 33293.02, "PM2.5_out_roll_mean_14d": 6.8507725840336136, "boundary_layer_height": 458.3333333333333, "PM10_out_lag_7d": 9.645104166666666, "NO2_out_roll_std_7d": 3.5537246026188347, "wind_direction_10m": 210.04693026780558, "PM10_zbe_lag_2d": 11.494166666666667, "PM10_zbe_lag_30d": 11.351041666666667, "NO2_out_roll_mean_7d": 11.805355917396303, "PM2.5_out_lag_2d": 6.051666666666667, "NO2_out_lag_1d": 11.594332154166667, "PM2.5_out_roll_mean_7d": 6.560446428571429, "viento_vel_out": 0.7391666666666667, "exp_traffic_volume_d1": 925886.5166666666, "exp_traffic_volume_d3": 926286.45, "PM2.5_zbe_lag_1d": 6.578888888888889, "NO2_zbe_lag_1d": 10.062140955416668, "PM2.5_zbe_roll_std_30d": 3.6520641883252996, "ICA_out_roll_mean_7d": 18.026785714285715, "PM10_zbe_roll_mean_3d": 11.633611111111106, "ICA_out_lag_1d": 17.03125, "NO2_out_roll_std_30d": 4.424411205441056, "PM2.5_out_roll_max_14d": 12.3978125, "relative_humidity_2m": 78.5, "ICA_out_roll_max_14d": 31.583333333333332, "PM10_out_roll_std_7d": 3.3867627769461723, "PM10_out_roll_max_7d": 15.509375, "HDD_lag_1d": 2.5999999999999996, "exp_traffic_occupancy_d1": 14.476188632162092, "PM10_zbe_roll_std_7d": 3.8671461122925685, "PM2.5_zbe_lag_14d": 6.482500000000001, "NO2_out_roll_std_14d": 3.917052631491286, "PM10_out_lag_3d": 9.698437499999999, "PM2.5_zbe_roll_max_30d": 16.744791666666668, "PM10_out_roll_std_3d": 2.3197076146026143, "PM2.5_zbe_roll_std_3d": 1.6971999552435637, "ICA_out_roll_std_14d": 6.991550095733268, "NO2_zbe": 10.063136903750001, "ICA_out_roll_max_3d": 21.677083333333332, "PM10_out_roll_std_30d": 4.580308640564655, "PM2.5_zbe_roll_std_7d": 2.5343478153290944, "PM10_out_roll_std_14d": 4.022312262857333, "ICA_zbe_lag_30d": 18.395833333333332, "NO2_out_roll_max_7d": 18.013957222395835, "presion_out": 958.5304166666667, "PM10_zbe_diff_7d": -0.19083333333333385, "PM10_out_lag_30d": 9.617494517543859, "PM2.5_out_lag_3d": 6.033541666666667, "NO2_zbe_roll_std_3d": 2.061540476264141, "ICA_zbe_roll_max_14d": 36.229166666666664, "exp_traffic_volume_d2": 926283.8858422939, "ICA_out_lag_14d": 16.9375, "traffic_volume_lag_1d": 969320.0, "ICA_zbe_roll_mean_3d": 19.222222222222225, "NO2_zbe_lag_2d": 10.064132852083334, "traffic_volume_lag_7d": 971670.0, "ICA_zbe_roll_max_3d": 23.729166666666668, "ICA_zbe_lag_14d": 18.354166666666668, "NO2_zbe_roll_max_30d": 19.389961189708334, "PM10_zbe_roll_std_3d": 2.6123092783254362, "HDD": 2.5999999999999996, "HDD_acum_7d": 18.4, "HDD_acum_14d": 40.0, "HDD_lag_7d": 2.6999999999999993, "dia_muy_frio": 0.0, "es_invierno_estricto": 0.0, "domingo_invierno": 0.0, "es_domingo": 0.0}