{
  "NO2_zbe_d1": {
    "rmse_v1": 3.6897,
    "rmse_v2": 3.4334,
    "improvement_pct": 6.95,
    "r2_v2": 0.4692,
    "coefficients": {
      "pred_v1": 0.7673403826416088,
      "error_lag_1d": 0.34905660222990326,
      "error_roll_mean_7d": 0.4387985083239805,
      "temperature_2m": -0.11709885812840073,
      "wind_speed_10m": -0.017572043579724566,
      "boundary_layer_height": 0.0015666601449976104,
      "relative_humidity_2m": 0.0054776425486308174,
      "is_weekend": -1.232507919935076,
      "es_domingo": 1.1410805132798532,
      "es_invierno_estricto": 0.25232856327072956
    }
  },
  "NO2_out_d1": {
    "rmse_v1": 4.3742,
    "rmse_v2": 4.0266,
    "improvement_pct": 7.95,
    "r2_v2": 0.4746,
    "coefficients": {
      "pred_v1": 0.8830377611850968,
      "error_lag_1d": 0.3695704632733553,
      "error_roll_mean_7d": 0.2681736995846617,
      "temperature_2m": -0.10261061643751701,
      "wind_speed_10m": -0.08173012188879829,
      "boundary_layer_height": 0.0026660475927816796,
      "relative_humidity_2m": -0.006468564547956443,
      "is_weekend": -1.2693763516354286,
      "es_domingo": 2.2628805489263777,
      "es_invierno_estricto": 0.8300820003472309
    }
  },
  "PM10_zbe_d1": {
    "rmse_v1": 6.6443,
    "rmse_v2": 6.4238,
    "improvement_pct": 3.32,
    "r2_v2": 0.4592,
    "coefficients": {
      "pred_v1": 0.7830971850290881,
      "error_lag_1d": 0.2426993500425039,
      "error_roll_mean_7d": -0.010122267196352397,
      "temperature_2m": 0.1297195272707832,
      "wind_speed_10m": -0.0613771108731923,
      "boundary_layer_height": -0.001991048403994332,
      "relative_humidity_2m": -0.019977180529443514,
      "is_weekend": -1.270059242521592,
      "es_domingo": 0.7026952044338766,
      "es_invierno_estricto": 1.9003048543828762
    }
  },
  "PM10_out_d1": {
    "rmse_v1": 3.7354,
    "rmse_v2": 3.5857,
    "improvement_pct": 4.01,
    "r2_v2": 0.63,
    "coefficients": {
      "pred_v1": 0.8015248735474196,
      "error_lag_1d": 0.2698977524358525,
      "error_roll_mean_7d": 0.1491446919788527,
      "temperature_2m": 0.0076604154782708095,
      "wind_speed_10m": -0.08725483352206481,
      "boundary_layer_height": -0.0017797487233576273,
      "relative_humidity_2m": -0.04515253326636476,
      "is_weekend": -1.0801449888507169,
      "es_domingo": 0.5035103931237437,
      "es_invierno_estricto": 0.4977498775686361
    }
  },
  "PM2.5_zbe_d1": {
    "rmse_v1": 3.3101,
    "rmse_v2": 3.2299,
    "improvement_pct": 2.42,
    "r2_v2": 0.5814,
    "coefficients": {
      "pred_v1": 0.6773693900395469,
      "error_lag_1d": 0.35459383235722775,
      "error_roll_mean_7d": 0.12133508213204063,
      "temperature_2m": 0.06511308113436597,
      "wind_speed_10m": -0.06981586277397342,
      "boundary_layer_height": -0.002664936074496436,
      "relative_humidity_2m": -0.01765839814216358,
      "is_weekend": -0.6167681822540607,
      "es_domingo": -0.14504509478282437,
      "es_invierno_estricto": 0.6964793758117328
    }
  },
  "PM2.5_out_d1": {
    "rmse_v1": 2.7132,
    "rmse_v2": 2.6215,
    "improvement_pct": 3.38,
    "r2_v2": 0.6179,
    "coefficients": {
      "pred_v1": 0.7903608067013486,
      "error_lag_1d": 0.3933688805618691,
      "error_roll_mean_7d": 0.22500397243063727,
      "temperature_2m": -0.009589908829789353,
      "wind_speed_10m": -0.05529198303912262,
      "boundary_layer_height": -0.0021949192948820073,
      "relative_humidity_2m": -0.03871901906491279,
      "is_weekend": -0.5128273699259623,
      "es_domingo": -0.14243959996862188,
      "es_invierno_estricto": 0.11116853974019807
    }
  },
  "ICA_zbe_d1": {
    "rmse_v1": 8.5859,
    "rmse_v2": 8.6881,
    "improvement_pct": -1.19,
    "r2_v2": 0.5682,
    "coefficients": {
      "pred_v1": 0.7321834743901402,
      "error_lag_1d": 0.33428070570664303,
      "error_roll_mean_7d": 0.06091998486207134,
      "temperature_2m": 0.14503122409678254,
      "wind_speed_10m": -0.09040553244485254,
      "boundary_layer_height": -0.005739333877711322,
      "relative_humidity_2m": -0.044463330695470316,
      "is_weekend": -1.9510290567017796,
      "es_domingo": 0.5535502165501721,
      "es_invierno_estricto": 2.193060276290703
    }
  },
  "ICA_out_d1": {
    "rmse_v1": 6.8662,
    "rmse_v2": 6.689,
    "improvement_pct": 2.58,
    "r2_v2": 0.5019,
    "coefficients": {
      "pred_v1": 0.849730610624603,
      "error_lag_1d": 0.405138257897736,
      "error_roll_mean_7d": 0.19483987435183375,
      "temperature_2m": -0.06342203994075968,
      "wind_speed_10m": -0.13046781017713743,
      "boundary_layer_height": -0.0035553829086038555,
      "relative_humidity_2m": -0.1157106560600569,
      "is_weekend": -1.6965967629831207,
      "es_domingo": 0.9771499691106263,
      "es_invierno_estricto": 0.7187612639223392
    }
  }
}