{
  "NO2_zbe_d1": {
    "rmse_v1": 2.9627,
    "rmse_v2": 2.0536,
    "improvement_pct": 30.68,
    "r2_v2": 0.164,
    "intercept": 7.5936,
    "coefficients": {
      "pred_v1": 0.8070565534192848,
      "error_lag_1d": 0.18777792463714402,
      "error_roll_mean_7d": 0.26975849127970947,
      "temperature_2m": -0.21890353663217746,
      "wind_speed_10m": -0.10932824023803377,
      "boundary_layer_height": 0.0019422063362381486,
      "relative_humidity_2m": -0.047304442837148436,
      "is_weekend": -0.897704886675979,
      "es_domingo": 1.4017549528218043,
      "es_invierno_estricto": 0.5935505780946687
    }
  },
  "NO2_out_d1": {
    "rmse_v1": 2.2093,
    "rmse_v2": 2.0431,
    "improvement_pct": 7.52,
    "r2_v2": 0.3568,
    "intercept": 10.7749,
    "coefficients": {
      "pred_v1": 0.7940254083504843,
      "error_lag_1d": 0.11627831394946071,
      "error_roll_mean_7d": -0.027186457348980397,
      "temperature_2m": -0.29368332833769545,
      "wind_speed_10m": -0.017888868080054247,
      "boundary_layer_height": 0.0018773406442075251,
      "relative_humidity_2m": -0.08516074930028705,
      "is_weekend": -1.790338065579871,
      "es_domingo": 2.663141268309446,
      "es_invierno_estricto": 0.424293032272379
    }
  },
  "PM10_zbe_d1": {
    "rmse_v1": 5.5517,
    "rmse_v2": 5.3279,
    "improvement_pct": 4.03,
    "r2_v2": 0.3413,
    "intercept": 1.8158,
    "coefficients": {
      "pred_v1": 1.2518466645855912,
      "error_lag_1d": 0.01627677895993668,
      "error_roll_mean_7d": 0.3070587621983711,
      "temperature_2m": -0.13573683698603423,
      "wind_speed_10m": -0.07925548127811448,
      "boundary_layer_height": 0.002443946378194743,
      "relative_humidity_2m": -0.03298893492861917,
      "is_weekend": -1.1429110789584656,
      "es_domingo": -0.5353617277401361,
      "es_invierno_estricto": 0.05571322205550901
    }
  },
  "PM10_out_d1": {
    "rmse_v1": 3.2384,
    "rmse_v2": 3.3081,
    "improvement_pct": -2.15,
    "r2_v2": 0.4576,
    "intercept": -0.6154,
    "coefficients": {
      "pred_v1": 1.055790199672667,
      "error_lag_1d": -0.0563145576822222,
      "error_roll_mean_7d": -0.02820331609443039,
      "temperature_2m": -0.043077394627580756,
      "wind_speed_10m": -0.08193403804402673,
      "boundary_layer_height": 0.001416417954974854,
      "relative_humidity_2m": 0.004963828485269937,
      "is_weekend": -0.560655580225234,
      "es_domingo": -0.04293445535070697,
      "es_invierno_estricto": -0.8005457787783532
    }
  },
  "PM2.5_zbe_d1": {
    "rmse_v1": 2.4157,
    "rmse_v2": 2.584,
    "improvement_pct": -6.97,
    "r2_v2": 0.5491,
    "intercept": -0.3818,
    "coefficients": {
      "pred_v1": 1.0806660480783876,
      "error_lag_1d": 0.08134642561813017,
      "error_roll_mean_7d": -0.022124130008574328,
      "temperature_2m": -0.06170267235257607,
      "wind_speed_10m": -0.033950067151913205,
      "boundary_layer_height": -7.015860012380685e-06,
      "relative_humidity_2m": 0.009706855145224891,
      "is_weekend": -0.6547765465209167,
      "es_domingo": 0.22747976789047872,
      "es_invierno_estricto": 0.006016976268032268
    }
  },
  "PM2.5_out_d1": {
    "rmse_v1": 2.4252,
    "rmse_v2": 2.4503,
    "improvement_pct": -1.03,
    "r2_v2": 0.5195,
    "intercept": -2.639,
    "coefficients": {
      "pred_v1": 1.0802421472821806,
      "error_lag_1d": -0.021115360713164263,
      "error_roll_mean_7d": -0.07564509625070409,
      "temperature_2m": -0.010299754804785479,
      "wind_speed_10m": -0.02741745855849183,
      "boundary_layer_height": 0.0007932904796273938,
      "relative_humidity_2m": 0.025966738789598032,
      "is_weekend": -0.7912255209271754,
      "es_domingo": 0.3118453045683875,
      "es_invierno_estricto": -0.24768058074590532
    }
  }
}