{
  "NO2_zbe_d1": {
    "rmse_v1": 3.3013,
    "rmse_v2": 2.2304,
    "improvement_pct": 32.44,
    "r2_v2": 0.0815,
    "intercept": 2.9581,
    "coefficients": {
      "pred_v1": 0.87309662092961,
      "error_lag_1d": 0.23849695861013626,
      "error_roll_mean_7d": 0.23123866676460514,
      "temperature_2m": -0.13353644695580624,
      "wind_speed_10m": -0.0720157611014511,
      "boundary_layer_height": 0.001587724037870304,
      "relative_humidity_2m": -0.012607473058367758,
      "is_weekend": -0.7405211147358423,
      "es_domingo": 1.4600436747994168,
      "es_invierno_estricto": 0.6562134099250622
    }
  },
  "NO2_out_d1": {
    "rmse_v1": 2.1459,
    "rmse_v2": 1.8586,
    "improvement_pct": 13.39,
    "r2_v2": 0.5223,
    "intercept": 8.9467,
    "coefficients": {
      "pred_v1": 0.759006098659647,
      "error_lag_1d": 0.12275065464854266,
      "error_roll_mean_7d": 0.10856944656449334,
      "temperature_2m": -0.25630407420186035,
      "wind_speed_10m": 0.0470749215535197,
      "boundary_layer_height": 0.0011853056743335204,
      "relative_humidity_2m": -0.06237460365981308,
      "is_weekend": -1.3414448085492316,
      "es_domingo": 2.398884954139386,
      "es_invierno_estricto": -0.33053571749268734
    }
  },
  "PM10_zbe_d1": {
    "rmse_v1": 5.6725,
    "rmse_v2": 4.9381,
    "improvement_pct": 12.95,
    "r2_v2": 0.4171,
    "intercept": 7.3654,
    "coefficients": {
      "pred_v1": 0.9505383920939583,
      "error_lag_1d": 0.2570580084568628,
      "error_roll_mean_7d": 0.37934596524856923,
      "temperature_2m": -0.02933747011173779,
      "wind_speed_10m": -0.18731442367074594,
      "boundary_layer_height": 0.0020876897267119374,
      "relative_humidity_2m": -0.06327891070125877,
      "is_weekend": -0.7893520091966879,
      "es_domingo": -0.4310275720155168,
      "es_invierno_estricto": 0.66771971467004
    }
  },
  "PM10_out_d1": {
    "rmse_v1": 3.4107,
    "rmse_v2": 3.19,
    "improvement_pct": 6.47,
    "r2_v2": 0.4317,
    "intercept": 4.8806,
    "coefficients": {
      "pred_v1": 0.768427149025192,
      "error_lag_1d": 0.29019339955770257,
      "error_roll_mean_7d": 0.16465655495959228,
      "temperature_2m": -0.0019312858857853726,
      "wind_speed_10m": -0.17388123214692622,
      "boundary_layer_height": 0.001281636552211789,
      "relative_humidity_2m": -0.017803918787975645,
      "is_weekend": -0.7556991212677251,
      "es_domingo": -0.009807681640561004,
      "es_invierno_estricto": -0.3486307249046664
    }
  },
  "PM2.5_zbe_d1": {
    "rmse_v1": 2.4464,
    "rmse_v2": 2.496,
    "improvement_pct": -2.03,
    "r2_v2": 0.5379,
    "intercept": 2.2641,
    "coefficients": {
      "pred_v1": 0.8902421422326817,
      "error_lag_1d": 0.4164356488537179,
      "error_roll_mean_7d": -0.04161132847929315,
      "temperature_2m": -0.05040572163685709,
      "wind_speed_10m": -0.08084041664374468,
      "boundary_layer_height": -8.404143153236413e-05,
      "relative_humidity_2m": 0.0013818021754705915,
      "is_weekend": -0.6838484366571593,
      "es_domingo": 0.11255333775826827,
      "es_invierno_estricto": -0.08746944863047121
    }
  },
  "PM2.5_out_d1": {
    "rmse_v1": 2.0847,
    "rmse_v2": 1.9658,
    "improvement_pct": 5.7,
    "r2_v2": 0.6625,
    "intercept": 1.5253,
    "coefficients": {
      "pred_v1": 0.840102974990405,
      "error_lag_1d": 0.3837196697330065,
      "error_roll_mean_7d": 0.058171744234782025,
      "temperature_2m": -0.002986683059780435,
      "wind_speed_10m": -0.05539559208016643,
      "boundary_layer_height": -8.352147530532488e-06,
      "relative_humidity_2m": 0.0020164005909531595,
      "is_weekend": -0.9577286389920651,
      "es_domingo": 0.6739366360043949,
      "es_invierno_estricto": -0.2907607570048411
    }
  }
}