{
  "NO2_zbe_d1": {
    "rmse_v1": 3.5119,
    "rmse_v2": 3.6501,
    "improvement_pct": -3.93,
    "r2_v2": 0.4432,
    "coefficients": {
      "pred_v1": 0.7072685812164602,
      "error_lag_1d": 0.2714819930634677,
      "error_roll_mean_7d": 0.5238979501970354,
      "temperature_2m": -0.1396623141255712,
      "wind_speed_10m": -0.03188439896478274,
      "boundary_layer_height": 0.0023567809231316602,
      "relative_humidity_2m": 0.0014866650847380422,
      "is_weekend": -1.1921470726564167,
      "es_domingo": 1.472656688070171,
      "es_invierno_estricto": 0.38099071933978923
    }
  },
  "NO2_out_d1": {
    "rmse_v1": 4.8034,
    "rmse_v2": 4.2011,
    "improvement_pct": 12.54,
    "r2_v2": 0.3533,
    "coefficients": {
      "pred_v1": 0.8808850758343427,
      "error_lag_1d": 0.386666380818986,
      "error_roll_mean_7d": 0.34707771928244646,
      "temperature_2m": -0.06946842181054885,
      "wind_speed_10m": -0.08347407056326271,
      "boundary_layer_height": 0.003373471661531635,
      "relative_humidity_2m": 0.024017295082819922,
      "is_weekend": -1.3461957606003534,
      "es_domingo": 2.98204815220755,
      "es_invierno_estricto": 0.9799365203396515
    }
  },
  "PM10_zbe_d1": {
    "rmse_v1": 6.2374,
    "rmse_v2": 5.9731,
    "improvement_pct": 4.24,
    "r2_v2": 0.4927,
    "coefficients": {
      "pred_v1": 0.7127337089741572,
      "error_lag_1d": 0.2415176168863628,
      "error_roll_mean_7d": 0.007493118250107899,
      "temperature_2m": 0.07764657296717768,
      "wind_speed_10m": -0.058698774562038654,
      "boundary_layer_height": -0.0025769682513401234,
      "relative_humidity_2m": -0.0706416331257114,
      "is_weekend": -1.5434618541605256,
      "es_domingo": 0.22084303671004882,
      "es_invierno_estricto": 1.796900716573352
    }
  },
  "PM10_out_d1": {
    "rmse_v1": 3.6818,
    "rmse_v2": 3.7238,
    "improvement_pct": -1.14,
    "r2_v2": 0.6459,
    "coefficients": {
      "pred_v1": 0.7049374868376764,
      "error_lag_1d": 0.3092527673402532,
      "error_roll_mean_7d": 0.14400168531922589,
      "temperature_2m": 0.01978606654565274,
      "wind_speed_10m": -0.0902193267271393,
      "boundary_layer_height": -0.002065451780012141,
      "relative_humidity_2m": -0.0804556884997344,
      "is_weekend": -1.1909189640816615,
      "es_domingo": 0.59261591697198,
      "es_invierno_estricto": 0.7953260836957659
    }
  },
  "PM2.5_zbe_d1": {
    "rmse_v1": 3.5478,
    "rmse_v2": 3.3494,
    "improvement_pct": 5.59,
    "r2_v2": 0.6777,
    "coefficients": {
      "pred_v1": 0.8231036566948973,
      "error_lag_1d": 0.28039981310217726,
      "error_roll_mean_7d": 0.1035042757070208,
      "temperature_2m": 0.048831689184043445,
      "wind_speed_10m": -0.042535043058473825,
      "boundary_layer_height": -0.0022353282725897845,
      "relative_humidity_2m": -0.023239905166365326,
      "is_weekend": -0.6216551892628562,
      "es_domingo": -0.06576006881224358,
      "es_invierno_estricto": 0.7815586845633798
    }
  },
  "PM2.5_out_d1": {
    "rmse_v1": 2.8815,
    "rmse_v2": 2.7418,
    "improvement_pct": 4.85,
    "r2_v2": 0.683,
    "coefficients": {
      "pred_v1": 0.794640428709074,
      "error_lag_1d": 0.3144881929640608,
      "error_roll_mean_7d": 0.2520307292256793,
      "temperature_2m": 0.004823603347984862,
      "wind_speed_10m": -0.06547805284226998,
      "boundary_layer_height": -0.0022844556102118306,
      "relative_humidity_2m": -0.045433707508168816,
      "is_weekend": -0.7722549725131735,
      "es_domingo": 0.16378120992071737,
      "es_invierno_estricto": 0.33372939527775997
    }
  },
  "ICA_zbe_d1": {
    "rmse_v1": 9.5039,
    "rmse_v2": 9.3062,
    "improvement_pct": 2.08,
    "r2_v2": 0.5911,
    "coefficients": {
      "pred_v1": 0.7346070033387307,
      "error_lag_1d": 0.30442701383413157,
      "error_roll_mean_7d": 0.11764375034753126,
      "temperature_2m": 0.07822816919688136,
      "wind_speed_10m": -0.05188536906505866,
      "boundary_layer_height": -0.006590648900461978,
      "relative_humidity_2m": -0.09716894450919704,
      "is_weekend": -2.4039311420022904,
      "es_domingo": 1.1281811457272863,
      "es_invierno_estricto": 1.6357965984268126
    }
  },
  "ICA_out_d1": {
    "rmse_v1": 7.2193,
    "rmse_v2": 7.1288,
    "improvement_pct": 1.25,
    "r2_v2": 0.5625,
    "coefficients": {
      "pred_v1": 0.8294221415117703,
      "error_lag_1d": 0.3836194861672793,
      "error_roll_mean_7d": 0.21039089395354865,
      "temperature_2m": -0.03825322642227507,
      "wind_speed_10m": -0.11934162743414337,
      "boundary_layer_height": -0.003597262562034962,
      "relative_humidity_2m": -0.11037013684380197,
      "is_weekend": -1.405221492215922,
      "es_domingo": 0.7879834277671912,
      "es_invierno_estricto": 0.902163883231195
    }
  }
}