{
  "NO2_zbe_d1": {
    "rmse_v1": 3.6385,
    "rmse_v2": 3.6131,
    "improvement_pct": 0.7,
    "r2_v2": 0.323,
    "coefficients": {
      "pred_v1": 0.7697746965839567,
      "error_lag_1d": 0.2889909822963825,
      "error_roll_mean_7d": 0.5086991396706428,
      "temperature_2m": -0.11788624597105898,
      "wind_speed_10m": -0.033794328908886534,
      "boundary_layer_height": 0.0025441606906374593,
      "relative_humidity_2m": 0.008985691254200037,
      "is_weekend": -1.0049666823490144,
      "es_domingo": 1.2610422806648083,
      "es_invierno_estricto": 0.3467930429160525
    }
  },
  "NO2_out_d1": {
    "rmse_v1": 4.5743,
    "rmse_v2": 4.0032,
    "improvement_pct": 12.48,
    "r2_v2": 0.3651,
    "coefficients": {
      "pred_v1": 0.8379942687144625,
      "error_lag_1d": 0.35539072667519195,
      "error_roll_mean_7d": 0.39670260401167673,
      "temperature_2m": -0.11877517955388314,
      "wind_speed_10m": -0.1181760758847144,
      "boundary_layer_height": 0.0037222026883212437,
      "relative_humidity_2m": 0.008920516976031885,
      "is_weekend": -1.3537396221932771,
      "es_domingo": 2.7055164444157405,
      "es_invierno_estricto": 0.8235997565604346
    }
  },
  "PM10_zbe_d1": {
    "rmse_v1": 6.4136,
    "rmse_v2": 6.2086,
    "improvement_pct": 3.2,
    "r2_v2": 0.4592,
    "coefficients": {
      "pred_v1": 0.6908955904181888,
      "error_lag_1d": 0.2792413745679685,
      "error_roll_mean_7d": 0.020414388787273304,
      "temperature_2m": 0.08768752784775036,
      "wind_speed_10m": -0.06905609972587129,
      "boundary_layer_height": -0.002281067367611262,
      "relative_humidity_2m": -0.06254605944793264,
      "is_weekend": -1.4640953592196921,
      "es_domingo": -0.04304225939017426,
      "es_invierno_estricto": 1.6437724590344158
    }
  },
  "PM10_out_d1": {
    "rmse_v1": 3.9737,
    "rmse_v2": 3.8786,
    "improvement_pct": 2.4,
    "r2_v2": 0.6209,
    "coefficients": {
      "pred_v1": 0.7089653441463892,
      "error_lag_1d": 0.3164498472354606,
      "error_roll_mean_7d": 0.17195845547478628,
      "temperature_2m": 0.017952787985179346,
      "wind_speed_10m": -0.09976664842560119,
      "boundary_layer_height": -0.0017573285315083148,
      "relative_humidity_2m": -0.0786418905175148,
      "is_weekend": -1.2061274180390227,
      "es_domingo": 0.5219288114703593,
      "es_invierno_estricto": 0.6949734997357486
    }
  },
  "PM2.5_zbe_d1": {
    "rmse_v1": 3.6134,
    "rmse_v2": 3.4925,
    "improvement_pct": 3.35,
    "r2_v2": 0.6456,
    "coefficients": {
      "pred_v1": 0.7935014574098258,
      "error_lag_1d": 0.26872863513524564,
      "error_roll_mean_7d": 0.0653226998473633,
      "temperature_2m": 0.06380778124005387,
      "wind_speed_10m": -0.05166274579030176,
      "boundary_layer_height": -0.0020992102947764335,
      "relative_humidity_2m": -0.021153560124348665,
      "is_weekend": -0.5829768167828208,
      "es_domingo": -0.1296273433006525,
      "es_invierno_estricto": 0.8184426488505563
    }
  },
  "PM2.5_out_d1": {
    "rmse_v1": 3.0469,
    "rmse_v2": 2.8614,
    "improvement_pct": 6.09,
    "r2_v2": 0.6554,
    "coefficients": {
      "pred_v1": 0.7479835783310478,
      "error_lag_1d": 0.35705271154208423,
      "error_roll_mean_7d": 0.25800473406344127,
      "temperature_2m": 0.010391932113435826,
      "wind_speed_10m": -0.06793184500008691,
      "boundary_layer_height": -0.00215628801231064,
      "relative_humidity_2m": -0.04410677236160319,
      "is_weekend": -0.7519245834437235,
      "es_domingo": 0.12413222477966881,
      "es_invierno_estricto": 0.26392751686932536
    }
  },
  "ICA_zbe_d1": {
    "rmse_v1": 9.8734,
    "rmse_v2": 9.4513,
    "improvement_pct": 4.27,
    "r2_v2": 0.5782,
    "coefficients": {
      "pred_v1": 0.75938190891279,
      "error_lag_1d": 0.29462176658057365,
      "error_roll_mean_7d": 0.07389812180308052,
      "temperature_2m": 0.1129290612027942,
      "wind_speed_10m": -0.06267423812953342,
      "boundary_layer_height": -0.00541908925679736,
      "relative_humidity_2m": -0.07628439037796429,
      "is_weekend": -2.174007320262962,
      "es_domingo": 0.780631167551564,
      "es_invierno_estricto": 2.021831258018774
    }
  },
  "ICA_out_d1": {
    "rmse_v1": 7.4743,
    "rmse_v2": 7.3005,
    "improvement_pct": 2.33,
    "r2_v2": 0.5448,
    "coefficients": {
      "pred_v1": 0.7453408439469534,
      "error_lag_1d": 0.4021213209199341,
      "error_roll_mean_7d": 0.23736403005813672,
      "temperature_2m": -0.037733057019556974,
      "wind_speed_10m": -0.1578394069085017,
      "boundary_layer_height": -0.0032770358832284645,
      "relative_humidity_2m": -0.12592454756308843,
      "is_weekend": -1.3571992508120372,
      "es_domingo": 0.5895686786103067,
      "es_invierno_estricto": 0.7794365333939985
    }
  }
}