{
  "NO2_zbe_d1": {
    "rmse_v1": 3.69,
    "rmse_v2": 3.3708,
    "improvement_pct": 8.65,
    "r2_v2": 0.4705,
    "coefficients": {
      "pred_v1": 0.7807181124537513,
      "error_lag_1d": 0.3408478686754715,
      "error_roll_mean_7d": 0.44100466562284385,
      "temperature_2m": -0.11182077877496693,
      "wind_speed_10m": -0.025074274898534896,
      "boundary_layer_height": 0.001839418898227321,
      "relative_humidity_2m": 0.006129593695677072,
      "is_weekend": -1.0349356894418418,
      "es_domingo": 1.2044125155646794,
      "es_invierno_estricto": 0.23479477381678107
    }
  },
  "NO2_out_d1": {
    "rmse_v1": 4.4901,
    "rmse_v2": 4.1692,
    "improvement_pct": 7.15,
    "r2_v2": 0.4134,
    "coefficients": {
      "pred_v1": 0.837597300221517,
      "error_lag_1d": 0.38518770805299746,
      "error_roll_mean_7d": 0.25753709762540394,
      "temperature_2m": -0.14317746442435483,
      "wind_speed_10m": -0.0935229521923791,
      "boundary_layer_height": 0.00274473937161193,
      "relative_humidity_2m": -0.0046867712523077296,
      "is_weekend": -1.3183308481458096,
      "es_domingo": 2.5590849193776846,
      "es_invierno_estricto": 0.739124890464191
    }
  },
  "PM10_zbe_d1": {
    "rmse_v1": 6.585,
    "rmse_v2": 6.3198,
    "improvement_pct": 4.03,
    "r2_v2": 0.4745,
    "coefficients": {
      "pred_v1": 0.8086831314003113,
      "error_lag_1d": 0.26647410136487837,
      "error_roll_mean_7d": -0.09152185816988857,
      "temperature_2m": 0.10313185854143558,
      "wind_speed_10m": -0.07058614657775479,
      "boundary_layer_height": -0.0017899128567009997,
      "relative_humidity_2m": -0.024632064015713606,
      "is_weekend": -1.2809825327310218,
      "es_domingo": 0.5876177853102805,
      "es_invierno_estricto": 2.081016965483411
    }
  },
  "PM10_out_d1": {
    "rmse_v1": 3.7904,
    "rmse_v2": 3.6277,
    "improvement_pct": 4.29,
    "r2_v2": 0.6149,
    "coefficients": {
      "pred_v1": 0.7874078616314133,
      "error_lag_1d": 0.3020363965336192,
      "error_roll_mean_7d": 0.14227344600353076,
      "temperature_2m": 0.012948805268379255,
      "wind_speed_10m": -0.09762690150199019,
      "boundary_layer_height": -0.0017023855448201168,
      "relative_humidity_2m": -0.0464542191259101,
      "is_weekend": -1.1123926087830012,
      "es_domingo": 0.43773305068596396,
      "es_invierno_estricto": 0.5066730784549871
    }
  },
  "PM2.5_zbe_d1": {
    "rmse_v1": 3.3963,
    "rmse_v2": 3.1757,
    "improvement_pct": 6.49,
    "r2_v2": 0.5909,
    "coefficients": {
      "pred_v1": 0.7130270281197998,
      "error_lag_1d": 0.3679002261610412,
      "error_roll_mean_7d": 0.06297545635125809,
      "temperature_2m": 0.06273299707086867,
      "wind_speed_10m": -0.07029663090876809,
      "boundary_layer_height": -0.0024304017564982347,
      "relative_humidity_2m": -0.016695103515043858,
      "is_weekend": -0.5261749820069099,
      "es_domingo": -0.20713842634059018,
      "es_invierno_estricto": 0.7749455547764205
    }
  },
  "PM2.5_out_d1": {
    "rmse_v1": 2.7135,
    "rmse_v2": 2.6164,
    "improvement_pct": 3.58,
    "r2_v2": 0.6115,
    "coefficients": {
      "pred_v1": 0.8102426507799844,
      "error_lag_1d": 0.3751998257277635,
      "error_roll_mean_7d": 0.23662761590675702,
      "temperature_2m": -0.008788763951725922,
      "wind_speed_10m": -0.059944827416959424,
      "boundary_layer_height": -0.0020238841941173703,
      "relative_humidity_2m": -0.035910743486017284,
      "is_weekend": -0.5109933222201032,
      "es_domingo": -0.1285487431056772,
      "es_invierno_estricto": 0.11368683657497518
    }
  },
  "ICA_zbe_d1": {
    "rmse_v1": 8.6311,
    "rmse_v2": 8.5811,
    "improvement_pct": 0.58,
    "r2_v2": 0.577,
    "coefficients": {
      "pred_v1": 0.7645370488364007,
      "error_lag_1d": 0.33615404804074855,
      "error_roll_mean_7d": 0.031187849382981813,
      "temperature_2m": 0.1355294447439712,
      "wind_speed_10m": -0.09200507526143854,
      "boundary_layer_height": -0.005326184265618429,
      "relative_humidity_2m": -0.04175951027719462,
      "is_weekend": -1.711080458581566,
      "es_domingo": 0.4668083190291706,
      "es_invierno_estricto": 2.214337140967593
    }
  },
  "ICA_out_d1": {
    "rmse_v1": 6.8725,
    "rmse_v2": 6.5403,
    "improvement_pct": 4.83,
    "r2_v2": 0.5151,
    "coefficients": {
      "pred_v1": 0.8072727555612739,
      "error_lag_1d": 0.4113067077520998,
      "error_roll_mean_7d": 0.1893107849627973,
      "temperature_2m": -0.06344048685420466,
      "wind_speed_10m": -0.12988899955570415,
      "boundary_layer_height": -0.003899485549913511,
      "relative_humidity_2m": -0.11173938984460169,
      "is_weekend": -1.7362903744181748,
      "es_domingo": 1.0159231586934652,
      "es_invierno_estricto": 0.5621296094706261
    }
  }
}