{
  "NO2_zbe_d1": {
    "rmse_v1": 3.1259,
    "rmse_v2": 1.9326,
    "improvement_pct": 38.17,
    "r2_v2": 0.3073,
    "intercept": 3.7994,
    "coefficients": {
      "pred_v1": 0.904026200476605,
      "error_lag_1d": 0.2941230151261834,
      "error_roll_mean_7d": 0.16111614350342102,
      "temperature_2m": -0.1433990972439382,
      "wind_speed_10m": -0.08136628014618702,
      "boundary_layer_height": 0.001980544057432412,
      "relative_humidity_2m": -0.02820565855464755,
      "is_weekend": -0.5017749202841497,
      "es_domingo": 1.2674957910238032,
      "es_invierno_estricto": 0.5143753949183117
    }
  },
  "NO2_out_d1": {
    "rmse_v1": 2.3681,
    "rmse_v2": 1.7889,
    "improvement_pct": 24.46,
    "r2_v2": 0.5527,
    "intercept": 10.6356,
    "coefficients": {
      "pred_v1": 0.7583794826703261,
      "error_lag_1d": 0.11586392979059647,
      "error_roll_mean_7d": 0.22640192906710516,
      "temperature_2m": -0.27041669517286193,
      "wind_speed_10m": 0.026639337168645513,
      "boundary_layer_height": 0.0009966929566358417,
      "relative_humidity_2m": -0.07854113582411203,
      "is_weekend": -0.9565282416434406,
      "es_domingo": 1.8568541695321663,
      "es_invierno_estricto": -0.05106017012589661
    }
  },
  "PM10_zbe_d1": {
    "rmse_v1": 5.9899,
    "rmse_v2": 5.0321,
    "improvement_pct": 15.99,
    "r2_v2": 0.3829,
    "intercept": 8.24,
    "coefficients": {
      "pred_v1": 0.9486861611521439,
      "error_lag_1d": 0.23324896685066593,
      "error_roll_mean_7d": 0.3704221386514856,
      "temperature_2m": -0.05556987717972641,
      "wind_speed_10m": -0.1894914121524496,
      "boundary_layer_height": 0.001718349649173503,
      "relative_humidity_2m": -0.06505361587230285,
      "is_weekend": -0.44581774026553994,
      "es_domingo": -0.6690384263933934,
      "es_invierno_estricto": 0.3909813062912916
    }
  },
  "PM10_out_d1": {
    "rmse_v1": 3.152,
    "rmse_v2": 2.9531,
    "improvement_pct": 6.31,
    "r2_v2": 0.5292,
    "intercept": 3.1704,
    "coefficients": {
      "pred_v1": 0.797704434798512,
      "error_lag_1d": 0.2965511076778133,
      "error_roll_mean_7d": 0.04139248526289893,
      "temperature_2m": 0.0072877210099033685,
      "wind_speed_10m": -0.16596101962402726,
      "boundary_layer_height": 0.001409973603819793,
      "relative_humidity_2m": -0.0029253634967077637,
      "is_weekend": -0.8498364164963819,
      "es_domingo": 0.1318049765248205,
      "es_invierno_estricto": -0.40082004635807533
    }
  },
  "PM2.5_zbe_d1": {
    "rmse_v1": 2.3677,
    "rmse_v2": 2.4289,
    "improvement_pct": -2.58,
    "r2_v2": 0.5676,
    "intercept": 2.0603,
    "coefficients": {
      "pred_v1": 0.9465337610563612,
      "error_lag_1d": 0.35663860072540293,
      "error_roll_mean_7d": -0.0008706338862979456,
      "temperature_2m": -0.050463618940515084,
      "wind_speed_10m": -0.0943129113869459,
      "boundary_layer_height": 0.0005547172437244891,
      "relative_humidity_2m": -0.004227646613478478,
      "is_weekend": -0.6408839362631713,
      "es_domingo": 0.12183356706321319,
      "es_invierno_estricto": 0.05251964907104663
    }
  },
  "PM2.5_out_d1": {
    "rmse_v1": 2.3872,
    "rmse_v2": 2.1508,
    "improvement_pct": 9.91,
    "r2_v2": 0.5996,
    "intercept": 2.3544,
    "coefficients": {
      "pred_v1": 0.8469084500785902,
      "error_lag_1d": 0.3926656776063596,
      "error_roll_mean_7d": 0.045451167455868025,
      "temperature_2m": -0.025685727482328394,
      "wind_speed_10m": -0.059730790684427035,
      "boundary_layer_height": 7.394967324729764e-05,
      "relative_humidity_2m": -0.005745100853099927,
      "is_weekend": -0.664770669230976,
      "es_domingo": 0.35323766440310356,
      "es_invierno_estricto": -0.2983400455365104
    }
  }
}