{
  "NO2_zbe_d1": {
    "rmse_v1": 3.7332,
    "rmse_v2": 3.4433,
    "improvement_pct": 7.76,
    "r2_v2": 0.4475,
    "coefficients": {
      "pred_v1": 0.7899399396772074,
      "error_lag_1d": 0.3359140629024959,
      "error_roll_mean_7d": 0.45168409752591865,
      "temperature_2m": -0.10757872811801603,
      "wind_speed_10m": -0.022180601053886632,
      "boundary_layer_height": 0.0015627972695795294,
      "relative_humidity_2m": 0.0036917868804037936,
      "is_weekend": -1.1096891557752055,
      "es_domingo": 1.1785380552788396,
      "es_invierno_estricto": 0.2088595208689919
    }
  },
  "NO2_out_d1": {
    "rmse_v1": 4.3802,
    "rmse_v2": 4.1018,
    "improvement_pct": 6.36,
    "r2_v2": 0.4322,
    "coefficients": {
      "pred_v1": 0.8551995488164431,
      "error_lag_1d": 0.39376585418749216,
      "error_roll_mean_7d": 0.21602457646927892,
      "temperature_2m": -0.10594650442460712,
      "wind_speed_10m": -0.09190948533018493,
      "boundary_layer_height": 0.002877848492536391,
      "relative_humidity_2m": 0.007555909711077952,
      "is_weekend": -1.145585586771599,
      "es_domingo": 2.3603274219264962,
      "es_invierno_estricto": 0.8685688229479528
    }
  },
  "PM10_zbe_d1": {
    "rmse_v1": 6.5969,
    "rmse_v2": 6.3039,
    "improvement_pct": 4.44,
    "r2_v2": 0.4771,
    "coefficients": {
      "pred_v1": 0.8186315631498737,
      "error_lag_1d": 0.2658865449427103,
      "error_roll_mean_7d": -0.09297635124831809,
      "temperature_2m": 0.10548506616070835,
      "wind_speed_10m": -0.06790621482223519,
      "boundary_layer_height": -0.0017197861552319935,
      "relative_humidity_2m": -0.023443228413873085,
      "is_weekend": -1.2700374828856753,
      "es_domingo": 0.6185121943842705,
      "es_invierno_estricto": 2.0382486697857414
    }
  },
  "PM10_out_d1": {
    "rmse_v1": 3.7483,
    "rmse_v2": 3.6042,
    "improvement_pct": 3.85,
    "r2_v2": 0.6199,
    "coefficients": {
      "pred_v1": 0.8059869584884859,
      "error_lag_1d": 0.27758376665784334,
      "error_roll_mean_7d": 0.1630650527490064,
      "temperature_2m": 0.008805384386827085,
      "wind_speed_10m": -0.08584718539919832,
      "boundary_layer_height": -0.0016321384517629938,
      "relative_humidity_2m": -0.041307172932061896,
      "is_weekend": -1.0464881960836576,
      "es_domingo": 0.48616009634995194,
      "es_invierno_estricto": 0.4694683585851091
    }
  },
  "PM2.5_zbe_d1": {
    "rmse_v1": 3.4102,
    "rmse_v2": 3.1596,
    "improvement_pct": 7.35,
    "r2_v2": 0.5951,
    "coefficients": {
      "pred_v1": 0.7007063595146207,
      "error_lag_1d": 0.37504295555099965,
      "error_roll_mean_7d": 0.05648733616344847,
      "temperature_2m": 0.06528216056368863,
      "wind_speed_10m": -0.07385754279706182,
      "boundary_layer_height": -0.002381990712921848,
      "relative_humidity_2m": -0.015227204434753764,
      "is_weekend": -0.48122858025888865,
      "es_domingo": -0.26454352167585266,
      "es_invierno_estricto": 0.7777539316193087
    }
  },
  "PM2.5_out_d1": {
    "rmse_v1": 2.701,
    "rmse_v2": 2.6097,
    "improvement_pct": 3.38,
    "r2_v2": 0.6134,
    "coefficients": {
      "pred_v1": 0.8222847082238725,
      "error_lag_1d": 0.3740665280155869,
      "error_roll_mean_7d": 0.2218200847547032,
      "temperature_2m": -0.015886383591629364,
      "wind_speed_10m": -0.05651282423520966,
      "boundary_layer_height": -0.001993001723350288,
      "relative_humidity_2m": -0.04070808600357995,
      "is_weekend": -0.5292699036795824,
      "es_domingo": -0.13877394321784417,
      "es_invierno_estricto": 0.07611619095322704
    }
  },
  "ICA_zbe_d1": {
    "rmse_v1": 8.5309,
    "rmse_v2": 8.5301,
    "improvement_pct": 0.01,
    "r2_v2": 0.582,
    "coefficients": {
      "pred_v1": 0.7578608542199695,
      "error_lag_1d": 0.3374509703326568,
      "error_roll_mean_7d": 0.03689455109614623,
      "temperature_2m": 0.13534709921358165,
      "wind_speed_10m": -0.09810024351538035,
      "boundary_layer_height": -0.005392758283093322,
      "relative_humidity_2m": -0.04109053910520413,
      "is_weekend": -1.7310069695385126,
      "es_domingo": 0.42352264798988826,
      "es_invierno_estricto": 2.192880716480404
    }
  },
  "ICA_out_d1": {
    "rmse_v1": 7.1276,
    "rmse_v2": 6.8855,
    "improvement_pct": 3.4,
    "r2_v2": 0.4625,
    "coefficients": {
      "pred_v1": 0.8613033916113156,
      "error_lag_1d": 0.40237142656556574,
      "error_roll_mean_7d": 0.20173212867350426,
      "temperature_2m": -0.06267965549957084,
      "wind_speed_10m": -0.09777203810956579,
      "boundary_layer_height": -0.003799499993118952,
      "relative_humidity_2m": -0.10938022742090611,
      "is_weekend": -1.7082397540081151,
      "es_domingo": 0.7568007106141934,
      "es_invierno_estricto": 0.5609297823156149
    }
  }
}