{
  "NO2_zbe_d1": {
    "rmse_v1": 3.6897,
    "rmse_v2": 3.3706,
    "improvement_pct": 8.65,
    "r2_v2": 0.4705,
    "coefficients": {
      "pred_v1": 0.7807181124537511,
      "error_lag_1d": 0.34084786867547157,
      "error_roll_mean_7d": 0.4410046656228437,
      "temperature_2m": -0.11182077877496702,
      "wind_speed_10m": -0.025074274898534896,
      "boundary_layer_height": 0.0018394188982273206,
      "relative_humidity_2m": 0.0061295936956770256,
      "is_weekend": -1.0349356894418416,
      "es_domingo": 1.2044125155646792,
      "es_invierno_estricto": 0.23479477381678107
    }
  },
  "NO2_out_d1": {
    "rmse_v1": 4.4885,
    "rmse_v2": 4.1681,
    "improvement_pct": 7.14,
    "r2_v2": 0.4134,
    "coefficients": {
      "pred_v1": 0.8375973002215169,
      "error_lag_1d": 0.38518770805299757,
      "error_roll_mean_7d": 0.2575370976254039,
      "temperature_2m": -0.14317746442435483,
      "wind_speed_10m": -0.09352295219237902,
      "boundary_layer_height": 0.002744739371611927,
      "relative_humidity_2m": -0.004686771252307746,
      "is_weekend": -1.3183308481458096,
      "es_domingo": 2.5590849193776846,
      "es_invierno_estricto": 0.7391248904641912
    }
  },
  "PM10_zbe_d1": {
    "rmse_v1": 6.5855,
    "rmse_v2": 6.3202,
    "improvement_pct": 4.03,
    "r2_v2": 0.4745,
    "coefficients": {
      "pred_v1": 0.8086831314003113,
      "error_lag_1d": 0.26647410136487837,
      "error_roll_mean_7d": -0.09152185816988857,
      "temperature_2m": 0.10313185854143558,
      "wind_speed_10m": -0.07058614657775479,
      "boundary_layer_height": -0.0017899128567009997,
      "relative_humidity_2m": -0.024632064015713606,
      "is_weekend": -1.2809825327310218,
      "es_domingo": 0.5876177853102805,
      "es_invierno_estricto": 2.081016965483411
    }
  },
  "PM10_out_d1": {
    "rmse_v1": 3.79,
    "rmse_v2": 3.6274,
    "improvement_pct": 4.29,
    "r2_v2": 0.615,
    "coefficients": {
      "pred_v1": 0.7874078616314134,
      "error_lag_1d": 0.30203639653361924,
      "error_roll_mean_7d": 0.14227344600353065,
      "temperature_2m": 0.012948805268379245,
      "wind_speed_10m": -0.09762690150199019,
      "boundary_layer_height": -0.0017023855448201168,
      "relative_humidity_2m": -0.0464542191259101,
      "is_weekend": -1.1123926087830012,
      "es_domingo": 0.43773305068596396,
      "es_invierno_estricto": 0.5066730784549871
    }
  },
  "PM2.5_zbe_d1": {
    "rmse_v1": 3.3964,
    "rmse_v2": 3.1758,
    "improvement_pct": 6.49,
    "r2_v2": 0.5909,
    "coefficients": {
      "pred_v1": 0.7130270281198,
      "error_lag_1d": 0.36790022616104107,
      "error_roll_mean_7d": 0.06297545635125819,
      "temperature_2m": 0.06273299707086863,
      "wind_speed_10m": -0.07029663090876816,
      "boundary_layer_height": -0.002430401756498232,
      "relative_humidity_2m": -0.016695103515043858,
      "is_weekend": -0.5261749820069098,
      "es_domingo": -0.20713842634059018,
      "es_invierno_estricto": 0.7749455547764206
    }
  },
  "PM2.5_out_d1": {
    "rmse_v1": 2.7133,
    "rmse_v2": 2.6162,
    "improvement_pct": 3.58,
    "r2_v2": 0.6115,
    "coefficients": {
      "pred_v1": 0.8102426507799845,
      "error_lag_1d": 0.37519982572776345,
      "error_roll_mean_7d": 0.23662761590675702,
      "temperature_2m": -0.008788763951725885,
      "wind_speed_10m": -0.05994482741695943,
      "boundary_layer_height": -0.00202388419411737,
      "relative_humidity_2m": -0.03591074348601726,
      "is_weekend": -0.5109933222201032,
      "es_domingo": -0.12854874310567702,
      "es_invierno_estricto": 0.11368683657497518
    }
  },
  "ICA_zbe_d1": {
    "rmse_v1": 8.6312,
    "rmse_v2": 8.5813,
    "improvement_pct": 0.58,
    "r2_v2": 0.577,
    "coefficients": {
      "pred_v1": 0.7645370488364007,
      "error_lag_1d": 0.33615404804074855,
      "error_roll_mean_7d": 0.031187849382981813,
      "temperature_2m": 0.1355294447439712,
      "wind_speed_10m": -0.09200507526143854,
      "boundary_layer_height": -0.005326184265618429,
      "relative_humidity_2m": -0.04175951027719462,
      "is_weekend": -1.711080458581566,
      "es_domingo": 0.4668083190291706,
      "es_invierno_estricto": 2.214337140967593
    }
  },
  "ICA_out_d1": {
    "rmse_v1": 6.872,
    "rmse_v2": 6.54,
    "improvement_pct": 4.83,
    "r2_v2": 0.5151,
    "coefficients": {
      "pred_v1": 0.8072727555612739,
      "error_lag_1d": 0.4113067077520998,
      "error_roll_mean_7d": 0.1893107849627973,
      "temperature_2m": -0.06344048685420466,
      "wind_speed_10m": -0.12988899955570415,
      "boundary_layer_height": -0.003899485549913511,
      "relative_humidity_2m": -0.11173938984460169,
      "is_weekend": -1.7362903744181748,
      "es_domingo": 1.0159231586934652,
      "es_invierno_estricto": 0.5621296094706261
    }
  }
}