{
  "NO2_zbe_d1": {
    "rmse_v1": 2.8406,
    "rmse_v2": 1.9702,
    "improvement_pct": 30.64,
    "r2_v2": 0.2306,
    "intercept": 5.6109,
    "coefficients": {
      "pred_v1": 0.897170699049691,
      "error_lag_1d": 0.17770328600621987,
      "error_roll_mean_7d": 0.1848047885764737,
      "temperature_2m": -0.1859313542764169,
      "wind_speed_10m": -0.10783784864390822,
      "boundary_layer_height": 0.0019585907265762467,
      "relative_humidity_2m": -0.03952264958548335,
      "is_weekend": -0.8370434512005552,
      "es_domingo": 1.2514574255903255,
      "es_invierno_estricto": 0.39555885662687923
    }
  },
  "NO2_out_d1": {
    "rmse_v1": 2.1955,
    "rmse_v2": 2.0814,
    "improvement_pct": 5.19,
    "r2_v2": 0.3324,
    "intercept": 9.0281,
    "coefficients": {
      "pred_v1": 0.8527996117900204,
      "error_lag_1d": 0.075184306167272,
      "error_roll_mean_7d": -0.027716998052277602,
      "temperature_2m": -0.27120958498716935,
      "wind_speed_10m": 0.02229253679961745,
      "boundary_layer_height": 0.0008451831214473015,
      "relative_humidity_2m": -0.07134496919852876,
      "is_weekend": -1.5323094431979492,
      "es_domingo": 2.3758449685679426,
      "es_invierno_estricto": -0.786771851148104
    }
  },
  "PM10_zbe_d1": {
    "rmse_v1": 5.8298,
    "rmse_v2": 5.476,
    "improvement_pct": 6.07,
    "r2_v2": 0.3042,
    "intercept": 1.9886,
    "coefficients": {
      "pred_v1": 1.2360841318495248,
      "error_lag_1d": -0.001386814287999433,
      "error_roll_mean_7d": 0.3761048166142241,
      "temperature_2m": -0.11540387621826212,
      "wind_speed_10m": -0.07110760246349142,
      "boundary_layer_height": 0.0015754729664948092,
      "relative_humidity_2m": -0.02956176991667167,
      "is_weekend": -1.0744929185780556,
      "es_domingo": -0.38069279815516616,
      "es_invierno_estricto": 0.12643717212111572
    }
  },
  "PM10_out_d1": {
    "rmse_v1": 3.2773,
    "rmse_v2": 3.4226,
    "improvement_pct": -4.43,
    "r2_v2": 0.4191,
    "intercept": -2.8556,
    "coefficients": {
      "pred_v1": 1.0490564871146413,
      "error_lag_1d": -0.02421596676920237,
      "error_roll_mean_7d": 0.018398663681962888,
      "temperature_2m": -0.023964070241995147,
      "wind_speed_10m": -0.05932136779798462,
      "boundary_layer_height": 0.0013732610624109236,
      "relative_humidity_2m": 0.03271056550411544,
      "is_weekend": -0.7613831424755736,
      "es_domingo": -0.1488898602099986,
      "es_invierno_estricto": -0.9555124046664013
    }
  },
  "PM2.5_zbe_d1": {
    "rmse_v1": 2.5558,
    "rmse_v2": 2.7652,
    "improvement_pct": -8.19,
    "r2_v2": 0.4836,
    "intercept": 0.1334,
    "coefficients": {
      "pred_v1": 1.0967802761309307,
      "error_lag_1d": 0.06748852908161745,
      "error_roll_mean_7d": 0.040641113419560615,
      "temperature_2m": -0.0681633596354979,
      "wind_speed_10m": -0.04440929709396144,
      "boundary_layer_height": 8.820661705501321e-05,
      "relative_humidity_2m": 0.005175471240107778,
      "is_weekend": -0.5753769983601839,
      "es_domingo": 0.0820864804257672,
      "es_invierno_estricto": 0.04197231543695425
    }
  },
  "PM2.5_out_d1": {
    "rmse_v1": 2.4328,
    "rmse_v2": 2.4378,
    "improvement_pct": -0.21,
    "r2_v2": 0.5244,
    "intercept": -1.7781,
    "coefficients": {
      "pred_v1": 1.0484876516475428,
      "error_lag_1d": 0.025299314731335735,
      "error_roll_mean_7d": -0.07356515928302104,
      "temperature_2m": -0.0035955516559890086,
      "wind_speed_10m": -0.023416970241563417,
      "boundary_layer_height": 4.695877130972367e-05,
      "relative_humidity_2m": 0.01869077968282535,
      "is_weekend": -1.1049118857422302,
      "es_domingo": 0.4440688465504377,
      "es_invierno_estricto": -0.043888852503143345
    }
  }
}