{
  "NO2_zbe_d1": {
    "rmse_v1": 3.5385,
    "rmse_v2": 2.8573,
    "improvement_pct": 19.25,
    "r2_v2": 0.6896,
    "coefficients": {
      "pred_v1": 0.7906048947284133,
      "error_lag_1d": 0.26413216906215325,
      "error_roll_mean_7d": 0.5110103025243289,
      "temperature_2m": -0.07753403958841251,
      "wind_speed_10m": -0.03090846345032354,
      "boundary_layer_height": 0.002349742100513227,
      "relative_humidity_2m": 0.032643176913040126,
      "is_weekend": -1.369142967948772,
      "es_domingo": 1.524503601791932,
      "es_invierno_estricto": 0.19221280775538005
    }
  },
  "NO2_out_d1": {
    "rmse_v1": 3.9161,
    "rmse_v2": 3.2386,
    "improvement_pct": 17.3,
    "r2_v2": 0.7089,
    "coefficients": {
      "pred_v1": 0.8019090602130542,
      "error_lag_1d": 0.28924953822815697,
      "error_roll_mean_7d": 0.3202398070184696,
      "temperature_2m": -0.14975923085844303,
      "wind_speed_10m": -0.09526352061969515,
      "boundary_layer_height": 0.002991372225836313,
      "relative_humidity_2m": -0.0019423048084046086,
      "is_weekend": -1.7116321326336597,
      "es_domingo": 2.742180465789765,
      "es_invierno_estricto": 0.8461152643759804
    }
  },
  "PM10_zbe_d1": {
    "rmse_v1": 6.6747,
    "rmse_v2": 6.5874,
    "improvement_pct": 1.31,
    "r2_v2": 0.3737,
    "coefficients": {
      "pred_v1": 0.7268535488118295,
      "error_lag_1d": 0.2607542724708655,
      "error_roll_mean_7d": 0.029354082143607147,
      "temperature_2m": 0.1365586546426574,
      "wind_speed_10m": -0.08928897568506423,
      "boundary_layer_height": -0.00143178937136111,
      "relative_humidity_2m": -0.021600480030460768,
      "is_weekend": -1.775858796948402,
      "es_domingo": 0.736346736609731,
      "es_invierno_estricto": 2.017574835985348
    }
  },
  "PM10_out_d1": {
    "rmse_v1": 3.5746,
    "rmse_v2": 3.5697,
    "improvement_pct": 0.14,
    "r2_v2": 0.6105,
    "coefficients": {
      "pred_v1": 0.6685830986859147,
      "error_lag_1d": 0.29572843036177976,
      "error_roll_mean_7d": 0.28014550630786805,
      "temperature_2m": 0.0504150639507108,
      "wind_speed_10m": -0.12263456691306077,
      "boundary_layer_height": -0.0018667605933993113,
      "relative_humidity_2m": -0.052669128436839754,
      "is_weekend": -1.2765446839015133,
      "es_domingo": 0.5179057593999646,
      "es_invierno_estricto": 0.28943631378687074
    }
  },
  "PM2.5_zbe_d1": {
    "rmse_v1": 3.2245,
    "rmse_v2": 3.1435,
    "improvement_pct": 2.51,
    "r2_v2": 0.5726,
    "coefficients": {
      "pred_v1": 0.7509941991297288,
      "error_lag_1d": 0.31476767347932516,
      "error_roll_mean_7d": 0.08083600921848218,
      "temperature_2m": 0.07481039622738822,
      "wind_speed_10m": -0.06013313500693037,
      "boundary_layer_height": -0.002367903804487867,
      "relative_humidity_2m": -0.009219951052016631,
      "is_weekend": -0.7001244227944821,
      "es_domingo": -0.05044631841185937,
      "es_invierno_estricto": 0.8231550943612854
    }
  },
  "PM2.5_out_d1": {
    "rmse_v1": 2.8036,
    "rmse_v2": 2.6508,
    "improvement_pct": 5.45,
    "r2_v2": 0.6035,
    "coefficients": {
      "pred_v1": 0.7628820232746142,
      "error_lag_1d": 0.3821115813182723,
      "error_roll_mean_7d": 0.2729672811051658,
      "temperature_2m": 0.005445518427164024,
      "wind_speed_10m": -0.07070661229581099,
      "boundary_layer_height": -0.001992588056377816,
      "relative_humidity_2m": -0.035348856684878,
      "is_weekend": -0.8636264852648994,
      "es_domingo": 0.17391469910866195,
      "es_invierno_estricto": 0.03388647797590971
    }
  },
  "ICA_zbe_d1": {
    "rmse_v1": 8.9079,
    "rmse_v2": 9.0051,
    "improvement_pct": -1.09,
    "r2_v2": 0.5041,
    "coefficients": {
      "pred_v1": 0.7801183255423648,
      "error_lag_1d": 0.29640446258653985,
      "error_roll_mean_7d": 0.0544627025845694,
      "temperature_2m": 0.16051607877858814,
      "wind_speed_10m": -0.11060192147821396,
      "boundary_layer_height": -0.004144003899069937,
      "relative_humidity_2m": -0.021135208314611183,
      "is_weekend": -2.482828259115746,
      "es_domingo": 0.796038923319338,
      "es_invierno_estricto": 2.3980796507481044
    }
  },
  "ICA_out_d1": {
    "rmse_v1": 6.7501,
    "rmse_v2": 6.3842,
    "improvement_pct": 5.42,
    "r2_v2": 0.5564,
    "coefficients": {
      "pred_v1": 0.7745679678197672,
      "error_lag_1d": 0.4229034866998097,
      "error_roll_mean_7d": 0.21564928477543605,
      "temperature_2m": -0.002112474892277378,
      "wind_speed_10m": -0.15232917177560235,
      "boundary_layer_height": -0.003240342368690023,
      "relative_humidity_2m": -0.0835436195314921,
      "is_weekend": -2.1791674233291682,
      "es_domingo": 1.4703362275211447,
      "es_invierno_estricto": 0.5089898852087559
    }
  }
}