{
  "NO2_zbe_d1": {
    "rmse_v1": 3.6897,
    "rmse_v2": 3.4297,
    "improvement_pct": 7.05,
    "r2_v2": 0.4703,
    "coefficients": {
      "pred_v1": 0.7608322427633438,
      "error_lag_1d": 0.3479214757599315,
      "error_roll_mean_7d": 0.4371170626989993,
      "temperature_2m": -0.12140165539036148,
      "wind_speed_10m": -0.01737361366297433,
      "boundary_layer_height": 0.0015309428755098478,
      "relative_humidity_2m": 0.004116511269483618,
      "is_weekend": -1.1970579675635578,
      "es_domingo": 1.1535666528679043,
      "es_invierno_estricto": 0.2547938366663335
    }
  },
  "NO2_out_d1": {
    "rmse_v1": 4.3733,
    "rmse_v2": 4.0257,
    "improvement_pct": 7.95,
    "r2_v2": 0.4745,
    "coefficients": {
      "pred_v1": 0.8849059321231346,
      "error_lag_1d": 0.36764579727616786,
      "error_roll_mean_7d": 0.2696959938232976,
      "temperature_2m": -0.10147871405917827,
      "wind_speed_10m": -0.08187939699446647,
      "boundary_layer_height": 0.0026837029847206436,
      "relative_humidity_2m": -0.0069376477490506175,
      "is_weekend": -1.2845342528175592,
      "es_domingo": 2.2697028145677827,
      "es_invierno_estricto": 0.8359021427565694
    }
  },
  "PM10_zbe_d1": {
    "rmse_v1": 6.6443,
    "rmse_v2": 6.4023,
    "improvement_pct": 3.64,
    "r2_v2": 0.4628,
    "coefficients": {
      "pred_v1": 0.7857389911934582,
      "error_lag_1d": 0.24316966528330072,
      "error_roll_mean_7d": -0.005544384900373148,
      "temperature_2m": 0.12958429426961396,
      "wind_speed_10m": -0.0626093749982102,
      "boundary_layer_height": -0.0019413511756668218,
      "relative_humidity_2m": -0.019320933506750636,
      "is_weekend": -1.26838233460243,
      "es_domingo": 0.672497978346407,
      "es_invierno_estricto": 1.892674349174521
    }
  },
  "PM10_out_d1": {
    "rmse_v1": 3.7355,
    "rmse_v2": 3.5858,
    "improvement_pct": 4.01,
    "r2_v2": 0.63,
    "coefficients": {
      "pred_v1": 0.8015248735474194,
      "error_lag_1d": 0.2698977524358525,
      "error_roll_mean_7d": 0.14914469197885283,
      "temperature_2m": 0.007660415478270779,
      "wind_speed_10m": -0.08725483352206483,
      "boundary_layer_height": -0.0017797487233576275,
      "relative_humidity_2m": -0.04515253326636477,
      "is_weekend": -1.0801449888507166,
      "es_domingo": 0.5035103931237432,
      "es_invierno_estricto": 0.4977498775686354
    }
  },
  "PM2.5_zbe_d1": {
    "rmse_v1": 3.3101,
    "rmse_v2": 3.2283,
    "improvement_pct": 2.47,
    "r2_v2": 0.5818,
    "coefficients": {
      "pred_v1": 0.6844460037277648,
      "error_lag_1d": 0.3515396344405967,
      "error_roll_mean_7d": 0.11393778978502253,
      "temperature_2m": 0.06636696549032427,
      "wind_speed_10m": -0.06963806286974512,
      "boundary_layer_height": -0.0026335169417818502,
      "relative_humidity_2m": -0.01746034721589685,
      "is_weekend": -0.637319059823663,
      "es_domingo": -0.12545404006177524,
      "es_invierno_estricto": 0.7026426758540916
    }
  },
  "PM2.5_out_d1": {
    "rmse_v1": 2.7134,
    "rmse_v2": 2.6216,
    "improvement_pct": 3.38,
    "r2_v2": 0.618,
    "coefficients": {
      "pred_v1": 0.7903608067013487,
      "error_lag_1d": 0.3933688805618688,
      "error_roll_mean_7d": 0.2250039724306375,
      "temperature_2m": -0.009589908829789402,
      "wind_speed_10m": -0.05529198303912257,
      "boundary_layer_height": -0.002194919294882008,
      "relative_humidity_2m": -0.03871901906491278,
      "is_weekend": -0.5128273699259626,
      "es_domingo": -0.14243959996862166,
      "es_invierno_estricto": 0.11116853974019762
    }
  },
  "ICA_zbe_d1": {
    "rmse_v1": 8.5859,
    "rmse_v2": 8.6903,
    "improvement_pct": -1.22,
    "r2_v2": 0.568,
    "coefficients": {
      "pred_v1": 0.7316449451485864,
      "error_lag_1d": 0.3335978832451227,
      "error_roll_mean_7d": 0.06098885597203174,
      "temperature_2m": 0.14734217325093454,
      "wind_speed_10m": -0.09131604106602849,
      "boundary_layer_height": -0.005727970474184323,
      "relative_humidity_2m": -0.04285123658519421,
      "is_weekend": -1.937418266879728,
      "es_domingo": 0.4935875785166643,
      "es_invierno_estricto": 2.1939915865998945
    }
  },
  "ICA_out_d1": {
    "rmse_v1": 6.8663,
    "rmse_v2": 6.689,
    "improvement_pct": 2.58,
    "r2_v2": 0.502,
    "coefficients": {
      "pred_v1": 0.849730610624603,
      "error_lag_1d": 0.405138257897736,
      "error_roll_mean_7d": 0.19483987435183375,
      "temperature_2m": -0.06342203994075968,
      "wind_speed_10m": -0.13046781017713743,
      "boundary_layer_height": -0.0035553829086038555,
      "relative_humidity_2m": -0.1157106560600569,
      "is_weekend": -1.6965967629831207,
      "es_domingo": 0.9771499691106263,
      "es_invierno_estricto": 0.7187612639223392
    }
  }
}