{
  "NO2_zbe_d1": {
    "rmse_v1": 3.1595,
    "rmse_v2": 2.2501,
    "improvement_pct": 28.78,
    "r2_v2": -0.045,
    "intercept": 5.9638,
    "coefficients": {
      "pred_v1": 0.8211268176561469,
      "error_lag_1d": 0.18111111924344792,
      "error_roll_mean_7d": 0.24350654112105344,
      "temperature_2m": -0.1870865328328243,
      "wind_speed_10m": -0.11585704046711823,
      "boundary_layer_height": 0.0021489443613270987,
      "relative_humidity_2m": -0.03585312977114343,
      "is_weekend": -0.6350752201665824,
      "es_domingo": 1.0923296410280021,
      "es_invierno_estricto": 0.8785780170059883
    }
  },
  "NO2_out_d1": {
    "rmse_v1": 2.7276,
    "rmse_v2": 2.5252,
    "improvement_pct": 7.42,
    "r2_v2": 0.4679,
    "intercept": 11.2327,
    "coefficients": {
      "pred_v1": 0.827925272642426,
      "error_lag_1d": 0.08527918708841492,
      "error_roll_mean_7d": 0.10016784186531008,
      "temperature_2m": -0.21277220413195339,
      "wind_speed_10m": -0.002221375296551275,
      "boundary_layer_height": 0.0014866015945477864,
      "relative_humidity_2m": -0.10907575475870374,
      "is_weekend": -1.0915257548498187,
      "es_domingo": 2.056311188083911,
      "es_invierno_estricto": 0.04701178235977598
    }
  },
  "PM10_zbe_d1": {
    "rmse_v1": 4.3078,
    "rmse_v2": 5.3526,
    "improvement_pct": -24.25,
    "r2_v2": 0.2108,
    "intercept": 3.5964,
    "coefficients": {
      "pred_v1": 1.2454467465274148,
      "error_lag_1d": -0.003915064446187252,
      "error_roll_mean_7d": 0.3149671266917048,
      "temperature_2m": -0.1885610210873591,
      "wind_speed_10m": -0.0445693147583581,
      "boundary_layer_height": 0.001033637544214989,
      "relative_humidity_2m": -0.04130924998597632,
      "is_weekend": -0.9028985779237464,
      "es_domingo": -0.27212683413610644,
      "es_invierno_estricto": 0.0788719491417314
    }
  },
  "PM10_out_d1": {
    "rmse_v1": 3.623,
    "rmse_v2": 3.9783,
    "improvement_pct": -9.8,
    "r2_v2": 0.294,
    "intercept": 0.0462,
    "coefficients": {
      "pred_v1": 0.9950116969639843,
      "error_lag_1d": 0.003264107496419652,
      "error_roll_mean_7d": -0.10820512487114577,
      "temperature_2m": -0.02944708750556761,
      "wind_speed_10m": -0.07053886767239906,
      "boundary_layer_height": 0.00017003688985139847,
      "relative_humidity_2m": 0.01026094638598444,
      "is_weekend": -0.6251755480814769,
      "es_domingo": 0.08449211051882807,
      "es_invierno_estricto": -1.1985218514641607
    }
  },
  "PM2.5_zbe_d1": {
    "rmse_v1": 2.2242,
    "rmse_v2": 2.3748,
    "improvement_pct": -6.77,
    "r2_v2": 0.5084,
    "intercept": 1.2577,
    "coefficients": {
      "pred_v1": 1.0952819747670146,
      "error_lag_1d": 0.05614586798757764,
      "error_roll_mean_7d": 0.0807691715940223,
      "temperature_2m": -0.07807525866388375,
      "wind_speed_10m": -0.027511662003638502,
      "boundary_layer_height": -0.0005898360528603232,
      "relative_humidity_2m": -0.006835231995373944,
      "is_weekend": -0.5508323103673033,
      "es_domingo": 0.1437750004244833,
      "es_invierno_estricto": 0.06178528497846106
    }
  },
  "PM2.5_out_d1": {
    "rmse_v1": 2.357,
    "rmse_v2": 2.5247,
    "improvement_pct": -7.11,
    "r2_v2": 0.3301,
    "intercept": 0.0207,
    "coefficients": {
      "pred_v1": 1.0122063957202652,
      "error_lag_1d": 0.031661188281869784,
      "error_roll_mean_7d": -0.08011085151773727,
      "temperature_2m": -0.024107037170117904,
      "wind_speed_10m": -0.02497340677976847,
      "boundary_layer_height": -6.261434555993962e-05,
      "relative_humidity_2m": 0.005479502472317235,
      "is_weekend": -0.8096238799249739,
      "es_domingo": 0.3454169055351228,
      "es_invierno_estricto": -0.45013557310700497
    }
  }
}