{
  "NO2_zbe_d1": {
    "rmse_v1": 2.9976,
    "rmse_v2": 1.9538,
    "improvement_pct": 34.82,
    "r2_v2": 0.2607,
    "intercept": 7.2876,
    "coefficients": {
      "pred_v1": 0.8468462886741314,
      "error_lag_1d": 0.18609661744548034,
      "error_roll_mean_7d": 0.24908836184252692,
      "temperature_2m": -0.20295766597789242,
      "wind_speed_10m": -0.09833182678261168,
      "boundary_layer_height": 0.001212799516531282,
      "relative_humidity_2m": -0.048402834747649816,
      "is_weekend": -0.5993218096954117,
      "es_domingo": 1.105793874608541,
      "es_invierno_estricto": 0.6315822340641828
    }
  },
  "NO2_out_d1": {
    "rmse_v1": 2.1846,
    "rmse_v2": 2.09,
    "improvement_pct": 4.33,
    "r2_v2": 0.3496,
    "intercept": 9.0591,
    "coefficients": {
      "pred_v1": 0.8106794317515457,
      "error_lag_1d": 0.06514998010977231,
      "error_roll_mean_7d": -0.0929993621308297,
      "temperature_2m": -0.2498929770457904,
      "wind_speed_10m": -0.000286180034091507,
      "boundary_layer_height": 0.0012208926543753205,
      "relative_humidity_2m": -0.0712148218651149,
      "is_weekend": -1.8504667486651316,
      "es_domingo": 2.686199658157056,
      "es_invierno_estricto": 0.485870861134831
    }
  },
  "PM10_zbe_d1": {
    "rmse_v1": 5.2742,
    "rmse_v2": 5.0415,
    "improvement_pct": 4.41,
    "r2_v2": 0.3993,
    "intercept": 0.2943,
    "coefficients": {
      "pred_v1": 1.2935380729555377,
      "error_lag_1d": -0.051172528463621296,
      "error_roll_mean_7d": 0.27717674432429523,
      "temperature_2m": -0.14400755541394347,
      "wind_speed_10m": -0.054035153213309935,
      "boundary_layer_height": 0.0018496952423777489,
      "relative_humidity_2m": -0.0165828168926121,
      "is_weekend": -0.7868127661599399,
      "es_domingo": -0.6065317651782595,
      "es_invierno_estricto": 0.10108191224173069
    }
  },
  "PM10_out_d1": {
    "rmse_v1": 3.1099,
    "rmse_v2": 3.1748,
    "improvement_pct": -2.09,
    "r2_v2": 0.4539,
    "intercept": -0.9231,
    "coefficients": {
      "pred_v1": 0.9989343228729806,
      "error_lag_1d": -0.003594384123455267,
      "error_roll_mean_7d": 0.04009350648747179,
      "temperature_2m": -0.011610459690186184,
      "wind_speed_10m": -0.10300425124439813,
      "boundary_layer_height": 0.0015344377641062208,
      "relative_humidity_2m": 0.017720166753412397,
      "is_weekend": -0.7899022080151574,
      "es_domingo": -0.019672312665624147,
      "es_invierno_estricto": -0.9800090753148056
    }
  },
  "PM2.5_zbe_d1": {
    "rmse_v1": 2.0791,
    "rmse_v2": 2.225,
    "improvement_pct": -7.02,
    "r2_v2": 0.6359,
    "intercept": -0.0813,
    "coefficients": {
      "pred_v1": 1.1069175512363811,
      "error_lag_1d": 0.09810248651033011,
      "error_roll_mean_7d": 0.07757189734820102,
      "temperature_2m": -0.06488713619068572,
      "wind_speed_10m": -0.07511214729198953,
      "boundary_layer_height": 0.0006882460490462687,
      "relative_humidity_2m": 0.0034092713335018275,
      "is_weekend": -0.48161979697863494,
      "es_domingo": 0.07011924589923473,
      "es_invierno_estricto": 0.30199955349784263
    }
  },
  "PM2.5_out_d1": {
    "rmse_v1": 1.9745,
    "rmse_v2": 1.972,
    "improvement_pct": 0.13,
    "r2_v2": 0.6645,
    "intercept": -1.5745,
    "coefficients": {
      "pred_v1": 1.0803425323911773,
      "error_lag_1d": 0.031851404313755986,
      "error_roll_mean_7d": -0.09457156618709228,
      "temperature_2m": 0.010317785664788873,
      "wind_speed_10m": -0.011340309434587597,
      "boundary_layer_height": 0.0002925216469399101,
      "relative_humidity_2m": 0.008939117659293838,
      "is_weekend": -0.9579169895728236,
      "es_domingo": 0.577952391542538,
      "es_invierno_estricto": -0.05576244590981854
    }
  }
}