{
  "NO2_zbe_d1": {
    "rmse_v1": 3.6898,
    "rmse_v2": 3.3706,
    "improvement_pct": 8.65,
    "r2_v2": 0.4704,
    "coefficients": {
      "pred_v1": 0.7807181124537511,
      "error_lag_1d": 0.3408478686754717,
      "error_roll_mean_7d": 0.44100466562284346,
      "temperature_2m": -0.11182077877496689,
      "wind_speed_10m": -0.02507427489853491,
      "boundary_layer_height": 0.0018394188982273213,
      "relative_humidity_2m": 0.006129593695677078,
      "is_weekend": -1.0349356894418413,
      "es_domingo": 1.2044125155646794,
      "es_invierno_estricto": 0.23479477381678118
    }
  },
  "NO2_out_d1": {
    "rmse_v1": 4.4885,
    "rmse_v2": 4.1682,
    "improvement_pct": 7.14,
    "r2_v2": 0.4133,
    "coefficients": {
      "pred_v1": 0.8375973002215169,
      "error_lag_1d": 0.38518770805299746,
      "error_roll_mean_7d": 0.2575370976254038,
      "temperature_2m": -0.14317746442435503,
      "wind_speed_10m": -0.09352295219237905,
      "boundary_layer_height": 0.0027447393716119256,
      "relative_humidity_2m": -0.004686771252307931,
      "is_weekend": -1.3183308481458103,
      "es_domingo": 2.559084919377686,
      "es_invierno_estricto": 0.7391248904641912
    }
  },
  "PM10_zbe_d1": {
    "rmse_v1": 6.5927,
    "rmse_v2": 6.3272,
    "improvement_pct": 4.03,
    "r2_v2": 0.4743,
    "coefficients": {
      "pred_v1": 0.8086831314003113,
      "error_lag_1d": 0.26647410136487837,
      "error_roll_mean_7d": -0.09152185816988845,
      "temperature_2m": 0.10313185854143557,
      "wind_speed_10m": -0.07058614657775476,
      "boundary_layer_height": -0.001789912856701,
      "relative_humidity_2m": -0.02463206401571362,
      "is_weekend": -1.2809825327310214,
      "es_domingo": 0.5876177853102801,
      "es_invierno_estricto": 2.081016965483411
    }
  },
  "PM10_out_d1": {
    "rmse_v1": 3.7899,
    "rmse_v2": 3.6274,
    "improvement_pct": 4.29,
    "r2_v2": 0.615,
    "coefficients": {
      "pred_v1": 0.7875823737600107,
      "error_lag_1d": 0.3020299736866956,
      "error_roll_mean_7d": 0.14204955575348527,
      "temperature_2m": 0.0129371189041345,
      "wind_speed_10m": -0.0976531499239805,
      "boundary_layer_height": -0.001701616086330171,
      "relative_humidity_2m": -0.04647365938401284,
      "is_weekend": -1.1127303256583048,
      "es_domingo": 0.4381955500981918,
      "es_invierno_estricto": 0.5072219295201449
    }
  },
  "PM2.5_zbe_d1": {
    "rmse_v1": 3.3963,
    "rmse_v2": 3.1758,
    "improvement_pct": 6.49,
    "r2_v2": 0.5909,
    "coefficients": {
      "pred_v1": 0.7130270281197999,
      "error_lag_1d": 0.36790022616104084,
      "error_roll_mean_7d": 0.06297545635125827,
      "temperature_2m": 0.06273299707086864,
      "wind_speed_10m": -0.07029663090876813,
      "boundary_layer_height": -0.002430401756498232,
      "relative_humidity_2m": -0.01669510351504385,
      "is_weekend": -0.5261749820069094,
      "es_domingo": -0.2071384263405906,
      "es_invierno_estricto": 0.7749455547764208
    }
  },
  "PM2.5_out_d1": {
    "rmse_v1": 2.7136,
    "rmse_v2": 2.6164,
    "improvement_pct": 3.58,
    "r2_v2": 0.6115,
    "coefficients": {
      "pred_v1": 0.8102426507799844,
      "error_lag_1d": 0.3751998257277634,
      "error_roll_mean_7d": 0.23662761590675715,
      "temperature_2m": -0.008788763951725863,
      "wind_speed_10m": -0.05994482741695944,
      "boundary_layer_height": -0.0020238841941173694,
      "relative_humidity_2m": -0.03591074348601724,
      "is_weekend": -0.5109933222201032,
      "es_domingo": -0.12854874310567718,
      "es_invierno_estricto": 0.1136868365749756
    }
  },
  "ICA_zbe_d1": {
    "rmse_v1": 8.632,
    "rmse_v2": 8.5841,
    "improvement_pct": 0.55,
    "r2_v2": 0.5771,
    "coefficients": {
      "pred_v1": 0.7645370488364007,
      "error_lag_1d": 0.33615404804074855,
      "error_roll_mean_7d": 0.031187849382981813,
      "temperature_2m": 0.1355294447439712,
      "wind_speed_10m": -0.09200507526143854,
      "boundary_layer_height": -0.005326184265618429,
      "relative_humidity_2m": -0.04175951027719462,
      "is_weekend": -1.711080458581566,
      "es_domingo": 0.4668083190291706,
      "es_invierno_estricto": 2.214337140967593
    }
  },
  "ICA_out_d1": {
    "rmse_v1": 6.8723,
    "rmse_v2": 6.5402,
    "improvement_pct": 4.83,
    "r2_v2": 0.5151,
    "coefficients": {
      "pred_v1": 0.8072727555612739,
      "error_lag_1d": 0.4113067077520998,
      "error_roll_mean_7d": 0.1893107849627973,
      "temperature_2m": -0.06344048685420466,
      "wind_speed_10m": -0.12988899955570415,
      "boundary_layer_height": -0.003899485549913511,
      "relative_humidity_2m": -0.11173938984460169,
      "is_weekend": -1.7362903744181748,
      "es_domingo": 1.0159231586934652,
      "es_invierno_estricto": 0.5621296094706261
    }
  }
}