{
  "NO2_zbe_d1": {
    "rmse_v1": 3.6897,
    "rmse_v2": 3.4334,
    "improvement_pct": 6.95,
    "r2_v2": 0.4692,
    "coefficients": {
      "pred_v1": 0.7673403826416089,
      "error_lag_1d": 0.34905660222990337,
      "error_roll_mean_7d": 0.43879850832398026,
      "temperature_2m": -0.1170988581284007,
      "wind_speed_10m": -0.017572043579724517,
      "boundary_layer_height": 0.0015666601449976089,
      "relative_humidity_2m": 0.00547764254863081,
      "is_weekend": -1.2325079199350752,
      "es_domingo": 1.1410805132798525,
      "es_invierno_estricto": 0.2523285632707295
    }
  },
  "NO2_out_d1": {
    "rmse_v1": 4.3733,
    "rmse_v2": 4.0261,
    "improvement_pct": 7.94,
    "r2_v2": 0.4743,
    "coefficients": {
      "pred_v1": 0.883037761185097,
      "error_lag_1d": 0.36957046327335513,
      "error_roll_mean_7d": 0.26817369958466175,
      "temperature_2m": -0.10261061643751664,
      "wind_speed_10m": -0.0817301218887983,
      "boundary_layer_height": 0.002666047592781679,
      "relative_humidity_2m": -0.006468564547956364,
      "is_weekend": -1.2693763516354286,
      "es_domingo": 2.2628805489263772,
      "es_invierno_estricto": 0.8300820003472309
    }
  },
  "PM10_zbe_d1": {
    "rmse_v1": 6.6443,
    "rmse_v2": 6.4238,
    "improvement_pct": 3.32,
    "r2_v2": 0.4592,
    "coefficients": {
      "pred_v1": 0.7830971850290881,
      "error_lag_1d": 0.2426993500425039,
      "error_roll_mean_7d": -0.010122267196352397,
      "temperature_2m": 0.1297195272707832,
      "wind_speed_10m": -0.0613771108731923,
      "boundary_layer_height": -0.001991048403994332,
      "relative_humidity_2m": -0.019977180529443514,
      "is_weekend": -1.270059242521592,
      "es_domingo": 0.7026952044338766,
      "es_invierno_estricto": 1.9003048543828762
    }
  },
  "PM10_out_d1": {
    "rmse_v1": 3.7355,
    "rmse_v2": 3.5858,
    "improvement_pct": 4.01,
    "r2_v2": 0.63,
    "coefficients": {
      "pred_v1": 0.8015248735474194,
      "error_lag_1d": 0.2698977524358527,
      "error_roll_mean_7d": 0.14914469197885277,
      "temperature_2m": 0.007660415478270764,
      "wind_speed_10m": -0.08725483352206476,
      "boundary_layer_height": -0.00177974872335763,
      "relative_humidity_2m": -0.04515253326636483,
      "is_weekend": -1.0801449888507166,
      "es_domingo": 0.5035103931237432,
      "es_invierno_estricto": 0.4977498775686352
    }
  },
  "PM2.5_zbe_d1": {
    "rmse_v1": 3.3101,
    "rmse_v2": 3.2299,
    "improvement_pct": 2.42,
    "r2_v2": 0.5814,
    "coefficients": {
      "pred_v1": 0.6773693900395469,
      "error_lag_1d": 0.35459383235722763,
      "error_roll_mean_7d": 0.12133508213204075,
      "temperature_2m": 0.06511308113436595,
      "wind_speed_10m": -0.06981586277397342,
      "boundary_layer_height": -0.002664936074496436,
      "relative_humidity_2m": -0.01765839814216358,
      "is_weekend": -0.6167681822540607,
      "es_domingo": -0.1450450947828244,
      "es_invierno_estricto": 0.6964793758117327
    }
  },
  "PM2.5_out_d1": {
    "rmse_v1": 2.7134,
    "rmse_v2": 2.6216,
    "improvement_pct": 3.38,
    "r2_v2": 0.618,
    "coefficients": {
      "pred_v1": 0.7903608067013486,
      "error_lag_1d": 0.393368880561869,
      "error_roll_mean_7d": 0.22500397243063738,
      "temperature_2m": -0.009589908829789379,
      "wind_speed_10m": -0.05529198303912257,
      "boundary_layer_height": -0.002194919294882008,
      "relative_humidity_2m": -0.03871901906491279,
      "is_weekend": -0.5128273699259625,
      "es_domingo": -0.14243959996862166,
      "es_invierno_estricto": 0.11116853974019779
    }
  },
  "ICA_zbe_d1": {
    "rmse_v1": 8.5859,
    "rmse_v2": 8.6881,
    "improvement_pct": -1.19,
    "r2_v2": 0.5682,
    "coefficients": {
      "pred_v1": 0.7321834743901402,
      "error_lag_1d": 0.33428070570664303,
      "error_roll_mean_7d": 0.06091998486207134,
      "temperature_2m": 0.14503122409678254,
      "wind_speed_10m": -0.09040553244485254,
      "boundary_layer_height": -0.005739333877711322,
      "relative_humidity_2m": -0.044463330695470316,
      "is_weekend": -1.9510290567017796,
      "es_domingo": 0.5535502165501721,
      "es_invierno_estricto": 2.193060276290703
    }
  },
  "ICA_out_d1": {
    "rmse_v1": 6.8663,
    "rmse_v2": 6.689,
    "improvement_pct": 2.58,
    "r2_v2": 0.502,
    "coefficients": {
      "pred_v1": 0.849730610624603,
      "error_lag_1d": 0.405138257897736,
      "error_roll_mean_7d": 0.19483987435183375,
      "temperature_2m": -0.06342203994075968,
      "wind_speed_10m": -0.13046781017713743,
      "boundary_layer_height": -0.0035553829086038555,
      "relative_humidity_2m": -0.1157106560600569,
      "is_weekend": -1.6965967629831207,
      "es_domingo": 0.9771499691106263,
      "es_invierno_estricto": 0.7187612639223392
    }
  }
}