{
  "NO2_zbe_d1": {
    "rmse_v1": 3.0491,
    "rmse_v2": 2.1006,
    "improvement_pct": 31.11,
    "r2_v2": 0.1454,
    "intercept": 5.8341,
    "coefficients": {
      "pred_v1": 0.8364112990259207,
      "error_lag_1d": 0.15665440837498593,
      "error_roll_mean_7d": 0.32576826232669,
      "temperature_2m": -0.16784506932939036,
      "wind_speed_10m": -0.10495179485754454,
      "boundary_layer_height": 0.0018687967531056556,
      "relative_humidity_2m": -0.03695748816312774,
      "is_weekend": -0.8177109140160232,
      "es_domingo": 1.316855465180788,
      "es_invierno_estricto": 0.7906457278197125
    }
  },
  "NO2_out_d1": {
    "rmse_v1": 2.7825,
    "rmse_v2": 2.7309,
    "improvement_pct": 1.85,
    "r2_v2": 0.5016,
    "intercept": 11.3596,
    "coefficients": {
      "pred_v1": 0.7945522042739125,
      "error_lag_1d": 0.05717489144348895,
      "error_roll_mean_7d": 0.10382323789233448,
      "temperature_2m": -0.21482005873014567,
      "wind_speed_10m": -0.030421027103484693,
      "boundary_layer_height": 0.0018445828992147287,
      "relative_humidity_2m": -0.10430703946546649,
      "is_weekend": -1.5091880731782819,
      "es_domingo": 2.657091132057722,
      "es_invierno_estricto": 0.900886870777933
    }
  },
  "PM10_zbe_d1": {
    "rmse_v1": 4.3581,
    "rmse_v2": 5.414,
    "improvement_pct": -24.23,
    "r2_v2": 0.2131,
    "intercept": 5.6699,
    "coefficients": {
      "pred_v1": 1.2128121183312246,
      "error_lag_1d": 0.0012868768015072125,
      "error_roll_mean_7d": 0.33821200723994005,
      "temperature_2m": -0.19299994021106237,
      "wind_speed_10m": 0.008663639405963836,
      "boundary_layer_height": -0.0001764476265556619,
      "relative_humidity_2m": -0.06352266018249006,
      "is_weekend": -0.9164055973356161,
      "es_domingo": -0.42840963282806277,
      "es_invierno_estricto": -0.09514818622442728
    }
  },
  "PM10_out_d1": {
    "rmse_v1": 3.1871,
    "rmse_v2": 3.5038,
    "improvement_pct": -9.94,
    "r2_v2": 0.4532,
    "intercept": 0.3432,
    "coefficients": {
      "pred_v1": 1.1483440021421594,
      "error_lag_1d": -0.04615273162024496,
      "error_roll_mean_7d": -0.07898564736973139,
      "temperature_2m": -0.06894507475842175,
      "wind_speed_10m": -0.05064178519631123,
      "boundary_layer_height": 0.0005363045763642461,
      "relative_humidity_2m": -0.014056172820300038,
      "is_weekend": -0.9427658663647316,
      "es_domingo": 0.5144236380593322,
      "es_invierno_estricto": -0.828620216028285
    }
  },
  "PM2.5_zbe_d1": {
    "rmse_v1": 2.3385,
    "rmse_v2": 2.4116,
    "improvement_pct": -3.13,
    "r2_v2": 0.4979,
    "intercept": 0.3667,
    "coefficients": {
      "pred_v1": 1.139411443430739,
      "error_lag_1d": 0.05139615298934391,
      "error_roll_mean_7d": -0.008603823335062941,
      "temperature_2m": -0.09568274147126393,
      "wind_speed_10m": -0.009796859085299219,
      "boundary_layer_height": -0.0005100904645619655,
      "relative_humidity_2m": 0.0016329234149458,
      "is_weekend": -0.5514115584139013,
      "es_domingo": 0.27267674813045334,
      "es_invierno_estricto": -0.1922884096053677
    }
  },
  "PM2.5_out_d1": {
    "rmse_v1": 2.2731,
    "rmse_v2": 2.2872,
    "improvement_pct": -0.62,
    "r2_v2": 0.4547,
    "intercept": -1.0237,
    "coefficients": {
      "pred_v1": 1.12915061113459,
      "error_lag_1d": -0.05145571476150246,
      "error_roll_mean_7d": -0.11329390846043541,
      "temperature_2m": -0.02866361985994172,
      "wind_speed_10m": -0.0038178405967978215,
      "boundary_layer_height": -0.0002621114131954759,
      "relative_humidity_2m": 0.005069911504452573,
      "is_weekend": -0.9816947669512591,
      "es_domingo": 0.5709699257110492,
      "es_invierno_estricto": -0.19851739210945868
    }
  }
}