{
  "NO2_zbe_d1": {
    "rmse_v1": 3.1103,
    "rmse_v2": 2.0946,
    "improvement_pct": 32.65,
    "r2_v2": 0.1899,
    "intercept": 2.8634,
    "coefficients": {
      "pred_v1": 0.9366720782331875,
      "error_lag_1d": 0.292875444174432,
      "error_roll_mean_7d": 0.2346963512697237,
      "temperature_2m": -0.10829631417471731,
      "wind_speed_10m": -0.06253353229217788,
      "boundary_layer_height": 0.0012619027987052914,
      "relative_humidity_2m": -0.02021237887221856,
      "is_weekend": -0.4844670207178266,
      "es_domingo": 1.3285943324319043,
      "es_invierno_estricto": 0.2367248567931297
    }
  },
  "NO2_out_d1": {
    "rmse_v1": 1.9995,
    "rmse_v2": 1.8402,
    "improvement_pct": 7.97,
    "r2_v2": 0.5318,
    "intercept": 9.4318,
    "coefficients": {
      "pred_v1": 0.7732971226565344,
      "error_lag_1d": 0.11589356967325237,
      "error_roll_mean_7d": 0.2081422601279193,
      "temperature_2m": -0.24406466566583027,
      "wind_speed_10m": 0.04875606233861443,
      "boundary_layer_height": 0.0005677045447722804,
      "relative_humidity_2m": -0.06720127424162833,
      "is_weekend": -1.4512373090011634,
      "es_domingo": 2.2654780639415426,
      "es_invierno_estricto": -0.0990476720032205
    }
  },
  "PM10_zbe_d1": {
    "rmse_v1": 5.5053,
    "rmse_v2": 4.9958,
    "improvement_pct": 9.25,
    "r2_v2": 0.4034,
    "intercept": 7.955,
    "coefficients": {
      "pred_v1": 0.9594679040845908,
      "error_lag_1d": 0.26980812608663063,
      "error_roll_mean_7d": 0.3270561352798309,
      "temperature_2m": -0.04914257454845859,
      "wind_speed_10m": -0.17394359951322522,
      "boundary_layer_height": 0.0019482736287075744,
      "relative_humidity_2m": -0.06938567997239543,
      "is_weekend": -0.8224701979339132,
      "es_domingo": -0.20623997625101573,
      "es_invierno_estricto": 0.6446071800507711
    }
  },
  "PM10_out_d1": {
    "rmse_v1": 3.0534,
    "rmse_v2": 2.9923,
    "improvement_pct": 2.0,
    "r2_v2": 0.5,
    "intercept": 2.4243,
    "coefficients": {
      "pred_v1": 0.7832069925108064,
      "error_lag_1d": 0.27126107360168106,
      "error_roll_mean_7d": 0.08661110879693107,
      "temperature_2m": 0.03785405362808413,
      "wind_speed_10m": -0.16531556169928271,
      "boundary_layer_height": 0.0017024030147765458,
      "relative_humidity_2m": 0.0018191732036715168,
      "is_weekend": -0.9925918847939252,
      "es_domingo": 0.5084124660512591,
      "es_invierno_estricto": -0.34029635248330464
    }
  },
  "PM2.5_zbe_d1": {
    "rmse_v1": 2.4676,
    "rmse_v2": 2.5457,
    "improvement_pct": -3.17,
    "r2_v2": 0.5193,
    "intercept": 2.9461,
    "coefficients": {
      "pred_v1": 0.9058349318479809,
      "error_lag_1d": 0.4052037407704289,
      "error_roll_mean_7d": 0.061596372017189926,
      "temperature_2m": -0.051368743670654665,
      "wind_speed_10m": -0.09324110837394413,
      "boundary_layer_height": 0.0002972939027365805,
      "relative_humidity_2m": -0.010882010683180586,
      "is_weekend": -0.3890555723882141,
      "es_domingo": -0.10529946693722608,
      "es_invierno_estricto": 0.03216800565252468
    }
  },
  "PM2.5_out_d1": {
    "rmse_v1": 2.2162,
    "rmse_v2": 2.0017,
    "improvement_pct": 9.68,
    "r2_v2": 0.6501,
    "intercept": 1.1656,
    "coefficients": {
      "pred_v1": 0.8840367755550692,
      "error_lag_1d": 0.38120938205308785,
      "error_roll_mean_7d": 0.06902736087047306,
      "temperature_2m": -0.008012052680548627,
      "wind_speed_10m": -0.05478314448360462,
      "boundary_layer_height": 0.00016392916776859377,
      "relative_humidity_2m": 0.0035634962445295843,
      "is_weekend": -0.9336876416192503,
      "es_domingo": 0.5865564016954835,
      "es_invierno_estricto": -0.2087385975399411
    }
  }
}