{
  "NO2_zbe_d1": {
    "rmse_v1": 2.7506,
    "rmse_v2": 1.9988,
    "improvement_pct": 27.33,
    "r2_v2": 0.2236,
    "intercept": 6.6694,
    "coefficients": {
      "pred_v1": 0.8715244105080902,
      "error_lag_1d": 0.1739197012810504,
      "error_roll_mean_7d": 0.18110134196604882,
      "temperature_2m": -0.1824921322279977,
      "wind_speed_10m": -0.09637328504095699,
      "boundary_layer_height": 0.001205531011021833,
      "relative_humidity_2m": -0.047953391632055,
      "is_weekend": -0.5403410051600894,
      "es_domingo": 1.1591180394649152,
      "es_invierno_estricto": 0.43774187921595337
    }
  },
  "NO2_out_d1": {
    "rmse_v1": 2.1632,
    "rmse_v2": 2.0032,
    "improvement_pct": 7.4,
    "r2_v2": 0.4028,
    "intercept": 8.6751,
    "coefficients": {
      "pred_v1": 0.8309646104165244,
      "error_lag_1d": 0.07762779190812423,
      "error_roll_mean_7d": -0.005366089992164122,
      "temperature_2m": -0.21946348472330188,
      "wind_speed_10m": -0.005513064103156351,
      "boundary_layer_height": 0.001519447294389111,
      "relative_humidity_2m": -0.0741368832762952,
      "is_weekend": -1.6443630263459914,
      "es_domingo": 2.433018965583441,
      "es_invierno_estricto": 0.19961463986511466
    }
  },
  "PM10_zbe_d1": {
    "rmse_v1": 5.2387,
    "rmse_v2": 5.0482,
    "improvement_pct": 3.64,
    "r2_v2": 0.3974,
    "intercept": 1.4071,
    "coefficients": {
      "pred_v1": 1.2736602935317693,
      "error_lag_1d": -0.040193338470807895,
      "error_roll_mean_7d": 0.25876813434657486,
      "temperature_2m": -0.14715354306535222,
      "wind_speed_10m": -0.04880617116837274,
      "boundary_layer_height": 0.0013627168739274882,
      "relative_humidity_2m": -0.02506350326209144,
      "is_weekend": -0.8874956104900114,
      "es_domingo": -0.05990141434598716,
      "es_invierno_estricto": -0.22282389948446632
    }
  },
  "PM10_out_d1": {
    "rmse_v1": 2.9754,
    "rmse_v2": 3.0012,
    "improvement_pct": -0.87,
    "r2_v2": 0.5119,
    "intercept": -1.4806,
    "coefficients": {
      "pred_v1": 1.0514360085061485,
      "error_lag_1d": 0.00038146198598866575,
      "error_roll_mean_7d": -0.1263337257147844,
      "temperature_2m": -0.02911325104990173,
      "wind_speed_10m": -0.07007419488748375,
      "boundary_layer_height": 0.0011052447111083953,
      "relative_humidity_2m": 0.018789958172726943,
      "is_weekend": -0.899785796175169,
      "es_domingo": 0.15171239172772577,
      "es_invierno_estricto": -1.1453376658686738
    }
  },
  "PM2.5_zbe_d1": {
    "rmse_v1": 2.1171,
    "rmse_v2": 2.2866,
    "improvement_pct": -8.01,
    "r2_v2": 0.6154,
    "intercept": -1.2461,
    "coefficients": {
      "pred_v1": 1.1518767660508893,
      "error_lag_1d": 0.08702695173446928,
      "error_roll_mean_7d": 0.03481641871747597,
      "temperature_2m": -0.04938927291452612,
      "wind_speed_10m": -0.048369190058797695,
      "boundary_layer_height": 0.000665327078413315,
      "relative_humidity_2m": 0.009075193464845048,
      "is_weekend": -0.400431589944363,
      "es_domingo": 0.0955261885735019,
      "es_invierno_estricto": 0.23095830514513743
    }
  },
  "PM2.5_out_d1": {
    "rmse_v1": 2.0175,
    "rmse_v2": 2.0193,
    "improvement_pct": -0.09,
    "r2_v2": 0.6482,
    "intercept": -2.5709,
    "coefficients": {
      "pred_v1": 1.0820430589927892,
      "error_lag_1d": 0.023849327567897996,
      "error_roll_mean_7d": -0.10551710220757977,
      "temperature_2m": 0.01617577313590308,
      "wind_speed_10m": -0.01708135081202995,
      "boundary_layer_height": 0.0004556824086495684,
      "relative_humidity_2m": 0.020243511020649033,
      "is_weekend": -1.0220451441139873,
      "es_domingo": 0.5464359961108551,
      "es_invierno_estricto": 0.00884198603453165
    }
  }
}