{
  "NO2_zbe_d1": {
    "rmse_v1": 3.0618,
    "rmse_v2": 2.4496,
    "improvement_pct": 20.0,
    "r2_v2": -0.1902,
    "intercept": 3.5999,
    "coefficients": {
      "pred_v1": 0.9468399649264215,
      "error_lag_1d": 0.19164328232841296,
      "error_roll_mean_7d": 0.17470296512751968,
      "temperature_2m": -0.12903513804166483,
      "wind_speed_10m": -0.08020835695637256,
      "boundary_layer_height": 0.000811554384488501,
      "relative_humidity_2m": -0.024306790187497426,
      "is_weekend": -0.3916514606954038,
      "es_domingo": 0.9371207077530171,
      "es_invierno_estricto": 0.304075974679493
    }
  },
  "NO2_out_d1": {
    "rmse_v1": 1.6845,
    "rmse_v2": 1.6783,
    "improvement_pct": 0.37,
    "r2_v2": 0.5864,
    "intercept": 9.718,
    "coefficients": {
      "pred_v1": 0.791916065126037,
      "error_lag_1d": 0.14492550249389446,
      "error_roll_mean_7d": 0.10214570333372841,
      "temperature_2m": -0.2412817277636398,
      "wind_speed_10m": 0.047319284253127036,
      "boundary_layer_height": 0.0005877794390584315,
      "relative_humidity_2m": -0.07337014769435383,
      "is_weekend": -1.400672500657351,
      "es_domingo": 1.971102326278336,
      "es_invierno_estricto": -0.34914521520742364
    }
  },
  "PM10_zbe_d1": {
    "rmse_v1": 5.465,
    "rmse_v2": 5.1352,
    "improvement_pct": 6.03,
    "r2_v2": 0.3713,
    "intercept": 4.8266,
    "coefficients": {
      "pred_v1": 1.1750370912307726,
      "error_lag_1d": 0.021523280946342944,
      "error_roll_mean_7d": 0.3607280581058255,
      "temperature_2m": -0.12072029778242023,
      "wind_speed_10m": -0.09591713965716031,
      "boundary_layer_height": 0.0018452191701182734,
      "relative_humidity_2m": -0.05679789597735993,
      "is_weekend": -0.9465027147524961,
      "es_domingo": -0.14089067188117052,
      "es_invierno_estricto": 0.4529218098554207
    }
  },
  "PM10_out_d1": {
    "rmse_v1": 3.228,
    "rmse_v2": 3.2025,
    "improvement_pct": 0.79,
    "r2_v2": 0.4434,
    "intercept": 0.8756,
    "coefficients": {
      "pred_v1": 0.8581774630693928,
      "error_lag_1d": 0.05929663981746045,
      "error_roll_mean_7d": 0.09958984829270814,
      "temperature_2m": 0.018996524967358364,
      "wind_speed_10m": -0.17058538946086896,
      "boundary_layer_height": 0.002005317440606014,
      "relative_humidity_2m": 0.012421143629763483,
      "is_weekend": -0.9642566332356947,
      "es_domingo": 0.36155583161521165,
      "es_invierno_estricto": -0.41266708987089934
    }
  },
  "PM2.5_zbe_d1": {
    "rmse_v1": 2.5431,
    "rmse_v2": 2.7241,
    "improvement_pct": -7.12,
    "r2_v2": 0.4593,
    "intercept": -0.5331,
    "coefficients": {
      "pred_v1": 1.0852020846310226,
      "error_lag_1d": 0.08382817418098594,
      "error_roll_mean_7d": 0.026214062720501842,
      "temperature_2m": -0.07720946077873145,
      "wind_speed_10m": -0.04930676802987012,
      "boundary_layer_height": 0.0001472636789136567,
      "relative_humidity_2m": 0.014096737791576433,
      "is_weekend": -0.27613932220062953,
      "es_domingo": -0.15407217802525314,
      "es_invierno_estricto": 0.15534095360814396
    }
  },
  "PM2.5_out_d1": {
    "rmse_v1": 2.4233,
    "rmse_v2": 2.3527,
    "improvement_pct": 2.91,
    "r2_v2": 0.5248,
    "intercept": -2.135,
    "coefficients": {
      "pred_v1": 0.9902558076847984,
      "error_lag_1d": 0.08538925461968637,
      "error_roll_mean_7d": 0.053661962880728525,
      "temperature_2m": 0.00536131562641277,
      "wind_speed_10m": -0.03289839668463922,
      "boundary_layer_height": 0.0004621641183306448,
      "relative_humidity_2m": 0.026581218023461195,
      "is_weekend": -0.8331758527265228,
      "es_domingo": 0.31716076071495575,
      "es_invierno_estricto": -0.0149489460412129
    }
  }
}